player_id,position,draft_year_24,talent_prior_fppg_24,rookie_actual_fppg_24,talent_prior_source_24
00-0030533,QB,2013,0,1.2666666666666666,position_prior
00-0030394,QB,2013,0,0,position_prior
00-0030520,QB,2013,0,12.616923076923076,position_prior
00-0030524,QB,2013,0,0,position_prior
00-0030526,QB,2013,0,13.547999999999998,position_prior
00-0030586,QB,2013,0,0,position_prior
00-0030569,QB,2013,0,0,position_prior
00-0030565,QB,2013,0,12.515,position_prior
00-0030292,QB,2013,0,0,position_prior
00-0030568,QB,2013,0,0,position_prior
00-0030522,RB,2013,0,6.275,position_prior
00-0030465,RB,2013,0,0.6000000000000001,position_prior
00-0030496,RB,2013,0,14.953846153846154,position_prior
00-0030456,RB,2013,0,12.18125,position_prior
00-0030112,RB,2013,0,1.55,position_prior
00-0030288,RB,2013,0,0,position_prior
00-0030128,RB,2013,0,0.6363636363636364,position_prior
00-0030280,RB,2013,0,3.7,position_prior
00-0030287,RB,2013,0,9.72,position_prior
00-0030078,RB,2013,0,2.8142857142857145,position_prior
00-0030433,RB,2013,0,1.05,position_prior
00-0030391,RB,2013,0,6.1257142857142854,position_prior
00-0030415,RB,2013,0,0,position_prior
00-0029892,RB,2013,0,0,position_prior
00-0030485,RB,2013,0,15,position_prior
00-0030497,RB,2013,0,0,position_prior
00-0030432,RB,2013,0,2.6333333333333333,position_prior
00-0030513,RB,2013,0,0,position_prior
00-0030578,RB,2013,0,7.95,position_prior
00-0030388,RB,2013,0,5.500000000000001,position_prior
00-0030107,RB,2013,0,1.0916666666666666,position_prior
00-0030547,RB,2013,0,0.18571428571428575,position_prior
00-0030536,RB,2013,0,13.107692307692307,position_prior
00-0030282,RB,2013,0,1.8833333333333335,position_prior
00-0030404,RB,2013,0,0,position_prior
00-0030414,RB,2013,0,1,position_prior
00-0030117,RB,2013,0,0,position_prior
00-0030279,WR,2013,0,12.540000000000001,position_prior
00-0030525,WR,2013,0,8.223076923076924,position_prior
00-0030532,WR,2013,0,3.6727272727272733,position_prior
00-0030105,WR,2013,0,0,position_prior
00-0030474,WR,2013,0,2.766666666666667,position_prior
00-0030466,WR,2013,0,0,position_prior
00-0030516,WR,2013,0,1.85,position_prior
00-0030120,WR,2013,0,0,position_prior
00-0030540,WR,2013,0,8.581818181818182,position_prior
00-0030116,WR,2013,0,0,position_prior
00-0030095,WR,2013,0,0,position_prior
00-0030068,WR,2013,0,4.675,position_prior
00-0030290,WR,2013,0,0,position_prior
00-0030077,WR,2013,0,0,position_prior
00-0031854,WR,2013,0,0,position_prior
00-0030564,WR,2013,0,7.3875,position_prior
00-0030521,WR,2013,0,5.261538461538462,position_prior
00-0030113,WR,2013,0,0,position_prior
00-0030091,WR,2013,0,0,position_prior
00-0029896,WR,2013,0,0,position_prior
00-0030450,WR,2013,0,2.5,position_prior
00-0030550,WR,2013,0,5.676000000000001,position_prior
00-0030085,WR,2013,0,6.9437500000000005,position_prior
00-0030460,WR,2013,0,1.0444444444444445,position_prior
00-0030542,WR,2013,0,8.4,position_prior
00-0030047,WR,2013,0,0.7666666666666666,position_prior
00-0030431,WR,2013,0,7.021428571428572,position_prior
WOO568269,WR,2013,0,0,position_prior
00-0030129,TE,2013,0,0.9,position_prior
00-0030549,TE,2013,0,5.066666666666666,position_prior
00-0030061,TE,2013,0,5.926666666666667,position_prior
00-0030544,TE,2013,0,3.322222222222222,position_prior
00-0030049,TE,2013,0,6.9,position_prior
00-0030108,TE,2013,0,3.627272727272728,position_prior
00-0030291,TE,2013,0,0,position_prior
00-0030512,TE,2013,0,1.85,position_prior
00-0030506,TE,2013,0,0,position_prior
00-0030470,TE,2013,0,1.59,position_prior
00-0030472,TE,2013,0,10.244444444444445,position_prior
00-0030514,TE,2013,0,5.23125,position_prior
00-0030422,TE,2013,0,1.7428571428571427,position_prior
00-0030443,TE,2013,0,2.3,position_prior
00-0030110,TE,2013,0,0,position_prior
00-0030089,TE,2013,0,3.3230769230769233,position_prior
00-0031407,QB,2014,3.994658974358974,11.872857142857143,position_prior
00-0031237,QB,2014,3.994658974358974,13.512307692307692,position_prior
00-0031280,QB,2014,3.994658974358974,12.25,position_prior
00-0031076,QB,2014,3.994658974358974,0,position_prior
00-0031345,QB,2014,3.994658974358974,2.4360000000000004,position_prior
00-0031395,QB,2014,3.994658974358974,0,position_prior
00-0031409,QB,2014,3.994658974358974,2.975,position_prior
00-0031288,QB,2014,3.994658974358974,0,position_prior
00-0031266,QB,2014,3.994658974358974,10.69714285714286,position_prior
00-0031287,QB,2014,3.994658974358974,0,position_prior
00-0031064,QB,2014,3.994658974358974,0.24,position_prior
00-0030998,QB,2014,3.994658974358974,0,position_prior
00-0031392,RB,2014,3.998451841368508,0.9800000000000001,position_prior
00-0031075,RB,2014,3.998451841368508,5.6000000000000005,position_prior
00-0031057,RB,2014,3.998451841368508,2.1818181818181817,position_prior
00-0031285,RB,2014,3.998451841368508,4.51875,position_prior
00-0031190,RB,2014,3.998451841368508,0,position_prior
00-0030999,RB,2014,3.998451841368508,2.75,position_prior
00-0031301,RB,2014,3.998451841368508,12.3375,position_prior
00-0031045,RB,2014,3.998451841368508,4.864285714285715,position_prior
00-0031243,RB,2014,3.998451841368508,4.140000000000001,position_prior
00-0031391,RB,2014,3.998451841368508,10.608333333333334,position_prior
00-0031376,RB,2014,3.998451841368508,7.345454545454547,position_prior
00-0031271,RB,2014,3.998451841368508,0,position_prior
00-0031085,RB,2014,3.998451841368508,0.4142857142857143,position_prior
00-0031413,RB,2014,3.998451841368508,5.45,position_prior
00-0031078,RB,2014,3.998451841368508,0,position_prior
00-0031390,RB,2014,3.998451841368508,6.375,position_prior
00-0031091,RB,2014,3.998451841368508,0,position_prior
00-0031066,RB,2014,3.998451841368508,5.550000000000001,position_prior
00-0031375,RB,2014,3.998451841368508,7.6571428571428575,position_prior
00-0031062,RB,2014,3.998451841368508,2.866666666666667,position_prior
00-0031055,RB,2014,3.998451841368508,8.506250000000001,position_prior
00-0031021,WR,2014,3.1182363281559713,0,position_prior
00-0031381,WR,2014,3.1182363281559713,5.828571428571428,position_prior
00-0031235,WR,2014,3.1182363281559713,20.958333333333332,position_prior
00-0031359,WR,2014,3.1182363281559713,11.95625,position_prior
00-0031051,WR,2014,3.1182363281559713,7.6875,position_prior
00-0031373,WR,2014,3.1182363281559713,11.71,position_prior
00-0031025,WR,2014,3.1182363281559713,4.925000000000001,position_prior
00-0031236,WR,2014,3.1182363281559713,11.28,position_prior
00-0031326,WR,2014,3.1182363281559713,2.3076923076923075,position_prior
00-0031023,WR,2014,3.1182363281559713,0,position_prior
00-0031408,WR,2014,3.1182363281559713,14.073333333333334,position_prior
00-0031056,WR,2014,3.1182363281559713,0,position_prior
00-0031068,WR,2014,3.1182363281559713,1.7166666666666668,position_prior
00-0031315,WR,2014,3.1182363281559713,0,position_prior
00-0031187,WR,2014,3.1182363281559713,2.466666666666667,position_prior
00-0030990,WR,2014,3.1182363281559713,1.2083333333333333,position_prior
00-0031001,WR,2014,3.1182363281559713,2.6,position_prior
00-0031189,WR,2014,3.1182363281559713,0,position_prior
00-0031382,WR,2014,3.1182363281559713,9.2125,position_prior
00-0031344,WR,2014,3.1182363281559713,0.8250000000000001,position_prior
00-0031431,WR,2014,3.1182363281559713,5.633333333333333,position_prior
00-0031339,WR,2014,3.1182363281559713,5.721428571428572,position_prior
00-0031327,WR,2014,3.1182363281559713,2.45,position_prior
00-0031268,WR,2014,3.1182363281559713,0,position_prior
00-0031002,WR,2014,3.1182363281559713,0,position_prior
00-0013688,WR,2014,3.1182363281559713,0,position_prior
00-0031257,WR,2014,3.1182363281559713,3.966666666666667,position_prior
00-0031428,WR,2014,3.1182363281559713,9.080000000000002,position_prior
00-0031053,WR,2014,3.1182363281559713,0.15000000000000002,position_prior
00-0031310,WR,2014,3.1182363281559713,0.5599999999999999,position_prior
00-0031060,WR,2014,3.1182363281559713,3.7000000000000006,position_prior
00-0031325,WR,2014,3.1182363281559713,10.46875,position_prior
00-0031291,WR,2014,3.1182363281559713,1.3272727272727272,position_prior
00-0031042,TE,2014,3.2515285495754247,4.678571428571429,position_prior
00-0031194,TE,2014,3.2515285495754247,0,position_prior
00-0031088,TE,2014,3.2515285495754247,0,position_prior
00-0031387,TE,2014,3.2515285495754247,3.608333333333333,position_prior
00-0031302,TE,2014,3.2515285495754247,1.35,position_prior
00-0030992,TE,2014,3.2515285495754247,2.566666666666667,position_prior
00-0031286,TE,2014,3.2515285495754247,0,position_prior
00-0031299,TE,2014,3.2515285495754247,10.54375,position_prior
00-0031044,TE,2014,3.2515285495754247,1.3250000000000002,position_prior
00-0031384,TE,2014,3.2515285495754247,3.423076923076923,position_prior
00-0031418,TE,2014,3.2515285495754247,4.955555555555556,position_prior
00-0031260,TE,2014,3.2515285495754247,3.62,position_prior
00-0032148,QB,2015,4.269540792540792,0,position_prior
00-0031589,QB,2015,4.269540792540792,0,position_prior
00-0032245,QB,2015,4.269540792540792,1.24,position_prior
00-0032268,QB,2015,4.269540792540792,18.043333333333333,position_prior
00-0031568,QB,2015,4.269540792540792,0,position_prior
00-0032156,QB,2015,4.269540792540792,-0.1,position_prior
00-0031503,QB,2015,4.269540792540792,17.18625,position_prior
00-0032104,RB,2015,4.168826806873682,6.53125,position_prior
00-0031590,RB,2015,4.168826806873682,4.133333333333334,position_prior
00-0031577,RB,2015,4.168826806873682,7.700000000000001,position_prior
00-0031599,RB,2015,4.168826806873682,5.433333333333334,position_prior
00-0031595,RB,2015,4.168826806873682,1.31,position_prior
00-0032133,RB,2015,4.168826806873682,2.985714285714286,position_prior
00-0032058,RB,2015,4.168826806873682,3.466666666666667,position_prior
00-0032063,RB,2015,4.168826806873682,2.62,position_prior
00-0032130,RB,2015,4.168826806873682,1.6833333333333336,position_prior
00-0032144,RB,2015,4.168826806873682,6.557142857142858,position_prior
00-0032241,RB,2015,4.168826806873682,15.223076923076926,position_prior
00-0031625,RB,2015,4.168826806873682,0,position_prior
00-0032122,RB,2015,4.168826806873682,2.5500000000000003,position_prior
00-0032187,RB,2015,4.168826806873682,12.1125,position_prior
00-0032068,RB,2015,4.168826806873682,0.7,position_prior
00-0032257,RB,2015,4.168826806873682,8.3625,position_prior
00-0031939,RB,2015,4.168826806873682,8.069230769230769,position_prior
00-0031569,RB,2015,4.168826806873682,8.973333333333333,position_prior
00-0031959,RB,2015,4.168826806873682,0,position_prior
00-0031612,RB,2015,4.168826806873682,0.45999999999999996,position_prior
00-0031611,RB,2015,4.168826806873682,1.6400000000000001,position_prior
00-0032152,RB,2015,4.168826806873682,10.981818181818182,position_prior
00-0032209,RB,2015,4.168826806873682,11.491666666666667,position_prior
00-0031549,WR,2015,3.9200641894535337,3.523076923076923,position_prior
00-0031962,WR,2015,3.9200641894535337,2,position_prior
00-0032113,WR,2015,3.9200641894535337,0,position_prior
00-0031960,WR,2015,3.9200641894535337,0,position_prior
00-0032115,WR,2015,3.9200641894535337,0,position_prior
00-0032166,WR,2015,3.9200641894535337,1.6,position_prior
00-0032128,WR,2015,3.9200641894535337,2.866666666666667,position_prior
00-0031544,WR,2015,3.9200641894535337,11.16875,position_prior
00-0031941,WR,2015,3.9200641894535337,6.3812500000000005,position_prior
00-0031953,WR,2015,3.9200641894535337,0.62,position_prior
00-0032121,WR,2015,3.9200641894535337,0,position_prior
00-0031588,WR,2015,3.9200641894535337,9.484615384615385,position_prior
00-0032208,WR,2015,3.9200641894535337,3.563636363636364,position_prior
00-0032055,WR,2015,3.9200641894535337,5.800000000000001,position_prior
00-0032218,WR,2015,3.9200641894535337,6.778571428571429,position_prior
00-0032170,WR,2015,3.9200641894535337,3.4222222222222225,position_prior
00-0031570,WR,2015,3.9200641894535337,3.3222222222222224,position_prior
00-0032070,WR,2015,3.9200641894535337,0,position_prior
00-0032211,WR,2015,3.9200641894535337,8.11875,position_prior
00-0032123,WR,2015,3.9200641894535337,1.4333333333333333,position_prior
00-0032200,WR,2015,3.9200641894535337,5.75,position_prior
00-0031600,WR,2015,3.9200641894535337,1.4214285714285713,position_prior
00-0032112,WR,2015,3.9200641894535337,4.74,position_prior
00-0031547,WR,2015,3.9200641894535337,8.040000000000001,position_prior
00-0032054,WR,2015,3.9200641894535337,0,position_prior
00-0032064,WR,2015,3.9200641894535337,0,position_prior
00-0031934,WR,2015,3.9200641894535337,3.142857142857143,position_prior
00-0031954,WR,2015,3.9200641894535337,0,position_prior
00-0031560,WR,2015,3.9200641894535337,4.11,position_prior
00-0031545,WR,2015,3.9200641894535337,0,position_prior
00-0032072,TE,2015,3.1462646678718107,0,position_prior
00-0031617,TE,2015,3.1462646678718107,0,position_prior
00-0032062,TE,2015,3.1462646678718107,2.9000000000000004,position_prior
00-0031598,TE,2015,3.1462646678718107,2.7,position_prior
00-0032190,TE,2015,3.1462646678718107,0,position_prior
00-0031609,TE,2015,3.1462646678718107,0,position_prior
00-0032227,TE,2015,3.1462646678718107,0,position_prior
00-0032135,TE,2015,3.1462646678718107,3.12,position_prior
00-0032139,TE,2015,3.1462646678718107,0,position_prior
00-0032214,TE,2015,3.1462646678718107,2.033333333333333,position_prior
00-0032188,TE,2015,3.1462646678718107,0,position_prior
00-0032117,TE,2015,3.1462646678718107,1.4000000000000001,position_prior
00-0031951,TE,2015,3.1462646678718107,1.9500000000000002,position_prior
00-0031585,TE,2015,3.1462646678718107,1.2636363636363637,position_prior
00-0032120,TE,2015,3.1462646678718107,0,position_prior
00-0032141,TE,2015,3.1462646678718107,0.25,position_prior
00-0031533,TE,2015,3.1462646678718107,0,position_prior
00-0032134,TE,2015,3.1462646678718107,0.3,position_prior
00-0032256,TE,2015,3.1462646678718107,4.326666666666667,position_prior
00-0031610,TE,2015,3.1462646678718107,0.7,position_prior
00-0031558,TE,2015,3.1462646678718107,3.4857142857142853,position_prior
00-0032434,QB,2016,4.493085543766578,0,position_prior
00-0033119,QB,2016,4.493085543766578,9.433333333333334,position_prior
00-0032893,QB,2016,4.493085543766578,8,position_prior
00-0032446,QB,2016,4.493085543766578,0,position_prior
00-0032436,QB,2016,4.493085543766578,0,position_prior
00-0033106,QB,2016,4.493085543766578,8.165714285714285,position_prior
00-0032953,QB,2016,4.493085543766578,0,position_prior
00-0032784,QB,2016,4.493085543766578,5.553333333333334,position_prior
00-0033098,QB,2016,4.493085543766578,1.7399999999999998,position_prior
00-0033104,QB,2016,4.493085543766578,8.555555555555555,position_prior
00-0033108,QB,2016,4.493085543766578,9.459999999999999,position_prior
00-0033077,QB,2016,4.493085543766578,18.43,position_prior
00-0032431,QB,2016,4.493085543766578,0,position_prior
00-0032792,QB,2016,4.493085543766578,0,position_prior
00-0032950,QB,2016,4.493085543766578,13.3425,position_prior
00-0032972,RB,2016,4.352660769377784,8.2,chronological_college_combine_ridge
00-0032808,RB,2016,0,0,chronological_college_combine_ridge
00-0032426,RB,2016,3.603293497043052,3.3777777777777778,chronological_college_combine_ridge
00-0032411,RB,2016,4.5310386492492745,7.283333333333334,chronological_college_combine_ridge
00-0033118,RB,2016,6.634089053975724,2.6000000000000005,chronological_college_combine_ridge
00-0033045,RB,2016,16.1424877797405,20.62666666666667,chronological_college_combine_ridge
00-0032404,RB,2016,5.430727761989391,0.3,chronological_college_combine_ridge
00-0032764,RB,2016,8.535705949992844,7.085714285714286,chronological_college_combine_ridge
00-0032780,RB,2016,4.510658428496511,14.373333333333335,chronological_college_combine_ridge
00-0033049,RB,2016,0,0,chronological_college_combine_ridge
00-0032956,RB,2016,2.7997581688557087,1.8000000000000003,chronological_college_combine_ridge
00-0032804,RB,2016,1.858387608330164,1.06,chronological_college_combine_ridge
00-0032806,RB,2016,1.619407544152101,0,chronological_college_combine_ridge
00-0032417,RB,2016,4.140826553626504,4.95,chronological_college_combine_ridge
00-0032393,RB,2016,6.7279927973864595,8.75,chronological_college_combine_ridge
00-0032782,RB,2016,3.852961337356563,3.641666666666667,chronological_college_combine_ridge
00-0032440,RB,2016,2.3798501496457494,0,chronological_college_combine_ridge
00-0032794,RB,2016,2.9917335120272988,0.9400000000000001,chronological_college_combine_ridge
00-0032940,RB,2016,3.9785612817376252,5.9,chronological_college_combine_ridge
00-0032450,RB,2016,0,3.972727272727273,chronological_college_combine_ridge
00-0032897,RB,2016,0.2515520808618341,1.188888888888889,chronological_college_combine_ridge
00-0032975,RB,2016,3.3637905698970814,1.4875,chronological_college_combine_ridge
00-0032365,WR,2016,1.1480798600425186,6.550000000000001,chronological_college_combine_ridge
00-0033009,WR,2016,5.2992903706220265,6.19375,chronological_college_combine_ridge
00-0032801,WR,2016,0.07174853039737861,0,chronological_college_combine_ridge
00-0032441,WR,2016,2.2289778685731743,0.8200000000000001,chronological_college_combine_ridge
00-0033060,WR,2016,3.7496968723405653,2.08,chronological_college_combine_ridge
00-0032966,WR,2016,5.817528197465729,7.6800000000000015,chronological_college_combine_ridge
00-0033111,WR,2016,4.454196826778089,1.7333333333333334,chronological_college_combine_ridge
00-0032795,WR,2016,1.6857713441780338,4.071428571428571,chronological_college_combine_ridge
00-0032423,WR,2016,2.7010001759476934,1.2375,chronological_college_combine_ridge
00-0032760,WR,2016,5.972231490814153,3.8000000000000003,chronological_college_combine_ridge
00-0032451,WR,2016,0.02170857306156404,0,chronological_college_combine_ridge
00-0033127,WR,2016,6.320616776925173,7.05,chronological_college_combine_ridge
00-0032791,WR,2016,0.7066787029228883,0.0071428571428571435,chronological_college_combine_ridge
00-0032977,WR,2016,2.352146874613106,1.0699999999999998,chronological_college_combine_ridge
00-0033040,WR,2016,1.3223278665112028,10.65625,chronological_college_combine_ridge
00-0032453,WR,2016,1.6808877901444101,0,chronological_college_combine_ridge
00-0032957,WR,2016,1.5668928719308786,0,chronological_college_combine_ridge
00-0033079,WR,2016,2.932908777298868,2.107142857142857,chronological_college_combine_ridge
00-0032447,WR,2016,0.09900502936686784,0,chronological_college_combine_ridge
00-0033069,WR,2016,4.153737183795656,2.34,chronological_college_combine_ridge
00-0032400,WR,2016,3.592637911549092,6.675,chronological_college_combine_ridge
00-0032398,WR,2016,3.6406388961939795,0.7142857142857143,chronological_college_combine_ridge
00-0032974,WR,2016,3.0128580855323377,0.4,chronological_college_combine_ridge
00-0032959,WR,2016,1.4871052306718346,2.341666666666667,chronological_college_combine_ridge
00-0033078,WR,2016,0.8566017518661275,0,chronological_college_combine_ridge
00-0032775,WR,2016,3.5769408236417326,0,chronological_college_combine_ridge
00-0032778,WR,2016,3.887863826646623,5.300000000000001,chronological_college_combine_ridge
00-0032385,WR,2016,5.393063471371648,9.49375,chronological_college_combine_ridge
00-0032765,WR,2016,5.143541996018097,14.246666666666666,chronological_college_combine_ridge
00-0032951,WR,2016,6.9490303792989785,0.5,chronological_college_combine_ridge
00-0032429,TE,2016,2.296423701015538,2.62,position_prior
00-0032341,TE,2016,2.296423701015538,0,position_prior
00-0033080,TE,2016,2.296423701015538,3.7125000000000004,position_prior
00-0033061,TE,2016,2.296423701015538,0,position_prior
00-0033054,TE,2016,2.296423701015538,0,position_prior
00-0033112,TE,2016,2.296423701015538,0,position_prior
00-0033090,TE,2016,2.296423701015538,8.753846153846155,position_prior
00-0033110,TE,2016,2.296423701015538,1.6666666666666667,position_prior
00-0032392,TE,2016,2.296423701015538,4.2,position_prior
00-0033117,TE,2016,2.296423701015538,0,position_prior
00-0032430,TE,2016,2.296423701015538,0.45,position_prior
00-0032900,TE,2016,2.296423701015538,0,position_prior
00-0032394,TE,2016,2.296423701015538,1.5666666666666667,position_prior
00-0033936,QB,2017,4.840452665390165,15.466666666666669,position_prior
00-0033949,QB,2017,4.840452665390165,0,position_prior
00-0033585,QB,2017,4.840452665390165,0,position_prior
00-0033597,QB,2017,4.840452665390165,0,position_prior
00-0033899,QB,2017,4.840452665390165,12.377333333333333,position_prior
00-0033873,QB,2017,4.840452665390165,10.36,position_prior
00-0033958,QB,2017,4.840452665390165,2.3850000000000007,position_prior
00-0033869,QB,2017,4.840452665390165,11.376666666666665,position_prior
00-0033537,QB,2017,4.840452665390165,23.837142857142858,position_prior
00-0033550,QB,2017,4.840452665390165,0,position_prior
00-0033296,RB,2017,0.9116862162405304,0,chronological_college_combine_ridge
00-0033594,RB,2017,1.9930153743433001,9.05,chronological_college_combine_ridge
00-0033556,RB,2017,5.207183603861391,7.477500000000001,chronological_college_combine_ridge
00-0033553,RB,2017,6.453751820119656,1.2,chronological_college_combine_ridge
00-0033893,RB,2017,8.027541600189698,14.975,chronological_college_combine_ridge
00-0033596,RB,2017,1.8567429748870437,0.47692307692307695,chronological_college_combine_ridge
00-0033925,RB,2017,10.94058412412181,6,chronological_college_combine_ridge
00-0033856,RB,2017,12.369427178655567,16.323076923076922,chronological_college_combine_ridge
00-0033950,RB,2017,4.192181124856279,6.761538461538461,chronological_college_combine_ridge
00-0033581,RB,2017,3.276730409535563,3.966666666666667,chronological_college_combine_ridge
00-0033567,RB,2017,3.671002757325199,2.075,chronological_college_combine_ridge
00-0033975,RB,2017,6.217264609965545,0,chronological_college_combine_ridge
00-0033923,RB,2017,6.719228849667923,16.793750000000003,chronological_college_combine_ridge
00-0033293,RB,2017,2.943688656198056,7.550000000000002,chronological_college_combine_ridge
00-0033906,RB,2017,7.493113048407636,16.993750000000002,chronological_college_combine_ridge
00-0033789,RB,2017,3.9827187875961276,0,chronological_college_combine_ridge
00-0033951,RB,2017,9.424717531747056,6.628571428571429,chronological_college_combine_ridge
00-0033304,RB,2017,0,-0.19999999999999996,chronological_college_combine_ridge
00-0033280,RB,2017,15.324981705623415,11.787500000000001,chronological_college_combine_ridge
00-0033295,RB,2017,2.58315094877277,4.513333333333334,chronological_college_combine_ridge
00-0033955,RB,2017,7.867596219227945,0,chronological_college_combine_ridge
00-0033897,RB,2017,10.360926212688035,9.164285714285715,chronological_college_combine_ridge
00-0033797,RB,2017,0,0,chronological_college_combine_ridge
00-0033526,RB,2017,5.009925676176643,7.500000000000001,chronological_college_combine_ridge
00-0033561,RB,2017,4.64482531831001,0,chronological_college_combine_ridge
00-0033967,RB,2017,1.8070661650692625,0,chronological_college_combine_ridge
00-0033948,RB,2017,4.291195480268608,8.686666666666667,chronological_college_combine_ridge
00-0033286,RB,2017,4.9819851847682015,0,chronological_college_combine_ridge
00-0033796,RB,2017,0,0,chronological_college_combine_ridge
00-0033957,WR,2017,2.8575691996755985,0,chronological_college_combine_ridge
00-0033572,WR,2017,2.049554356458722,0.2846153846153846,chronological_college_combine_ridge
00-0033591,WR,2017,0.7069394723884432,0.7571428571428572,chronological_college_combine_ridge
00-0033464,WR,2017,2.811814172242435,0.4666666666666666,chronological_college_combine_ridge
00-0033968,WR,2017,0.10833137003788906,0,chronological_college_combine_ridge
00-0033937,WR,2017,2.67635004346901,1.3875000000000002,chronological_college_combine_ridge
00-0033871,WR,2017,5.748797076377459,4.954545454545454,chronological_college_combine_ridge
00-0033530,WR,2017,1.1986089733076817,0,chronological_college_combine_ridge
00-0033305,WR,2017,0.9456486167265338,0,chronological_college_combine_ridge
00-0033471,WR,2017,2.4234392325878273,0,chronological_college_combine_ridge
00-0033573,WR,2017,2.888207023790459,1.05,chronological_college_combine_ridge
00-0033921,WR,2017,5.67333459695622,5.033333333333333,chronological_college_combine_ridge
00-0033932,WR,2017,4.187321594498462,7.327272727272727,chronological_college_combine_ridge
00-0033840,WR,2017,3.2922511227844407,1.7375,chronological_college_combine_ridge
00-0033919,WR,2017,4.829397347574827,0,chronological_college_combine_ridge
00-0033555,WR,2017,2.514052953415306,3.0500000000000003,chronological_college_combine_ridge
00-0033891,WR,2017,5.886228618755306,4.078571428571428,chronological_college_combine_ridge
00-0033908,WR,2017,4.873463660927588,9.860000000000001,chronological_college_combine_ridge
00-0033552,WR,2017,3.6690324522863347,0,chronological_college_combine_ridge
00-0033859,WR,2017,4.993891315295139,1.7222222222222223,chronological_college_combine_ridge
00-0033466,WR,2017,2.5512559395176706,0.48181818181818187,chronological_college_combine_ridge
00-0033589,WR,2017,0.5217957024673967,0,chronological_college_combine_ridge
00-0033943,WR,2017,3.71584297318768,2.19,chronological_college_combine_ridge
00-0033460,WR,2017,6.738354867203366,-0.2666666666666666,chronological_college_combine_ridge
00-0033282,WR,2017,7.68636527812119,3.175,chronological_college_combine_ridge
00-0033857,WR,2017,5.812578310249048,11.62142857142857,chronological_college_combine_ridge
00-0033916,WR,2017,3.425069228673971,1.1583333333333334,chronological_college_combine_ridge
00-0033562,WR,2017,3.5556529680132667,0.47500000000000003,chronological_college_combine_ridge
00-0033911,WR,2017,4.675559644113122,2.5875000000000004,chronological_college_combine_ridge
00-0033292,WR,2017,2.4458485555055596,5.1,chronological_college_combine_ridge
00-0033839,WR,2017,0.884180823045079,7.628571428571428,chronological_college_combine_ridge
00-0033933,WR,2017,3.730070161814434,1.3166666666666667,chronological_college_combine_ridge
00-0033536,WR,2017,5.968654477769594,1.6666666666666667,chronological_college_combine_ridge
00-0033291,WR,2017,1.8287952561228673,0,chronological_college_combine_ridge
00-0033564,TE,2017,1.5113423090628668,0,chronological_college_combine_ridge
00-0033881,TE,2017,4.888774273630674,9.44,chronological_college_combine_ridge
00-0033895,TE,2017,3.978867659953254,3.2642857142857147,chronological_college_combine_ridge
00-0033966,TE,2017,1.9599452220325109,0,chronological_college_combine_ridge
00-0033879,TE,2017,5.020171025704136,7.092307692307693,chronological_college_combine_ridge
00-0033288,TE,2017,1.5968913100459798,5.666666666666667,chronological_college_combine_ridge
00-0033953,TE,2017,1.7334531356747633,0,chronological_college_combine_ridge
00-0033885,TE,2017,5.374572752717827,4.91875,chronological_college_combine_ridge
00-0033559,TE,2017,2.130198708380355,1.1,chronological_college_combine_ridge
00-0033576,TE,2017,0.8504543097774735,0,chronological_college_combine_ridge
00-0033798,TE,2017,0,0,chronological_college_combine_ridge
00-0033896,TE,2017,3.895023950461446,5.242857142857143,chronological_college_combine_ridge
00-0033858,TE,2017,3.472097707224599,2.6214285714285714,chronological_college_combine_ridge
00-0033528,TE,2017,1.511651580899625,2.766666666666667,chronological_college_combine_ridge
00-0034857,QB,2018,11.610416680533456,17.238333333333333,chronological_college_combine_ridge
00-0034869,QB,2018,11.020860315239092,13.084615384615386,chronological_college_combine_ridge
00-0034423,QB,2018,0.43256633291191826,0,chronological_college_combine_ridge
00-0034412,QB,2018,5.239241464458495,0,chronological_college_combine_ridge
00-0034796,QB,2018,10.490797106075517,10.09625,chronological_college_combine_ridge
00-0034369,QB,2018,4.832526076440326,-2.2,chronological_college_combine_ridge
00-0034416,QB,2018,1.5221334281685623,0,chronological_college_combine_ridge
00-0034855,QB,2018,12.27592952538559,17.15,chronological_college_combine_ridge
00-0034732,QB,2018,0.43082647494616055,0,chronological_college_combine_ridge
00-0034343,QB,2018,9.94885065921933,8.637142857142857,chronological_college_combine_ridge
00-0034771,QB,2018,5.552156522779195,0,chronological_college_combine_ridge
00-0034401,QB,2018,2.1760263110878033,0,chronological_college_combine_ridge
00-0034438,QB,2018,0,0,chronological_college_combine_ridge
00-0034799,RB,2018,5.081960553366908,2.766666666666667,chronological_college_combine_ridge
00-0034844,RB,2018,14.077787176313022,21.14375,chronological_college_combine_ridge
00-0034433,RB,2018,1.1450386849013234,0,chronological_college_combine_ridge
00-0034164,RB,2018,0.6336493644742098,3.35,chronological_college_combine_ridge
00-0034791,RB,2018,8.587022155452914,11.531250000000002,chronological_college_combine_ridge
00-0034681,RB,2018,5.05508005813949,3.3187499999999996,chronological_college_combine_ridge
00-0034838,RB,2018,6.865342867701055,6.735714285714286,chronological_college_combine_ridge
00-0034358,RB,2018,9.202416247191048,0,chronological_college_combine_ridge
00-0034367,RB,2018,5.626331696402003,8.0875,chronological_college_combine_ridge
00-0034440,RB,2018,2.0089983308651633,5.955555555555556,chronological_college_combine_ridge
00-0034349,RB,2018,8.841004491773898,12.34,chronological_college_combine_ridge
00-0034816,RB,2018,9.768968504459007,2.457142857142857,chronological_college_combine_ridge
00-0034808,RB,2018,2.5212994705560985,2.7750000000000004,chronological_college_combine_ridge
00-0034845,RB,2018,8.347299420902093,10.430769230769233,chronological_college_combine_ridge
00-0034750,RB,2018,9.794704058800185,5.06923076923077,chronological_college_combine_ridge
00-0034331,RB,2018,4.168664650234114,8.5,chronological_college_combine_ridge
00-0034432,RB,2018,3.0259498797953395,0,chronological_college_combine_ridge
00-0034414,RB,2018,0.8967850710149285,0,chronological_college_combine_ridge
00-0034378,RB,2018,3.113952898557054,6.476923076923077,chronological_college_combine_ridge
00-0034679,RB,2018,7.034221425644197,1,chronological_college_combine_ridge
00-0034400,RB,2018,2.9838434113383205,4.315384615384615,chronological_college_combine_ridge
00-0034427,RB,2018,0,1.2,chronological_college_combine_ridge
00-0034747,WR,2018,1.8295610340743809,4.128571428571428,chronological_college_combine_ridge
00-0034419,WR,2018,1.2404655858670623,0,chronological_college_combine_ridge
00-0034406,WR,2018,2.4802412282352755,0,chronological_college_combine_ridge
00-0034772,WR,2018,3.9696119757721653,6.925,chronological_college_combine_ridge
00-0034409,WR,2018,2.11019194926249,0,chronological_college_combine_ridge
00-0034777,WR,2018,3.973033696759669,2.2181818181818183,chronological_college_combine_ridge
00-0034366,WR,2018,4.39080958591622,8.116666666666667,chronological_college_combine_ridge
00-0034395,WR,2018,1.5066026037525577,0,chronological_college_combine_ridge
00-0034411,WR,2018,1.0001601953266794,1.0333333333333334,chronological_college_combine_ridge
00-0034764,WR,2018,4.089769041513391,5.28,chronological_college_combine_ridge
00-0034370,WR,2018,2.939169345968054,4.663636363636363,chronological_college_combine_ridge
00-0034286,WR,2018,1.6899401260726576,1.9583333333333333,chronological_college_combine_ridge
00-0034775,WR,2018,4.879600472668742,8.5,chronological_college_combine_ridge
00-0034271,WR,2018,2.7829316393073773,0,chronological_college_combine_ridge
00-0034407,WR,2018,2.1816413195227478,0.8125,chronological_college_combine_ridge
00-0034353,WR,2018,3.6482784440712166,6.914666666666666,chronological_college_combine_ridge
00-0011233,WR,2018,1.7119054909938667,0,chronological_college_combine_ridge
00-0034827,WR,2018,6.0323840780764435,8.34375,chronological_college_combine_ridge
00-0034268,WR,2018,3.15619263760886,0.35714285714285715,chronological_college_combine_ridge
00-0034860,WR,2018,3.806033081674153,7.5,chronological_college_combine_ridge
00-0034442,WR,2018,0.27820311523992103,0,chronological_college_combine_ridge
00-0034339,WR,2018,1.664666859072543,6,chronological_college_combine_ridge
00-0034273,WR,2018,1.1125436661255752,4.18,chronological_college_combine_ridge
00-0034837,WR,2018,5.368763425355481,11.05,chronological_college_combine_ridge
00-0034267,WR,2018,3.3384799684454953,0,chronological_college_combine_ridge
00-0034765,WR,2018,3.936224825242678,6.6692307692307695,chronological_college_combine_ridge
00-0034279,WR,2018,1.8859999508399201,3.9818181818181824,chronological_college_combine_ridge
00-0034348,WR,2018,4.731274641315047,7.206250000000001,chronological_college_combine_ridge
00-0034686,WR,2018,2.2564777753034924,1.1,chronological_college_combine_ridge
00-0034272,WR,2018,2.244586612380373,5.75,chronological_college_combine_ridge
00-0034676,WR,2018,4.621096642777103,2.975,chronological_college_combine_ridge
00-0034386,WR,2018,1.6622825991941599,0.14285714285714285,chronological_college_combine_ridge
00-0034418,WR,2018,2.197667054279605,0,chronological_college_combine_ridge
00-0034426,WR,2018,1.6636044319107979,2.6,chronological_college_combine_ridge
00-0034364,TE,2018,0.4397090807269544,2.2142857142857144,chronological_college_combine_ridge
00-0034753,TE,2018,3.3180343832917027,5.6375,chronological_college_combine_ridge
00-0034270,TE,2018,2.144844287029527,2.55,chronological_college_combine_ridge
00-0034159,TE,2018,2.634443476688605,7.9,chronological_college_combine_ridge
00-0034393,TE,2018,0.13903979266962124,0,chronological_college_combine_ridge
00-0034829,TE,2018,5.060589037089212,2.2285714285714286,chronological_college_combine_ridge
00-0034351,TE,2018,2.132208595850725,4.926666666666667,chronological_college_combine_ridge
00-0034766,TE,2018,1.12507724648082,6.692857142857143,chronological_college_combine_ridge
00-0034830,TE,2018,4.566710480994813,3.2,chronological_college_combine_ridge
00-0034439,TE,2018,0.5974136941802766,0,chronological_college_combine_ridge
00-0034383,TE,2018,2.7047227084711936,2.2,chronological_college_combine_ridge
00-0034798,TE,2018,2.5230288925870346,1,chronological_college_combine_ridge
00-0034365,TE,2018,3.3098440528144426,6.33,chronological_college_combine_ridge
00-0035652,QB,2019,4.099547438047916,10.22,chronological_college_combine_ridge
00-0035251,QB,2019,4.950786339568685,0.6600000000000006,chronological_college_combine_ridge
00-0035232,QB,2019,9.069896612922964,8.744444444444444,chronological_college_combine_ridge
00-0035710,QB,2019,12.556469488023575,17.46,chronological_college_combine_ridge
00-0035704,QB,2019,8.392370469762024,13.600000000000003,chronological_college_combine_ridge
00-0035146,QB,2019,1.0412982921148757,0.1,chronological_college_combine_ridge
00-0035289,QB,2019,1.501356780608997,16.66,chronological_college_combine_ridge
00-0035228,QB,2019,17.51251496279564,17.455,chronological_college_combine_ridge
00-0035282,QB,2019,2.8167035565280285,0,chronological_college_combine_ridge
00-0035264,QB,2019,3.6640003148377724,-0.5466666666666666,chronological_college_combine_ridge
00-0035283,QB,2019,4.925428215420837,0,chronological_college_combine_ridge
00-0035299,RB,2019,1.7782669093972867,0,chronological_college_combine_ridge
00-0035268,RB,2019,4.5566460948207625,3.1571428571428575,chronological_college_combine_ridge
00-0035310,RB,2019,0.3167927113650788,0,chronological_college_combine_ridge
00-0035311,RB,2019,1.558685837074681,3.985714285714286,chronological_college_combine_ridge
00-0035304,RB,2019,0.41616790315592356,0,chronological_college_combine_ridge
00-0035657,RB,2019,7.173537182882273,1.2000000000000002,chronological_college_combine_ridge
00-0035664,RB,2019,8.043683635866975,2.266666666666667,chronological_college_combine_ridge
00-0034975,RB,2019,7.047773696765432,2.84375,chronological_college_combine_ridge
00-0035594,RB,2019,3.3963995952140045,3.2142857142857144,chronological_college_combine_ridge
00-0035700,RB,2019,10.386483434607175,13.96923076923077,chronological_college_combine_ridge
00-0035537,RB,2019,1.6855255819662036,3.1374999999999997,chronological_college_combine_ridge
00-0035256,RB,2019,4.69771964760595,0,chronological_college_combine_ridge
00-0034972,RB,2019,6.294149397621572,4.876923076923077,chronological_college_combine_ridge
00-0035685,RB,2019,7.481956196515279,9.86875,chronological_college_combine_ridge
00-0035273,RB,2019,3.4870896834932426,5.033333333333333,chronological_college_combine_ridge
00-0035261,RB,2019,5.521390074340808,5.692857142857143,chronological_college_combine_ridge
00-0035243,RB,2019,8.855506014648608,11.981250000000001,chronological_college_combine_ridge
00-0035275,RB,2019,3.0507175521987855,0.3,chronological_college_combine_ridge
00-0035250,RB,2019,6.331904521172838,11.116666666666667,chronological_college_combine_ridge
00-0035218,RB,2019,1.7294032816769862,0,chronological_college_combine_ridge
00-0035217,RB,2019,5.173482095429843,5.127272727272727,chronological_college_combine_ridge
00-0035148,RB,2019,0.9026172997088171,2.7600000000000002,chronological_college_combine_ridge
00-0035303,RB,2019,0.941199080436298,0,chronological_college_combine_ridge
00-0035596,RB,2019,0.6093801468731561,2.266666666666667,chronological_college_combine_ridge
00-0034995,RB,2019,3.488755834788764,0.55,chronological_college_combine_ridge
00-0035291,RB,2019,2.929515975095956,0,chronological_college_combine_ridge
00-0035246,WR,2019,4.253041740968715,3.1,chronological_college_combine_ridge
00-0035703,WR,2019,3.3909344350788717,3.6916666666666664,chronological_college_combine_ridge
00-0035676,WR,2019,4.577921268228563,11.943750000000001,chronological_college_combine_ridge
00-0035662,WR,2019,5.52029424472512,8.814285714285715,chronological_college_combine_ridge
00-0035639,WR,2019,4.101314980041751,4.442857142857143,chronological_college_combine_ridge
00-0035592,WR,2019,1.0244838695306222,0,chronological_college_combine_ridge
00-0035313,WR,2019,0.9072781833635313,0,chronological_college_combine_ridge
00-0035296,WR,2019,0.7356939763597926,0,chronological_college_combine_ridge
00-0035140,WR,2019,5.755709553823259,6.53125,chronological_college_combine_ridge
00-0035297,WR,2019,2.1618482489360513,3.4626666666666663,chronological_college_combine_ridge
00-0034971,WR,2019,3.648994785520757,0,chronological_college_combine_ridge
00-0035527,WR,2019,4.996927222322945,2.575,chronological_college_combine_ridge
00-0035589,WR,2019,3.515670617983866,0,chronological_college_combine_ridge
00-0035216,WR,2019,5.063085060582871,8.225,chronological_college_combine_ridge
00-0035287,WR,2019,2.685355636632168,3.55,chronological_college_combine_ridge
00-0035006,WR,2019,0.8463818044283351,4.884615384615385,chronological_college_combine_ridge
00-0035659,WR,2019,4.188935445326586,11.635714285714286,chronological_college_combine_ridge
00-0035640,WR,2019,6.274484606360334,10.13125,chronological_college_combine_ridge
00-0035298,WR,2019,0.7955244942569409,3.788888888888889,chronological_college_combine_ridge
00-0035002,WR,2019,0.7560778998783984,0,chronological_college_combine_ridge
00-0034983,WR,2019,2.815006767735826,8.384615384615385,chronological_college_combine_ridge
00-0035590,WR,2019,3.7512831825821618,3.3000000000000003,chronological_college_combine_ridge
00-0035719,WR,2019,5.50532372353886,10.706666666666667,chronological_college_combine_ridge
00-0035535,WR,2019,2.110900233377058,10.428571428571429,chronological_college_combine_ridge
00-0035597,WR,2019,0,1.6,chronological_college_combine_ridge
00-0035593,WR,2019,0.9546093464627737,0,chronological_college_combine_ridge
00-0035529,TE,2019,2.788688574558306,0,chronological_college_combine_ridge
00-0035644,TE,2019,3.931322228309998,5.8125,chronological_college_combine_ridge
00-0035222,TE,2019,2.4904325487880343,0.45,chronological_college_combine_ridge
00-0035624,TE,2019,3.698473219344422,4.771428571428571,chronological_college_combine_ridge
00-0035229,TE,2019,4.029522015311171,5.391666666666667,chronological_college_combine_ridge
00-0035689,TE,2019,2.6965561133132065,4.38,chronological_college_combine_ridge
00-0035309,TE,2019,2.1800683618776135,0,chronological_college_combine_ridge
00-0034981,TE,2019,2.840283838024195,5.263636363636365,chronological_college_combine_ridge
00-0035539,TE,2019,1.950507134529892,1.15,chronological_college_combine_ridge
00-0035249,TE,2019,3.1441984878321017,1,chronological_college_combine_ridge
00-0035631,TE,2019,3.267873611807702,1.1,chronological_college_combine_ridge
00-0034970,TE,2019,3.540654669146734,4.364285714285715,chronological_college_combine_ridge
00-0015195,TE,2019,1.3818872559129105,0,chronological_college_combine_ridge
00-0034988,TE,2019,2.3530860508195612,8.614285714285714,chronological_college_combine_ridge
00-0035671,TE,2019,3.0222648829360423,0,chronological_college_combine_ridge
00-0035308,TE,2019,1.6339486897036581,3.08,chronological_college_combine_ridge
00-0035660,TE,2019,3.1136567079096635,0,chronological_college_combine_ridge
00-0035259,TE,2019,2.6654537719374027,0.9833333333333334,chronological_college_combine_ridge
00-0035320,TE,2019,1.9948523274484398,0,chronological_college_combine_ridge
00-0036442,QB,2020,15.77217574626765,17.971999999999998,chronological_college_combine_ridge
00-0036384,QB,2020,0,5.48,chronological_college_combine_ridge
00-0036226,QB,2020,4.541416550288103,0,chronological_college_combine_ridge
00-0036197,QB,2020,3.323274291061686,0,chronological_college_combine_ridge
00-0036355,QB,2020,13.345178427389897,22.055999999999997,chronological_college_combine_ridge
00-0036389,QB,2020,9.512948264420828,7.76,chronological_college_combine_ridge
00-0036264,QB,2020,10.981984939345857,0,chronological_college_combine_ridge
00-0036312,QB,2020,2.5181062866965034,9.42,chronological_college_combine_ridge
00-0036301,QB,2020,4.145565569943452,0,chronological_college_combine_ridge
00-0036279,QB,2020,0.17613416427180764,0,chronological_college_combine_ridge
00-0036433,QB,2020,0,2.4000000000000004,chronological_college_combine_ridge
00-0036212,QB,2020,14.776332688000686,13.546000000000001,chronological_college_combine_ridge
00-0036414,RB,2020,9.64558388449941,8.754545454545454,chronological_college_combine_ridge
00-0036383,RB,2020,2.629905854078437,0,chronological_college_combine_ridge
00-0036435,RB,2020,1.6200519255415298,0,chronological_college_combine_ridge
00-0036425,RB,2020,4.179888164810159,5.377777777777778,chronological_college_combine_ridge
00-0036265,RB,2020,7.992310572952913,4.366666666666667,chronological_college_combine_ridge
00-0036158,RB,2020,7.461180980677388,10.366666666666667,chronological_college_combine_ridge
00-0036360,RB,2020,10.82519843693652,12.153846153846153,chronological_college_combine_ridge
00-0036297,RB,2020,6.7816644648823505,3.0200000000000005,chronological_college_combine_ridge
00-0036328,RB,2020,7.928067887419825,13.442857142857141,chronological_college_combine_ridge
00-0036278,RB,2020,2.1296850347037672,0.6000000000000001,chronological_college_combine_ridge
00-0036370,RB,2020,5.463184411445403,5.361538461538462,chronological_college_combine_ridge
00-0036336,RB,2020,5.23809779500952,1.7909090909090912,chronological_college_combine_ridge
00-0036251,RB,2020,4.787213468781489,7.276923076923077,chronological_college_combine_ridge
00-0036269,RB,2020,4.745524819339532,4.7,chronological_college_combine_ridge
00-0036245,RB,2020,0.9681143900018739,2.244444444444445,chronological_college_combine_ridge
00-0036275,RB,2020,10.393655112880731,12.830769230769231,chronological_college_combine_ridge
00-0036223,RB,2020,10.143727688431373,15.653333333333334,chronological_college_combine_ridge
00-0036450,RB,2020,6.698631727017206,3.8000000000000003,chronological_college_combine_ridge
00-0036261,WR,2020,5.629066926069289,12.875,chronological_college_combine_ridge
00-0036364,WR,2020,3.2811710282795263,4.397777777777778,chronological_college_combine_ridge
00-0036277,WR,2020,2.9933651925761855,4.741666666666666,chronological_college_combine_ridge
00-0036326,WR,2020,4.162465359397265,11.61875,chronological_college_combine_ridge
00-0036439,WR,2020,0,1.3285714285714287,chronological_college_combine_ridge
00-0036308,WR,2020,3.26216426079507,0,chronological_college_combine_ridge
00-0036196,WR,2020,5.177522133245561,7.4625,chronological_college_combine_ridge
00-0036331,WR,2020,4.569132640922124,2.4733333333333336,chronological_college_combine_ridge
00-0036365,WR,2020,3.367095082939001,3.4222222222222225,chronological_college_combine_ridge
00-0036340,WR,2020,3.660374499608404,0.75,chronological_college_combine_ridge
00-0036412,WR,2020,5.902771046614829,6.258333333333333,chronological_college_combine_ridge
00-0036410,WR,2020,6.086965456670869,10.873333333333335,chronological_college_combine_ridge
00-0036398,WR,2020,2.4344495183392185,2.1799999999999997,chronological_college_combine_ridge
00-0036382,WR,2020,1.1185004468097361,0.9,chronological_college_combine_ridge
00-0036165,WR,2020,1.7886139541930886,0,chronological_college_combine_ridge
00-0036322,WR,2020,7.226934539208409,14.1375,chronological_college_combine_ridge
00-0036415,WR,2020,3.877036256936996,2.6714285714285713,chronological_college_combine_ridge
00-0036259,WR,2020,1.033952086450478,0,chronological_college_combine_ridge
00-0036407,WR,2020,8.540470348236855,8.100000000000001,chronological_college_combine_ridge
00-0036254,WR,2020,1.0226293214422972,4.381818181818182,chronological_college_combine_ridge
00-0036427,WR,2020,1.3433895962813909,3.4900000000000007,chronological_college_combine_ridge
00-0036358,WR,2020,7.837807633855769,10.91875,chronological_college_combine_ridge
00-0036255,WR,2020,5.014238281651491,5.2444444444444445,chronological_college_combine_ridge
00-0036309,WR,2020,1.6339163680268853,7.475,chronological_college_combine_ridge
00-0036345,WR,2020,2.486895708478165,0,chronological_college_combine_ridge
00-0036228,WR,2020,1.650395360492569,0,chronological_college_combine_ridge
00-0036233,WR,2020,1.2165232190008373,4.116666666666667,chronological_college_combine_ridge
00-0036252,WR,2020,6.1561606243845945,6.06923076923077,chronological_college_combine_ridge
00-0036133,WR,2020,1.9205537378018305,0.14615384615384616,chronological_college_combine_ridge
00-0036387,WR,2020,8.18953402370991,5.790909090909091,chronological_college_combine_ridge
00-0036377,WR,2020,1.688963308296666,0.89,chronological_college_combine_ridge
00-0036357,WR,2020,7.286001470607961,5.623076923076923,chronological_college_combine_ridge
00-0036268,WR,2020,6.195662849056164,9.15,chronological_college_combine_ridge
00-0036247,WR,2020,1.7886159456893524,2.646153846153846,chronological_college_combine_ridge
00-0036271,WR,2020,2.1965035274585576,5.025,chronological_college_combine_ridge
00-0036194,TE,2020,2.8385787217067247,2.725,chronological_college_combine_ridge
00-0036232,TE,2020,2.692987561851053,4.483333333333333,chronological_college_combine_ridge
00-0036250,TE,2020,0.9045333588923334,0,chronological_college_combine_ridge
00-0036332,TE,2020,3.0235583205502152,1.7000000000000002,chronological_college_combine_ridge
00-0036424,TE,2020,2.534609417142441,0,chronological_college_combine_ridge
00-0036225,TE,2020,3.541127595416367,1.0333333333333334,chronological_college_combine_ridge
00-0036290,TE,2020,4.300774904245203,3.3333333333333335,chronological_college_combine_ridge
00-0036423,TE,2020,2.9447801825078925,5.9,chronological_college_combine_ridge
00-0036244,TE,2020,2.90958001476962,2.6,chronological_college_combine_ridge
00-0036438,TE,2020,1.253039459881906,0,chronological_college_combine_ridge
00-0036422,TE,2020,2.9525527258281237,3.06,chronological_college_combine_ridge
00-0036429,TE,2020,1.8481318512020481,1.275,chronological_college_combine_ridge
00-0036929,QB,2021,4.0379780913259715,2.0000000000000004,chronological_college_combine_ridge
00-0036879,QB,2021,0.8992393123304229,0.3,chronological_college_combine_ridge
00-0036945,QB,2021,9.850899248181635,11.233333333333334,chronological_college_combine_ridge
00-0036972,QB,2021,10.892914303127677,13.231764705882354,chronological_college_combine_ridge
00-0037012,QB,2021,14.821582489569611,10.486666666666666,chronological_college_combine_ridge
00-0036971,QB,2021,17.528305193635717,12.061176470588236,chronological_college_combine_ridge
00-0036898,QB,2021,6.276135940193623,11.92,chronological_college_combine_ridge
00-0036946,QB,2021,7.252988800021285,0.2,chronological_college_combine_ridge
00-0036928,QB,2021,6.474700786522131,0,chronological_college_combine_ridge
00-0037013,QB,2021,16.77854522874944,11.527692307692309,chronological_college_combine_ridge
00-0036569,RB,2021,2.0236661144544112,0.21428571428571427,chronological_college_combine_ridge
00-0036924,RB,2021,5.721054501849986,9.885714285714286,chronological_college_combine_ridge
00-0036578,RB,2021,1.3935742013436492,0,chronological_college_combine_ridge
00-0036973,RB,2021,11.261852899138686,0,chronological_college_combine_ridge
00-0036857,RB,2021,2.8417071210969547,4.699999999999999,chronological_college_combine_ridge
00-0036654,RB,2021,0.35164665939035655,2.7666666666666666,chronological_college_combine_ridge
00-0036860,RB,2021,1.757586442858839,0.1,chronological_college_combine_ridge
00-0036919,RB,2021,3.968864088693226,6.5562499999999995,chronological_college_combine_ridge
00-0036893,RB,2021,9.32303511472592,15.511764705882353,chronological_college_combine_ridge
00-0036906,RB,2021,2.0371912938699883,4.49375,chronological_college_combine_ridge
00-0036669,RB,2021,1.1101096562354107,0.42500000000000004,chronological_college_combine_ridge
00-0036555,RB,2021,4.9331577461807505,7.8187500000000005,chronological_college_combine_ridge
00-0036670,RB,2021,1.1401060128177838,5.925,chronological_college_combine_ridge
00-0036567,RB,2021,3.0650755970092143,14.136363636363637,chronological_college_combine_ridge
00-0036842,RB,2021,3.7220879732713334,1.0000000000000002,chronological_college_combine_ridge
00-0036650,RB,2021,0,1.677777777777778,chronological_college_combine_ridge
00-0036984,RB,2021,6.676958065963308,4.466666666666667,chronological_college_combine_ridge
00-0036875,RB,2021,4.7904667672740215,9.158333333333333,chronological_college_combine_ridge
00-0036950,RB,2021,1.8251754148885526,0,chronological_college_combine_ridge
00-0036997,RB,2021,10.334695234341446,10.788235294117648,chronological_college_combine_ridge
00-0036849,WR,2021,5.906572914110331,0,chronological_college_combine_ridge
00-0036939,WR,2021,0.8223309956949273,0,chronological_college_combine_ridge
00-0036550,WR,2021,6.5825283511523915,6.708333333333333,chronological_college_combine_ridge
00-0036626,WR,2021,4.858717401239574,2.21,chronological_college_combine_ridge
00-0036858,WR,2021,1.488148701603912,0,chronological_college_combine_ridge
00-0036900,WR,2021,9.357096201034027,15.65294117647059,chronological_college_combine_ridge
00-0036554,WR,2021,4.493518159074505,4.792857142857143,chronological_college_combine_ridge
00-0036951,WR,2021,2.093430729049947,0.47500000000000003,chronological_college_combine_ridge
00-0036877,WR,2021,3.4145324781842934,0.9333333333333331,chronological_college_combine_ridge
00-0036620,WR,2021,5.333901091547808,2.9125,chronological_college_combine_ridge
00-0036646,WR,2021,2.2862722737387116,0,chronological_college_combine_ridge
00-0036627,WR,2021,4.68688292468239,4.466666666666667,chronological_college_combine_ridge
00-0036918,WR,2021,2.6304387996752574,0,chronological_college_combine_ridge
00-0036955,WR,2021,6.413139276064947,1.8583333333333334,chronological_college_combine_ridge
00-0036652,WR,2021,2.076261488152668,0.3,chronological_college_combine_ridge
00-0036671,WR,2021,0.21919263166357383,1.4333333333333333,chronological_college_combine_ridge
00-0036980,WR,2021,6.933530972889673,10.60909090909091,chronological_college_combine_ridge
00-0036936,WR,2021,7.696834221687334,6.007142857142857,chronological_college_combine_ridge
00-0036907,WR,2021,2.034061115979149,1.1,chronological_college_combine_ridge
00-0036536,WR,2021,0.7849689500773293,0,chronological_college_combine_ridge
00-0036988,WR,2021,4.026282571851363,5.093333333333334,chronological_college_combine_ridge
00-0036647,WR,2021,2.191363914162618,0,chronological_college_combine_ridge
00-0036991,WR,2021,5.007978474130497,0.475,chronological_college_combine_ridge
00-0036999,WR,2021,6.198693112011277,2.1846153846153844,chronological_college_combine_ridge
00-0036862,WR,2021,0,1.5666666666666667,chronological_college_combine_ridge
00-0036912,WR,2021,6.848007326540287,9.03529411764706,chronological_college_combine_ridge
00-0036572,WR,2021,0.8449647884673341,2.62,chronological_college_combine_ridge
00-0036635,WR,2021,2.9168178718321607,4.3500000000000005,chronological_college_combine_ridge
00-0036963,WR,2021,3.842324268697903,11.14375,chronological_college_combine_ridge
00-0036571,WR,2021,1.7036531778170851,0,chronological_college_combine_ridge
00-0036482,WR,2021,0,1.8,chronological_college_combine_ridge
00-0036913,WR,2021,6.811893857945937,6.984444444444445,chronological_college_combine_ridge
00-0036613,WR,2021,7.280065447439327,12.2375,chronological_college_combine_ridge
00-0036630,WR,2021,3.925958449224377,0.33,chronological_college_combine_ridge
00-0036657,WR,2021,3.2199899366116713,3.9000000000000004,chronological_college_combine_ridge
00-0036628,TE,2021,2.253543186937257,3.4083333333333337,chronological_college_combine_ridge
00-0036640,TE,2021,1.9925090578224287,0,chronological_college_combine_ridge
00-0036887,TE,2021,1.9020323403505799,1.1375000000000002,chronological_college_combine_ridge
00-0036894,TE,2021,3.59519056331792,7.60625,chronological_college_combine_ridge
00-0036876,TE,2021,1.8385780183678597,1.61,chronological_college_combine_ridge
00-0036637,TE,2021,2.1761538608236752,1.8714285714285714,chronological_college_combine_ridge
00-0036556,TE,2021,1.9978236445932587,5.725,chronological_college_combine_ridge
00-0037004,TE,2021,2.6883080999833417,0.43333333333333335,chronological_college_combine_ridge
00-0036565,TE,2021,1.821755595573125,0,chronological_college_combine_ridge
00-0037011,TE,2021,2.813132662740455,1.25,chronological_college_combine_ridge
00-0036970,TE,2021,6.543371047602484,8.38823529411765,chronological_college_combine_ridge
00-0037005,TE,2021,3.209200692040407,2.74,chronological_college_combine_ridge
00-0038132,QB,2022,6.395736173370533,0,chronological_college_combine_ridge
00-0037077,QB,2022,5.660720058540351,18.259999999999998,chronological_college_combine_ridge
00-0037324,QB,2022,0.928081925596778,0,chronological_college_combine_ridge
00-0038102,QB,2022,7.981238213388144,11.373846153846156,chronological_college_combine_ridge
00-0037834,QB,2022,1.8235941625296284,11.806666666666667,chronological_college_combine_ridge
00-0038122,QB,2022,6.593677542156605,10.18,chronological_college_combine_ridge
00-0037327,QB,2022,1.7511228854112795,2.7800000000000002,chronological_college_combine_ridge
00-0038128,QB,2022,6.6884627904507425,2.7628571428571433,chronological_college_combine_ridge
00-0038108,QB,2022,4.546606657534627,10.785,chronological_college_combine_ridge
00-0037263,RB,2022,4.323076536977522,9.3375,chronological_college_combine_ridge
00-0037085,RB,2022,3.0456477755717795,8.9,chronological_college_combine_ridge
00-0037329,RB,2022,0.23041032815762866,0,chronological_college_combine_ridge
00-0037276,RB,2022,3.696829158959971,1,chronological_college_combine_ridge
00-0037265,RB,2022,4.126989760884633,2.04,chronological_college_combine_ridge
00-0037248,RB,2022,7.082123410060852,5.95,chronological_college_combine_ridge
00-0037827,RB,2022,5.974353168653081,1.98,chronological_college_combine_ridge
00-0037087,RB,2022,2.6582367979387826,0.6545454545454545,chronological_college_combine_ridge
00-0037267,RB,2022,4.032949722550431,0.09230769230769233,chronological_college_combine_ridge
00-0038120,RB,2022,9.625941311802547,15.371428571428572,chronological_college_combine_ridge
00-0037286,RB,2022,3.888269839020492,2.2399999999999998,chronological_college_combine_ridge
00-0037617,RB,2022,4.121688287119908,1.4642857142857142,chronological_college_combine_ridge
00-0037304,RB,2022,2.5220844981151713,1.9866666666666668,chronological_college_combine_ridge
00-0037331,RB,2022,0.3422187639503096,2.0125,chronological_college_combine_ridge
00-0037299,RB,2022,3.313837822140832,1.4636363636363638,chronological_college_combine_ridge
00-0037197,RB,2022,2.16582668951282,7.5588235294117645,chronological_college_combine_ridge
00-0037258,RB,2022,5.390590906453075,11.646153846153847,chronological_college_combine_ridge
00-0037746,RB,2022,5.658727058395036,9.016666666666667,chronological_college_combine_ridge
00-0038045,RB,2022,5.341257384093912,1.3800000000000001,chronological_college_combine_ridge
00-0038098,RB,2022,5.197774403388053,2.37,chronological_college_combine_ridge
00-0038134,RB,2022,8.154573720802246,12.6,chronological_college_combine_ridge
00-0037256,RB,2022,6.2527795700346624,6.947058823529411,chronological_college_combine_ridge
00-0038040,RB,2022,5.496685216162554,0.6363636363636364,chronological_college_combine_ridge
00-0037840,RB,2022,3.6851970821989952,3.25,chronological_college_combine_ridge
00-0037837,WR,2022,2.6110608324762343,0,chronological_college_combine_ridge
00-0037257,WR,2022,5.847524681599008,2.226666666666667,chronological_college_combine_ridge
00-0037742,WR,2022,7.6075311666830485,6.50909090909091,chronological_college_combine_ridge
00-0037741,WR,2022,7.850317642837982,9.258333333333335,chronological_college_combine_ridge
00-0037816,WR,2022,2.528081267752973,6.3538461538461535,chronological_college_combine_ridge
00-0038092,WR,2022,1.8298739835332944,0.8,chronological_college_combine_ridge
00-0037828,WR,2022,3.42048269009909,0.34285714285714286,chronological_college_combine_ridge
00-0037745,WR,2022,3.921788026085122,3.1363636363636362,chronological_college_combine_ridge
00-0037238,WR,2022,9.171034135889412,8.623529411764707,chronological_college_combine_ridge
00-0037091,WR,2022,0.9212404224225491,0,chronological_college_combine_ridge
00-0037614,WR,2022,5.19369243689641,0,chronological_college_combine_ridge
00-0038090,WR,2022,5.589054554751106,2.4,chronological_college_combine_ridge
00-0037291,WR,2022,1.6389460897779764,3.5500000000000003,chronological_college_combine_ridge
00-0037239,WR,2022,7.802656713655408,10.946666666666665,chronological_college_combine_ridge
00-0037273,WR,2022,2.2400007370616026,2.95,chronological_college_combine_ridge
00-0037247,WR,2022,6.756639767591987,8.147058823529411,chronological_college_combine_ridge
00-0037664,WR,2022,5.36657207992937,5.737500000000001,chronological_college_combine_ridge
00-0038117,WR,2022,7.214855750084109,6.683333333333334,chronological_college_combine_ridge
00-0037261,WR,2022,2.784428465020988,2.71,chronological_college_combine_ridge
00-0038104,WR,2022,5.12997896311792,4.608333333333333,chronological_college_combine_ridge
00-0037666,WR,2022,4.391086712556397,0.7333333333333334,chronological_college_combine_ridge
00-0037098,WR,2022,0,4.175000000000001,chronological_college_combine_ridge
00-0037272,WR,2022,1.9650805812038676,0.3466666666666667,chronological_college_combine_ridge
00-0038124,WR,2022,5.30959133190156,10.257142857142856,chronological_college_combine_ridge
00-0037240,WR,2022,8.670989078912354,2.4333333333333336,chronological_college_combine_ridge
00-0037740,WR,2022,7.782737420456084,10.364705882352942,chronological_college_combine_ridge
00-0037300,WR,2022,1.362828973148617,0.9285714285714286,chronological_college_combine_ridge
00-0037093,WR,2022,0.4581782835721161,0.5666666666666668,chronological_college_combine_ridge
00-0038115,TE,2022,2.8866854172023855,5.454545454545454,chronological_college_combine_ridge
00-0037086,TE,2022,1.5447901818165288,1.7666666666666666,chronological_college_combine_ridge
00-0037252,TE,2022,3.3297486043461966,6.959999999999999,chronological_college_combine_ridge
00-0038041,TE,2022,2.1767279035778926,3.536363636363637,chronological_college_combine_ridge
00-0037306,TE,2022,0.6375591552073835,0,chronological_college_combine_ridge
00-0037311,TE,2022,0.1820648500711165,1.3461538461538463,chronological_college_combine_ridge
00-0038046,TE,2022,2.2875499485989135,6.9,chronological_college_combine_ridge
00-0037838,TE,2022,1.7433002771847605,5.235714285714287,chronological_college_combine_ridge
00-0037744,TE,2022,3.156957573594088,3.9166666666666665,chronological_college_combine_ridge
00-0037282,TE,2022,1.7156023763157955,2.85,chronological_college_combine_ridge
00-0037317,TE,2022,0.1843110525351589,0,chronological_college_combine_ridge
00-0037292,TE,2022,0.5878614230797287,0,chronological_college_combine_ridge
00-0037809,TE,2022,2.5076178434403955,4.95,chronological_college_combine_ridge
00-0038129,TE,2022,2.6840636636004747,4.50625,chronological_college_combine_ridge
00-0037277,TE,2022,1.8944186749470213,3.8285714285714287,chronological_college_combine_ridge
00-0037805,TE,2022,3.069584070793824,0.65,chronological_college_combine_ridge
00-0037078,TE,2022,2.0404100244142542,0.4714285714285715,chronological_college_combine_ridge
00-0037755,TE,2022,3.6192926491975195,5.141666666666667,chronological_college_combine_ridge
00-0039107,QB,2023,4.561823472918244,0,chronological_college_combine_ridge
00-0038391,QB,2023,3.25426680185892,0.64,chronological_college_combine_ridge
00-0038637,QB,2023,3.980563470226292,0,chronological_college_combine_ridge
00-0038998,QB,2023,5.3998214675017335,0,chronological_college_combine_ridge
00-0038598,QB,2023,4.46965312263107,2.04,chronological_college_combine_ridge
00-0038550,QB,2023,5.825969763265898,0,chronological_college_combine_ridge
00-0039152,QB,2023,7.2652973351175145,11.55777777777778,chronological_college_combine_ridge
00-0038400,QB,2023,4.796844062099523,0,chronological_college_combine_ridge
00-0038579,QB,2023,5.11008521147645,11.80181818181818,chronological_college_combine_ridge
00-0039164,QB,2023,9.686351258376208,17.17,chronological_college_combine_ridge
00-0039163,QB,2023,9.240702428736114,18.634666666666664,chronological_college_combine_ridge
00-0038583,QB,2023,4.856509793842006,2.8714285714285714,chronological_college_combine_ridge
00-0038582,QB,2023,5.000053398176533,1.2466666666666668,chronological_college_combine_ridge
00-0039150,QB,2023,9.339884879550612,10.27375,chronological_college_combine_ridge
00-0038389,RB,2023,3.659077761023558,2.466666666666667,chronological_college_combine_ridge
00-0039040,RB,2023,4.783525289414792,16.10909090909091,chronological_college_combine_ridge
00-0038555,RB,2023,6.720799575855664,1.8692307692307695,chronological_college_combine_ridge
00-0038597,RB,2023,4.187467142454858,3.875,chronological_college_combine_ridge
00-0039165,RB,2023,8.182013615044836,5.6000000000000005,chronological_college_combine_ridge
00-0039136,RB,2023,0.6945338964613375,0.47500000000000003,chronological_college_combine_ridge
00-0039139,RB,2023,12.366640277469754,14.406666666666666,chronological_college_combine_ridge
00-0038396,RB,2023,2.3759719316754255,1,chronological_college_combine_ridge
00-0038397,RB,2023,3.71309976547432,1.2000000000000002,chronological_college_combine_ridge
00-0039021,RB,2023,5.034960636084018,5.673333333333334,chronological_college_combine_ridge
00-0039046,RB,2023,0.6542014101971607,0,chronological_college_combine_ridge
00-0038636,RB,2023,0.11493748349007693,0,chronological_college_combine_ridge
00-0038551,RB,2023,6.37643833770832,5.471428571428572,chronological_college_combine_ridge
00-0038409,RB,2023,0.6262958721430238,0,chronological_college_combine_ridge
00-0038638,RB,2023,0.3184014398736035,0,chronological_college_combine_ridge
00-0038542,RB,2023,15.381140929456825,12.782352941176471,chronological_college_combine_ridge
00-0038611,RB,2023,1.1867666270039212,4.1000000000000005,chronological_college_combine_ridge
00-0039032,RB,2023,6.161705862552462,7.51764705882353,chronological_college_combine_ridge
00-0038622,RB,2023,1.2489806573374564,1.9166666666666667,chronological_college_combine_ridge
00-0038994,WR,2023,8.297256378731637,10.958823529411765,chronological_college_combine_ridge
00-0038647,WR,2023,0.6908261165846471,2.1384615384615384,chronological_college_combine_ridge
00-0038608,WR,2023,3.0974311735796287,0.9666666666666668,chronological_college_combine_ridge
00-0038640,WR,2023,0.9173319353881862,3.1333333333333333,chronological_college_combine_ridge
00-0038573,WR,2023,3.604419067008806,1.4235294117647062,chronological_college_combine_ridge
00-0038977,WR,2023,4.154825125913098,14.15,chronological_college_combine_ridge
00-0038621,WR,2023,1.0666089114038035,6.05,chronological_college_combine_ridge
00-0038632,WR,2023,0.4432525613053577,0.2,chronological_college_combine_ridge
00-0038997,WR,2023,4.380334075290241,7.241176470588236,chronological_college_combine_ridge
00-0038507,WR,2023,0.7979650424238559,0,chronological_college_combine_ridge
00-0039064,WR,2023,6.770503037593447,10.36875,chronological_college_combine_ridge
00-0038627,WR,2023,1.149384241558613,0.35,chronological_college_combine_ridge
00-0038618,WR,2023,1.6797822409580148,1.4916666666666665,chronological_college_combine_ridge
00-0038938,WR,2023,4.395668006282797,3.7538461538461543,chronological_college_combine_ridge
00-0038619,WR,2023,1.1952558225110406,3.9181818181818184,chronological_college_combine_ridge
00-0038544,WR,2023,5.037864839262981,4.411764705882353,chronological_college_combine_ridge
00-0008704,WR,2023,0,0,chronological_college_combine_ridge
00-0038576,WR,2023,2.619652488957722,1.018181818181818,chronological_college_combine_ridge
00-0038976,WR,2023,6.252977894800913,3.60625,chronological_college_combine_ridge
00-0039062,WR,2023,5.589494971880781,4.220000000000001,chronological_college_combine_ridge
00-0039075,WR,2023,1.1823203898034282,14.470588235294118,chronological_college_combine_ridge
00-0039052,WR,2023,1.7196396911257161,4.6000000000000005,chronological_college_combine_ridge
00-0038612,WR,2023,1.1664850133112474,6.825,chronological_college_combine_ridge
00-0039146,WR,2023,5.281497890013902,11.450000000000001,chronological_college_combine_ridge
00-0039067,WR,2023,4.907773457811595,10.9375,chronological_college_combine_ridge
00-0038941,WR,2023,2.846497860296753,2.2615384615384615,chronological_college_combine_ridge
00-0038543,WR,2023,6.616548519024973,6.958823529411766,chronological_college_combine_ridge
00-0016472,WR,2023,0,0,chronological_college_combine_ridge
00-0038979,WR,2023,4.243750325365606,3.063636363636364,chronological_college_combine_ridge
00-0038563,WR,2023,3.669837575489981,4.792307692307692,chronological_college_combine_ridge
00-0038606,WR,2023,2.1790364640694304,4.15,chronological_college_combine_ridge
00-0038393,WR,2023,2.329979239417501,6.817333333333334,chronological_college_combine_ridge
00-0038559,WR,2023,3.727845175476739,7.1923076923076925,chronological_college_combine_ridge
00-0039074,TE,2023,1.9861228307366499,2.9285714285714284,chronological_college_combine_ridge
00-0039050,TE,2023,1.721698164260363,1.3833333333333335,chronological_college_combine_ridge
00-0039041,TE,2023,1.631445555741507,2.6636363636363636,chronological_college_combine_ridge
00-0038933,TE,2023,4.8067836262359815,7.2375,chronological_college_combine_ridge
00-0038996,TE,2023,3.3079864949291036,4.5,chronological_college_combine_ridge
00-0038406,TE,2023,1.3290178992796287,0,chronological_college_combine_ridge
00-0039065,TE,2023,4.363326846489614,11.311764705882354,chronological_college_combine_ridge
00-0038564,TE,2023,3.2291712794361858,0,chronological_college_combine_ridge
00-0038394,TE,2023,1.974299879803723,2.7,chronological_college_combine_ridge
00-0039066,TE,2023,4.193434032710326,4.300000000000001,chronological_college_combine_ridge
00-0039144,TE,2023,4.230832022222942,5.290909090909091,chronological_college_combine_ridge
00-0038547,TE,2023,3.583040993692781,1.875,chronological_college_combine_ridge
00-0038590,TE,2023,2.1748517055012533,0,chronological_college_combine_ridge
00-0038935,TE,2023,3.697166673839538,1.7142857142857142,chronological_college_combine_ridge
00-0038558,TE,2023,3.3644857894429077,1.2000000000000002,chronological_college_combine_ridge
00-0038589,TE,2023,1.8898723551359204,2.211111111111111,chronological_college_combine_ridge
00-0038643,TE,2023,0.5365994313755916,0,chronological_college_combine_ridge
00-0039910,QB,2024,13.278687189786446,20.57764705882353,chronological_college_combine_ridge
00-0039801,QB,2024,1.9376754053592398,0,chronological_college_combine_ridge
00-0039851,QB,2024,14.167909081217854,13.933846153846154,chronological_college_combine_ridge
00-0039923,QB,2024,12.122719427209962,0,chronological_college_combine_ridge
00-0039398,QB,2024,3.6643462144741754,19.240000000000002,chronological_college_combine_ridge
00-0039732,QB,2024,10.387876047935318,18.629411764705882,chronological_college_combine_ridge
00-0039917,QB,2024,11.158781459735401,8.82,chronological_college_combine_ridge
00-0039238,QB,2024,3.3113661747061296,0,chronological_college_combine_ridge
00-0039376,QB,2024,2.537988986207055,10.468571428571428,chronological_college_combine_ridge
00-0039797,QB,2024,3.477523712266235,0,chronological_college_combine_ridge
00-0039918,QB,2024,14.665400766772553,14.97294117647059,chronological_college_combine_ridge
00-0039796,RB,2024,2.3329077190325513,0.62,chronological_college_combine_ridge
00-0039794,RB,2024,4.511517942520081,4.452941176470588,chronological_college_combine_ridge
00-0039921,RB,2024,7.457162394180678,3.6666666666666665,chronological_college_combine_ridge
00-0039344,RB,2024,7.95996519429675,2,chronological_college_combine_ridge
00-0039738,RB,2024,6.47412142006967,2.0000000000000004,chronological_college_combine_ridge
00-0039798,RB,2024,3.4410146997406983,3.184615384615385,chronological_college_combine_ridge
00-0039875,RB,2024,3.3742899168504334,6.329411764705883,chronological_college_combine_ridge
00-0039373,RB,2024,5.043954713347558,3.553846153846154,chronological_college_combine_ridge
00-0039363,RB,2024,5.448167547831067,5.54375,chronological_college_combine_ridge
00-0039361,RB,2024,4.355653975096776,12.994117647058822,chronological_college_combine_ridge
00-0039405,RB,2024,1.3804206464931108,0,chronological_college_combine_ridge
00-0039407,RB,2024,2.5653904122047675,-0.3333333333333333,chronological_college_combine_ridge
00-0039811,RB,2024,6.396613394189714,2.3,chronological_college_combine_ridge
00-0039393,RB,2024,1.8191320185685167,1.6,chronological_college_combine_ridge
00-0039385,RB,2024,3.3687380735280983,0,chronological_college_combine_ridge
00-0039746,RB,2024,3.7515270044263365,1.0538461538461539,chronological_college_combine_ridge
00-0039384,RB,2024,3.9978117239506346,9.605882352941178,chronological_college_combine_ridge
00-0039364,RB,2024,3.504280970474836,0.7333333333333334,chronological_college_combine_ridge
00-0039391,RB,2024,3.22884572861664,3.3555555555555556,chronological_college_combine_ridge
00-0039874,RB,2024,6.651064872193215,1.9384615384615387,chronological_college_combine_ridge
00-0039853,WR,2024,4.035257544219949,0.2833333333333334,chronological_college_combine_ridge
00-0039810,WR,2024,4.484190849180706,1.5875000000000001,chronological_college_combine_ridge
00-0039901,WR,2024,7.616607262362993,7.3076923076923075,chronological_college_combine_ridge
00-0039920,WR,2024,4.467595480848153,0.7399999999999999,chronological_college_combine_ridge
00-0039365,WR,2024,3.31420600475621,0.7133333333333333,chronological_college_combine_ridge
00-0039410,WR,2024,1.155901316131273,1.688888888888889,chronological_college_combine_ridge
00-0039868,WR,2024,5.063145459876584,3.31875,chronological_college_combine_ridge
00-0039816,WR,2024,2.9755750608002987,0.35000000000000003,chronological_college_combine_ridge
00-0007024,WR,2024,4.362766637373287,0,chronological_college_combine_ridge
00-0039849,WR,2024,8.820450166860368,9.852941176470589,chronological_college_combine_ridge
00-0039392,WR,2024,2.2453394575200907,0.06666666666666667,chronological_college_combine_ridge
00-0039437,WR,2024,0.6893261420518317,0,chronological_college_combine_ridge
00-0039342,WR,2024,6.184862501692603,6.706666666666666,chronological_college_combine_ridge
00-0039355,WR,2024,3.988413911572149,1.9846153846153847,chronological_college_combine_ridge
00-0039915,WR,2024,6.423299862797282,12.36875,chronological_college_combine_ridge
00-0039855,WR,2024,4.292494554599812,8.992307692307692,chronological_college_combine_ridge
00-0039386,WR,2024,2.29975385021659,5.575,chronological_college_combine_ridge
00-0039890,WR,2024,5.3735059883243705,2.485882352941177,chronological_college_combine_ridge
00-0039337,WR,2024,9.415352470702288,14.473333333333334,chronological_college_combine_ridge
00-0039919,WR,2024,8.204198836089748,7.052941176470589,chronological_college_combine_ridge
00-0039397,WR,2024,1.249805877662029,0,chronological_college_combine_ridge
00-0039916,WR,2024,6.159513657242157,7.090909090909091,chronological_college_combine_ridge
00-0039907,WR,2024,6.284763457730976,1.9071428571428573,chronological_college_combine_ridge
00-0039415,WR,2024,1.5337424304603122,0,chronological_college_combine_ridge
00-0039747,WR,2024,2.155212862567864,4.733333333333333,chronological_college_combine_ridge
00-0039893,WR,2024,6.9865172965132265,13.911764705882353,chronological_college_combine_ridge
00-0039379,WR,2024,2.707243352284725,0.6166666666666667,chronological_college_combine_ridge
00-0039424,WR,2024,0.6698839306470246,6.615384615384615,chronological_college_combine_ridge
00-0039792,WR,2024,3.4033744381758284,2.8666666666666667,chronological_college_combine_ridge
00-0039394,WR,2024,1.430754389334987,0.9500000000000001,chronological_college_combine_ridge
00-0039880,WR,2024,1.8801013235115998,3.1285714285714286,chronological_college_combine_ridge
00-0039884,WR,2024,0,0,chronological_college_combine_ridge
00-0039751,WR,2024,0.9074710470593945,2.9642857142857144,chronological_college_combine_ridge
00-0039236,WR,2024,2.0020779343773154,1.23,chronological_college_combine_ridge
00-0039739,WR,2024,4.9918626623559526,0,chronological_college_combine_ridge
00-0039894,WR,2024,7.6858366690306115,9.85625,chronological_college_combine_ridge
00-0039814,TE,2024,2.896008065646778,3.225,chronological_college_combine_ridge
00-0039793,TE,2024,3.0776349415622115,4.233333333333333,chronological_college_combine_ridge
00-0039420,TE,2024,0.9422866667919936,0.75,chronological_college_combine_ridge
00-0039338,TE,2024,6.317039641442865,12.158823529411764,chronological_college_combine_ridge
00-0039754,TE,2024,1.0721604601710122,5.65,chronological_college_combine_ridge
00-0039847,TE,2024,2.0360142412399225,4.872727272727273,chronological_college_combine_ridge
00-0039399,TE,2024,0.9469577182679039,0,chronological_college_combine_ridge
00-0039737,TE,2024,3.475080035847836,0.8375,chronological_college_combine_ridge
00-0039356,TE,2024,3.0235910869707725,3.7800000000000002,chronological_college_combine_ridge
00-0039912,TE,2024,4.374205721427485,1.6142857142857143,chronological_college_combine_ridge
00-0039359,TE,2024,1.866116981996536,1.9142857142857144,chronological_college_combine_ridge
00-0039824,TE,2024,2.6640917006375466,1.2000000000000002,chronological_college_combine_ridge
00-0040691,QB,2025,10.695628387946556,17.255714285714284,chronological_college_combine_ridge
00-0040234,QB,2025,2.8978649876570173,8.169999999999998,chronological_college_combine_ridge
00-0040704,QB,2025,5.918631985950735,7.008,chronological_college_combine_ridge
00-0040203,QB,2025,3.9573485230792467,0,chronological_college_combine_ridge
00-0040206,QB,2025,3.719903507619929,6.6,chronological_college_combine_ridge
00-0040014,QB,2025,3.919705002712985,0,chronological_college_combine_ridge
00-0040211,QB,2025,2.6589934446288352,0,chronological_college_combine_ridge
00-0040222,QB,2025,0.40113002078597526,0,chronological_college_combine_ridge
00-0040673,QB,2025,7.009069754898081,-0.5333333333333333,chronological_college_combine_ridge
00-0040589,QB,2025,1.798126324473294,0,chronological_college_combine_ridge
00-0040668,QB,2025,4.6533698264489045,10.8625,chronological_college_combine_ridge
00-0040743,QB,2025,8.256498741557635,14.360000000000001,chronological_college_combine_ridge
00-0040676,QB,2025,14.682835896212175,11.803529411764705,chronological_college_combine_ridge
00-0040238,RB,2025,1.3080296174854402,1.2375,chronological_college_combine_ridge
00-0040586,RB,2025,3.9748055942507103,3.9799999999999995,chronological_college_combine_ridge
00-0040208,RB,2025,3.1701447431200616,0.4916666666666667,chronological_college_combine_ridge
00-0040242,RB,2025,0.12617886084320584,7.988235294117648,chronological_college_combine_ridge
00-0040644,RB,2025,5.592662632953663,0.7176470588235295,chronological_college_combine_ridge
00-0040179,RB,2025,5.379698936529685,1.9200000000000004,chronological_college_combine_ridge
00-0040198,RB,2025,3.3350417035448325,2.9764705882352946,chronological_college_combine_ridge
00-0040666,RB,2025,12.431632209880123,13.3,chronological_college_combine_ridge
00-0040730,RB,2025,8.648272707845399,10.770588235294117,chronological_college_combine_ridge
00-0040734,RB,2025,9.448477976605858,11.100000000000001,chronological_college_combine_ridge
00-0040692,RB,2025,4.9635209817505705,0,chronological_college_combine_ridge
00-0040177,RB,2025,4.29808504778127,0,chronological_college_combine_ridge
00-0040122,RB,2025,13.490388275814597,12.799999999999999,chronological_college_combine_ridge
00-0040142,RB,2025,5.9619284063404185,0.8300000000000001,chronological_college_combine_ridge
00-0040784,RB,2025,10.075268937863333,11.057142857142855,chronological_college_combine_ridge
00-0040021,RB,2025,0,9.9,chronological_college_combine_ridge
00-0040583,RB,2025,5.548557711746311,8.31875,chronological_college_combine_ridge
00-0040651,RB,2025,2.4922021252761457,0,chronological_college_combine_ridge
00-0040236,RB,2025,1.4842903343875566,7.8647058823529425,chronological_college_combine_ridge
00-0040205,RB,2025,1.0448875680553686,0.17500000000000002,chronological_college_combine_ridge
00-0040202,RB,2025,3.090850902501162,5.722222222222222,chronological_college_combine_ridge
00-0040649,RB,2025,3.464856519422528,0,chronological_college_combine_ridge
00-0040162,RB,2025,4.558485366066801,4.873333333333333,chronological_college_combine_ridge
00-0040715,RB,2025,4.958022062138388,14.2125,chronological_college_combine_ridge
00-0040078,RB,2025,1.6948904000493552,2.988235294117647,chronological_college_combine_ridge
00-0040719,RB,2025,6.941528887472444,5.573333333333334,chronological_college_combine_ridge
00-0040170,WR,2025,3.287178760982201,6,chronological_college_combine_ridge
00-0040729,WR,2025,3.5950262485142117,2.3142857142857145,chronological_college_combine_ridge
00-0040247,WR,2025,0.3868085274301818,0,chronological_college_combine_ridge
00-0040134,WR,2025,4.993657719302585,4.561538461538462,chronological_college_combine_ridge
00-0040735,WR,2025,7.286398385636071,6.96,chronological_college_combine_ridge
00-0040705,WR,2025,3.4494786954061656,5.41764705882353,chronological_college_combine_ridge
00-0040129,WR,2025,6.94823926239693,9.541176470588237,chronological_college_combine_ridge
00-0040154,WR,2025,4.110080154234718,0.3333333333333333,chronological_college_combine_ridge
00-0040667,WR,2025,7.233516734691566,3.9642857142857144,chronological_college_combine_ridge
00-0040727,WR,2025,5.4793440797771575,3.4,chronological_college_combine_ridge
00-0040130,WR,2025,6.340244230095876,6.411764705882353,chronological_college_combine_ridge
00-0040218,WR,2025,1.9343974966091249,2.3200000000000003,chronological_college_combine_ridge
00-0040648,WR,2025,2.8288357916031317,6.575,chronological_college_combine_ridge
00-0040237,WR,2025,1.2731944931598937,5.2266666666666675,chronological_college_combine_ridge
00-0040184,WR,2025,2.549648062559659,1.36,chronological_college_combine_ridge
00-0040164,WR,2025,2.910176129771579,2.08,chronological_college_combine_ridge
00-0040241,WR,2025,1.2583443739499318,0,chronological_college_combine_ridge
00-0040124,WR,2025,8.357408133124054,10.494117647058824,chronological_college_combine_ridge
00-0040220,WR,2025,0.8883835551188783,0,chronological_college_combine_ridge
00-0040590,WR,2025,1.4436654739565495,2.0200000000000005,chronological_college_combine_ridge
00-0040138,WR,2025,4.248400063581539,3.258823529411765,chronological_college_combine_ridge
00-0040646,WR,2025,3.3820051142399645,0.7,chronological_college_combine_ridge
00-0040582,WR,2025,3.401412693181568,0.7692307692307693,chronological_college_combine_ridge
00-0040669,WR,2025,4.452884020670706,4.8500000000000005,chronological_college_combine_ridge
00-0040581,WR,2025,3.678061313812928,1.6818181818181819,chronological_college_combine_ridge
00-0040172,WR,2025,3.0410838443710357,1.8,chronological_college_combine_ridge
00-0040075,WR,2025,2.1097772215769393,0,chronological_college_combine_ridge
00-0040653,WR,2025,1.458563882300581,0,chronological_college_combine_ridge
00-0040131,WR,2025,4.956238667190662,3.1571428571428575,chronological_college_combine_ridge
00-0040009,WR,2025,4.304241414685317,1.7083333333333333,chronological_college_combine_ridge
00-0040739,TE,2025,4.962846878579654,2.4153846153846157,chronological_college_combine_ridge
00-0040215,TE,2025,2.1359562974837005,0,chronological_college_combine_ridge
00-0040187,TE,2025,1.8273495510432347,2.7642857142857147,chronological_college_combine_ridge
00-0040663,TE,2025,4.19266194820741,9.4,chronological_college_combine_ridge
00-0040737,TE,2025,4.473532872497129,4.236363636363636,chronological_college_combine_ridge
00-0040225,TE,2025,1.220729464378645,0,chronological_college_combine_ridge
00-0040189,TE,2025,1.6869854721316735,7.260000000000001,chronological_college_combine_ridge
00-0040194,TE,2025,1.028398953778049,3.4384615384615387,chronological_college_combine_ridge
00-0040584,TE,2025,3.11077137078478,4.35625,chronological_college_combine_ridge
00-0040250,TE,2025,0.2630521164896182,0,chronological_college_combine_ridge
00-0040240,TE,2025,0.1746662683295975,0,chronological_college_combine_ridge
00-0040126,TE,2025,7.655039307219808,8.50625,chronological_college_combine_ridge
00-0040244,TE,2025,0.6290961428430961,2,chronological_college_combine_ridge
00-0040736,TE,2025,5.722781202420932,4.992307692307692,chronological_college_combine_ridge
00-0040128,TE,2025,6.616295510136909,8.852941176470589,chronological_college_combine_ridge
