season,team,team_pass_attempts_pg,team_carries_pg,team_pass_yd_pg,team_rush_yd_pg,team_points_proxy_pg,team_attempts_total,team_carries_total,prior_season,team_prior_pass_attempts_pg,team_prior_carries_pg,team_prior_pass_yd_pg,team_prior_rush_yd_pg,team_prior_points_pg,target_team_pass_attempts_pg,target_team_carries_pg,team_prior_pass_rate,team_prior_neutral_pass_rate,team_prior_plays_pg,team_prior_redzone_pass_rate,team_prior_redzone_rush_rate,team_prior_deep_throw_rate,team_prior_shotgun_rate,team_prior_no_huddle_rate,team_prior_avg_air_yards
2015,ARI,35.125,28.25,298.4375,119.8125,38.66875,562,452,2014,35.5,24.8125,249.375,81.75,25.65,35.125,28.25,0,0,0,0,0,0,0,0,0
2016,ARI,40.375,24.9375,276.5625,108.25,36.3875,646,399,2015,35.125,28.25,298.4375,119.8125,38.66875,40.375,24.9375,0,0,0,0,0,0,0,0,0
2017,ARI,37.375,25.5625,248.6875,86.625,26.11,598,409,2016,40.375,24.9375,276.5625,108.25,36.3875,37.375,25.5625,0,0,0,0,0,0,0,0,0
2018,ARI,30.9375,22.1875,180.25,83.875,22.722500000000004,495,355,2017,37.375,25.5625,248.6875,86.625,26.11,30.9375,22.1875,0,0,0,0,0,0,0,0,0
2019,ARI,34.625,24.75,237.3125,124.375,33.68,554,396,2018,30.9375,22.1875,180.25,83.875,22.722500000000004,34.625,24.75,0.6232044198895028,0.4702194357366771,56.5625,0.5760869565217391,0.42391304347826086,0.1912568306010929,0.569060773480663,0.0707182320441989,8.038383838383838
2020,ARI,35.9375,29.9375,256.375,139.8125,39.236250000000005,575,479,2019,34.625,24.75,237.3125,124.375,33.68,35.9375,29.9375,0.6350947158524427,0.5773672055427251,62.6875,0.5973154362416108,0.40268456375838924,0.18451400329489293,0.8733798604187437,0.28414755732801594,7.572202166064982
2021,ARI,34.76470588235294,29.176470588235293,271.70588235294116,122.11764705882354,37.55058823529412,591,496,2020,35.9375,29.9375,256.375,139.8125,39.236250000000005,34.76470588235294,29.176470588235293,0.6040515653775322,0.5610278372591007,67.875,0.4418604651162791,0.5581395348837209,0.17491749174917492,0.9079189686924494,0.3821362799263352,7.782608695652174
2022,ARI,39.05882352941177,25.529411764705884,233.2941176470588,110.17647058823529,29.64352941176471,664,434,2021,34.76470588235294,29.176470588235293,271.70588235294116,122.11764705882354,37.55058823529412,39.05882352941177,25.529411764705884,0.5899025686448184,0.6026315789473684,66.41176470588235,0.5,0.5,0.18641390205371247,0.9007971656333038,0.366696191319752,7.487309644670051
2023,ARI,32.64705882352941,27.705882352941178,201.76470588235293,139.11764705882354,32.21764705882353,555,471,2022,39.05882352941177,25.529411764705884,233.2941176470588,110.17647058823529,29.64352941176471,32.64705882352941,27.705882352941178,0.6565481352992194,0.5737704918032787,67.82352941176471,0.5496688741721855,0.45033112582781454,0.16875871687587168,0.8933217692974849,0.32784041630529054,6.933734939759036
2024,ARI,31.941176470588236,27.235294117647058,227,144.1764705882353,34.79176470588236,543,463,2023,32.64705882352941,27.705882352941178,201.76470588235293,139.11764705882354,32.21764705882353,31.941176470588236,27.235294117647058,0.5892691951896393,0.4588235294117647,63.588235294117645,0.5319148936170213,0.46808510638297873,0.18543046357615897,0.7030527289546716,0.1026827012025902,7.542342342342343
2025,ARI,38.1764705882353,21.529411764705884,256.11764705882354,93.11764705882354,29.556470588235292,649,366,2024,31.941176470588236,27.235294117647058,227,144.1764705882353,34.79176470588236,38.1764705882353,21.529411764705884,0.5898174831892411,0.5714285714285714,61.23529411764706,0.49375,0.50625,0.1849912739965096,0.7079731027857828,0.10470701248799232,6.808471454880294
2015,ATL,38.8125,26.25,287.625,100.375,31.667500000000004,621,420,2014,39.5,23.25,297.375,93.625,32.3825,38.8125,26.25,0,0,0,0,0,0,0,0,0
2016,ATL,33.5625,26.3125,310,120.5,41.45,537,421,2015,38.8125,26.25,287.625,100.375,31.667500000000004,33.5625,26.3125,0,0,0,0,0,0,0,0,0
2017,ATL,33.125,26.875,259.125,115.4375,31.65875,530,430,2016,33.5625,26.3125,310,120.5,41.45,33.125,26.875,0,0,0,0,0,0,0,0,0
2018,ATL,38.5625,21.9375,309.3125,98.3125,35.32875,617,351,2017,33.125,26.875,259.125,115.4375,31.65875,38.5625,21.9375,0,0,0,0,0,0,0,0,0
2019,ATL,42.75,22.625,315.5625,85.0625,32.128750000000004,684,362,2018,38.5625,21.9375,309.3125,98.3125,35.32875,42.75,22.625,0.6712598425196851,0.5920745920745921,63.5,0.6482758620689655,0.3517241379310345,0.1924812030075188,0.5068897637795275,0.07381889763779527,8.54132901134522
2020,ATL,39.25,25.5625,288.75,95.75,32.75,628,409,2019,42.75,22.625,315.5625,85.0625,32.128750000000004,39.25,25.5625,0.6914027149321267,0.5729166666666666,69.0625,0.6608187134502924,0.3391812865497076,0.16981132075471697,0.5737556561085972,0.09049773755656108,8.092105263157896
2021,ATL,33.705882352941174,23.11764705882353,234.52941176470588,85.3529411764706,26.50470588235294,573,393,2020,39.25,25.5625,288.75,95.75,32.75,33.705882352941174,23.11764705882353,0.6364477335800185,0.5614035087719298,67.5625,0.580110497237569,0.419889502762431,0.20535714285714285,0.5337650323774283,0.07955596669750231,8.639553429027114
2022,ATL,24.41176470588235,32.88235294117647,172.1764705882353,159.88235294117646,32.87529411764706,415,559,2021,33.705882352941174,23.11764705882353,234.52941176470588,85.3529411764706,26.50470588235294,24.41176470588235,32.88235294117647,0.626362735381566,0.542528735632184,59.35294117647059,0.5914634146341463,0.4085365853658537,0.14471544715447154,0.5252725470763132,0.13280475718533202,7.230366492146596
2023,ATL,31.176470588235293,30.705882352941178,222.05882352941177,127,30.523529411764706,530,522,2022,24.41176470588235,32.88235294117647,172.1764705882353,159.88235294117646,32.87529411764706,31.176470588235293,30.705882352941178,0.485207100591716,0.4439140811455847,59.64705882352941,0.36,0.64,0.2070484581497797,0.7396449704142012,0.15976331360946747,9.718072289156629
2024,ATL,32.88235294117647,29.11764705882353,251.94117647058823,130.52941176470588,34.424705882352946,559,495,2023,31.176470588235293,30.705882352941178,222.05882352941177,127,30.523529411764706,32.88235294117647,29.11764705882353,0.5529197080291971,0.505091649694501,64.47058823529412,0.44666666666666666,0.5533333333333333,0.19895287958115185,0.7627737226277372,0.13594890510948904,8.213610586011342
2025,ATL,32.05882352941177,28.058823529411764,217.8235294117647,125.76470588235294,31.760000000000005,545,477,2024,32.88235294117647,29.11764705882353,251.94117647058823,130.52941176470588,34.424705882352946,32.05882352941177,28.058823529411764,0.5504587155963303,0.5018867924528302,64.11764705882354,0.42857142857142855,0.5714285714285714,0.19561551433389543,0.8055045871559633,0.14770642201834863,7.989266547406082
2015,BAL,42.25,23.9375,278.0625,92.375,28.610000000000003,676,383,2014,34.625,28,249.125,126.1875,35.33375,42.25,23.9375,0,0,0,0,0,0,0,0,0
2016,BAL,42.4375,22.9375,271.4375,91.4375,28.75125,679,367,2015,42.25,23.9375,278.0625,92.375,28.610000000000003,42.4375,22.9375,0,0,0,0,0,0,0,0,0
2017,BAL,35.4375,28.75,202.1875,116,29.9375,567,460,2016,42.4375,22.9375,271.4375,91.4375,28.75125,35.4375,28.75,0,0,0,0,0,0,0,0,0
2018,BAL,34.75,34.1875,231.75,152.5625,36.151250000000005,556,547,2017,35.4375,28.75,202.1875,116,29.9375,34.75,34.1875,0,0,0,0,0,0,0,0,0
2019,BAL,27.5,37.25,209.375,206,46.1,440,596,2018,34.75,34.1875,231.75,152.5625,36.151250000000005,27.5,37.25,0.5364354697102721,0.48785425101214575,71.1875,0.4488636363636363,0.5511363636363638,0.188135593220339,0.7848990342405618,0.05970149253731343,8.638489208633093
2020,BAL,25.375,34.6875,182.4375,191.9375,42.24125,406,555,2019,27.5,37.25,209.375,206,46.1,25.375,34.6875,0.4742750233863424,0.4342105263157895,66.8125,0.4224598930481284,0.5775401069518715,0.19402985074626863,0.9270346117867164,0.0187090739008419,8.686363636363636
2021,BAL,35.94117647058823,30.41176470588235,251,145.8235294117647,35.9164705882353,611,517,2020,25.375,34.6875,182.4375,191.9375,42.24125,35.94117647058823,30.41176470588235,0.4914572864321608,0.4661016949152542,62.1875,0.436046511627907,0.563953488372093,0.19134396355353075,0.9517587939698492,0.02814070351758794,8.69704433497537
2022,BAL,28.705882352941178,30.941176470588236,188.35294117647058,160,32.945882352941176,488,526,2021,35.94117647058823,30.41176470588235,251,145.8235294117647,35.9164705882353,28.705882352941178,30.941176470588236,0.6286672254819782,0.5720338983050848,70.17647058823529,0.5895953757225434,0.4104046242774566,0.17037037037037037,0.9413243922883489,0.06957250628667226,8.591133004926109
2023,BAL,29.058823529411764,31.823529411764707,228.2941176470588,156.52941176470588,40.31411764705882,494,541,2022,28.705882352941178,30.941176470588236,188.35294117647058,160,32.945882352941176,29.058823529411764,31.823529411764707,0.538899430740038,0.5369978858350951,62,0.5085714285714286,0.49142857142857144,0.1650853889943074,0.8700189753320683,0.04838709677419355,8.225409836065573
2024,BAL,28.058823529411764,32.588235294117645,246.41176470588235,187.58823529411765,45.67411764705883,477,554,2023,29.058823529411764,31.823529411764707,228.2941176470588,156.52941176470588,40.31411764705882,28.058823529411764,32.588235294117645,0.564935064935065,0.5942982456140351,63.411764705882355,0.4583333333333333,0.5416666666666667,0.1772388059701493,0.8367346938775511,0.06771799628942486,8.277327935222672
2025,BAL,24.823529411764707,29.823529411764707,192.8235294117647,156.58823529411765,36.90117647058823,422,507,2024,28.058823529411764,32.588235294117645,246.41176470588235,187.58823529411765,45.67411764705883,24.823529411764707,29.823529411764707,0.5189035916824196,0.5177304964539007,62.23529411764706,0.49390243902439024,0.5060975609756098,0.22664015904572565,0.6890359168241966,0.05860113421550094,8.725366876310273
2015,BUF,29.0625,31.8125,225,152,37.075,465,509,2014,36.1875,25.125,241,92.625,27.277500000000003,29.0625,31.8125,0,0,0,0,0,0,0,0,0
2016,BUF,29.625,30.75,203.125,164.375,39.6875,474,492,2015,29.0625,31.8125,225,152,37.075,29.625,30.75,0,0,0,0,0,0,0,0,0
2017,BUF,29.6875,30.4375,191.5625,126.0625,28.768750000000004,475,487,2016,29.625,30.75,203.125,164.375,39.6875,29.6875,30.4375,0,0,0,0,0,0,0,0,0
2018,BUF,31.125,29.25,190.75,124,28.905,498,468,2017,29.6875,30.4375,191.5625,126.0625,28.768750000000004,31.125,29.25,0,0,0,0,0,0,0,0,0
2019,BUF,32.0625,29.0625,217.25,128.375,31.6525,513,465,2018,31.125,29.25,190.75,124,28.905,32.0625,29.0625,0.5910891089108911,0.46546546546546547,63.125,0.5084745762711864,0.4915254237288136,0.26199261992619927,0.5673267326732673,0.07425742574257425,9.92570281124498
2020,BUF,37.25,25.6875,299.125,107.6875,38.73375,596,411,2019,32.0625,29.0625,217.25,128.375,31.6525,37.25,25.6875,0.5866797257590598,0.5657015590200446,63.8125,0.5285714285714286,0.4714285714285714,0.22702702702702704,0.6033300685602351,0.15083251714005877,9.134502923976608
2021,BUF,38.529411764705884,27.11764705882353,261.7647058823529,129.94117647058823,38.99411764705882,655,461,2020,37.25,25.6875,299.125,107.6875,38.73375,38.529411764705884,27.11764705882353,0.6309178743961352,0.6240963855421687,64.6875,0.569060773480663,0.430939226519337,0.1971153846153846,0.6869565217391305,0.0647342995169082,8.61241610738255
2022,BUF,33.76470588235294,25.294117647058822,252.41176470588235,131.2941176470588,36.75529411764706,574,430,2021,38.529411764705884,27.11764705882353,261.7647058823529,129.94117647058823,38.99411764705882,33.76470588235294,25.294117647058822,0.6379460400348129,0.6297229219143576,67.58823529411765,0.5967741935483871,0.4032258064516129,0.19825072886297376,0.7180156657963447,0.11836379460400348,8.17557251908397
2023,BUF,34.05882352941177,30.11764705882353,253.2941176470588,130.11764705882354,37.731764705882355,579,512,2022,33.76470588235294,25.294117647058822,252.41176470588235,131.2941176470588,36.75529411764706,34.05882352941177,30.11764705882353,0.6336538461538461,0.6359918200408998,65,0.5628415300546448,0.43715846994535523,0.2450657894736842,0.7221153846153846,0.09519230769230767,9.209059233449477
2024,BUF,30.58823529411765,28.88235294117647,231.64705882352942,131.1764705882353,40.73647058823529,520,491,2023,34.05882352941177,30.11764705882353,253.2941176470588,130.11764705882354,37.731764705882355,30.58823529411765,28.88235294117647,0.5853440571939231,0.5835095137420718,65.82352941176471,0.4895833333333333,0.5104166666666667,0.23228995057660623,0.7265415549597856,0.128686327077748,8.67357512953368
2025,BUF,29.11764705882353,32.1764705882353,234.1764705882353,159.64705882352942,42.74352941176471,495,547,2024,30.58823529411765,28.88235294117647,231.64705882352942,131.1764705882353,40.73647058823529,29.11764705882353,32.1764705882353,0.564327485380117,0.5523809523809524,60.35294117647059,0.4564102564102564,0.5435897435897437,0.2411214953271028,0.6442495126705653,0.06335282651072124,8.196153846153846
2015,CAR,31.3125,32.875,242.0625,142.625,39.82,501,526,2014,34.0625,29.5625,239.25,127.25,31.795,31.3125,32.875,0,0,0,0,0,0,0,0,0
2016,CAR,35.1875,28.3125,247.625,113.375,32.4925,563,453,2015,31.3125,32.875,242.0625,142.625,39.82,35.1875,28.3125,0,0,0,0,0,0,0,0,0
2017,CAR,31.3125,30.625,207.4375,131.375,32.56,501,490,2016,35.1875,28.3125,247.625,113.375,32.4925,31.3125,30.625,0,0,0,0,0,0,0,0,0
2018,CAR,35.1875,26,254.4375,133.5,36.9025,563,416,2017,31.3125,30.625,207.4375,131.375,32.56,35.1875,26,0,0,0,0,0,0,0,0,0
2019,CAR,39.5625,24.125,258.375,113.6875,33.45375,633,386,2018,35.1875,26,254.4375,133.5,36.9025,39.5625,24.125,0.6200787401574803,0.5257452574525745,63.5,0.5157232704402516,0.48427672955974843,0.17696160267111852,0.7539370078740157,0.08070866141732283,7.390763765541741
2020,CAR,34.375,25.4375,258.0625,106.5,32.0975,550,407,2019,39.5625,24.125,258.375,113.6875,33.45375,34.375,25.4375,0.6648148148148149,0.5664893617021277,67.5,0.5584415584415584,0.4415584415584416,0.19336219336219335,0.7138888888888889,0.07962962962962963,8.371248025276461
2021,CAR,35.23529411764706,26.764705882352942,210.1764705882353,108.3529411764706,28.536470588235293,599,455,2020,34.375,25.4375,258.0625,106.5,32.0975,35.23529411764706,26.764705882352942,0.629145728643216,0.5802139037433155,62.1875,0.5060240963855421,0.49397590361445787,0.1904761904761905,0.6080402010050251,0.0321608040201005,7.493624772313296
2022,CAR,26.88235294117647,28.41176470588235,190.94117647058823,130,30.049411764705884,457,483,2021,35.23529411764706,26.764705882352942,210.1764705882353,108.3529411764706,28.536470588235293,26.88235294117647,28.41176470588235,0.6162162162162163,0.48130841121495327,65.29411764705883,0.4859154929577465,0.5140845070422535,0.1636085626911315,0.6612612612612613,0.12612612612612611,7.398659966499163
2023,CAR,34.470588235294116,26.176470588235293,190.88235294117646,104.05882352941177,23.57058823529412,586,445,2022,26.88235294117647,28.41176470588235,190.94117647058823,130,30.049411764705884,34.470588235294116,26.176470588235293,0.523469387755102,0.47911547911547914,57.64705882352941,0.42105263157894735,0.5789473684210527,0.20445344129554657,0.5408163265306123,0.09081632653061224,7.266958424507659
2024,CAR,32.1764705882353,24.11764705882353,200.64705882352942,110.47058823529412,30.60235294117647,547,410,2023,34.470588235294116,26.176470588235293,190.88235294117646,104.05882352941177,23.57058823529412,32.1764705882353,24.11764705882353,0.6223839854413102,0.4954954954954955,64.6470588235294,0.4793388429752066,0.5206611570247934,0.18865030674846625,0.8234758871701547,0.11282984531392176,7.648464163822526
2025,CAR,30.294117647058822,27.11764705882353,194.35294117647058,116.29411764705883,28.22705882352941,515,461,2024,32.1764705882353,24.11764705882353,200.64705882352942,110.47058823529412,30.60235294117647,30.294117647058822,27.11764705882353,0.6305220883534136,0.5131578947368421,58.588235294117645,0.6163522012578616,0.3836477987421384,0.2188034188034188,0.6746987951807228,0.071285140562249,8.160877513711151
2015,CHI,32.6875,29.25,240.1875,115.875,31.32,523,468,2014,38.0625,22.1875,252.1875,90.0625,29.59375,32.6875,29.25,0,0,0,0,0,0,0,0,0
2016,CHI,34.9375,23.75,258.6875,108.4375,29.69125,559,380,2015,32.6875,29.25,240.1875,115.875,31.32,34.9375,23.75,0,0,0,0,0,0,0,0,0
2017,CHI,29.5625,26.375,192.8125,111.75,27.012500000000003,473,422,2016,34.9375,23.75,258.6875,108.4375,29.69125,29.5625,26.375,0,0,0,0,0,0,0,0,0
2018,CHI,32,29.25,234.1875,121.125,34.480000000000004,512,468,2017,29.5625,26.375,192.8125,111.75,27.012500000000003,32,29.25,0,0,0,0,0,0,0,0,0
2019,CHI,36.25,24.6875,223.3125,91.125,26.045,580,395,2018,32,29.25,234.1875,121.125,34.480000000000004,36.25,24.6875,0.5776031434184676,0.5432098765432098,63.625,0.5972222222222222,0.4027777777777778,0.21636363636363637,0.7829076620825147,0.03536345776031434,8.79296875
2020,CHI,38.375,24.5625,245.3125,102.9375,31.106250000000003,614,393,2019,36.25,24.6875,223.3125,91.125,26.045,38.375,24.5625,0.6366307541625857,0.5800970873786407,63.8125,0.6141732283464567,0.3858267716535433,0.19169329073482427,0.7639569049951028,0.14397649363369247,7.824137931034483
2021,CHI,31.88235294117647,27.941176470588236,213.8235294117647,118.70588235294117,29.129411764705885,542,475,2020,38.375,24.5625,245.3125,102.9375,31.106250000000003,31.88235294117647,27.941176470588236,0.6424474187380497,0.5529715762273901,65.375,0.5976331360946746,0.4023668639053254,0.19478527607361965,0.6395793499043977,0.09560229445506692,7.957516339869281
2022,CHI,22.176470588235293,32.8235294117647,152.8235294117647,177.2941176470588,34.66588235294118,377,558,2021,31.88235294117647,27.941176470588236,213.8235294117647,118.70588235294117,29.129411764705885,22.176470588235293,32.8235294117647,0.6135310472659871,0.47074468085106386,63.47058823529411,0.536144578313253,0.463855421686747,0.1804635761589404,0.6607970342910102,0.10750695088044486,8.293357933579335
2023,CHI,30.176470588235293,31.41176470588235,201.23529411764707,141.11764705882354,32.27882352941177,513,534,2022,22.176470588235293,32.8235294117647,152.8235294117647,177.2941176470588,34.66588235294118,30.176470588235293,31.41176470588235,0.5110220440881763,0.4400921658986175,58.705882352941174,0.4084507042253521,0.5915492957746479,0.20909090909090908,0.655310621242485,0.05511022044088176,9.087533156498674
2024,CHI,33.294117647058826,25.352941176470587,208.94117647058823,102,27.851764705882353,566,431,2023,30.176470588235293,31.41176470588235,201.23529411764707,141.11764705882354,32.27882352941177,33.294117647058826,25.352941176470587,0.5640326975476839,0.504950495049505,64.76470588235294,0.567741935483871,0.432258064516129,0.16784452296819788,0.7638510445049954,0.08174386920980926,7.358674463937622
2025,CHI,33.76470588235294,29.705882352941178,234.76470588235293,144.47058823529412,37.131764705882354,574,505,2024,33.294117647058826,25.352941176470587,208.94117647058823,102,27.851764705882353,33.76470588235294,29.705882352941178,0.6455813953488372,0.5211970074812967,63.23529411764706,0.6180555555555556,0.3819444444444444,0.1940993788819876,0.6995348837209302,0.2576744186046512,8.010600706713781
2015,CIN,31.5625,29.1875,256.5,112.8125,36.04125,505,467,2014,31.4375,30.75,221.9375,134.1875,34.42125,31.5625,29.1875,0,0,0,0,0,0,0,0,0
2016,CIN,35.1875,27.875,262.875,110.5625,32.44625,563,446,2015,31.5625,29.1875,256.5,112.8125,36.04125,35.1875,27.875,0,0,0,0,0,0,0,0,0
2017,CIN,31.875,23.5625,211.625,85.375,25.502499999999998,510,377,2016,35.1875,27.875,262.875,110.5625,32.44625,31.875,23.5625,0,0,0,0,0,0,0,0,0
2018,CIN,33.875,22.4375,223.0625,105.125,31.060000000000002,542,359,2017,31.875,23.5625,211.625,85.375,25.502499999999998,33.875,22.4375,0,0,0,0,0,0,0,0,0
2019,CIN,38.5,24.0625,249.625,94.8125,27.341250000000002,616,385,2018,33.875,22.4375,223.0625,105.125,31.060000000000002,38.5,24.0625,0.643312101910828,0.5833333333333334,58.875,0.6341463414634146,0.36585365853658536,0.1972555746140652,0.6539278131634819,0.03503184713375796,8.042435424354244
2020,CIN,36.3125,25.6875,237.0625,104.25,29.5325,581,411,2019,38.5,24.0625,249.625,94.8125,27.341250000000002,36.3125,25.6875,0.6482889733840305,0.5343511450381679,65.75,0.6232876712328768,0.37671232876712324,0.17867867867867868,0.6834600760456274,0.0370722433460076,8.152597402597403
2021,CIN,32.64705882352941,25.647058823529413,282.70588235294116,102.47058823529412,35.672941176470594,555,436,2020,36.3125,25.6875,237.0625,104.25,29.5325,32.64705882352941,25.647058823529413,0.6269230769230769,0.5597014925373134,65,0.5844155844155844,0.4155844155844156,0.18441971383147857,0.7596153846153846,0.02115384615384615,8.15
2022,CIN,35.88235294117647,23.470588235294116,265.88235294117646,89.88235294117646,32.800000000000004,610,399,2021,32.64705882352941,25.647058823529413,282.70588235294116,102.47058823529412,35.672941176470594,35.88235294117647,23.470588235294116,0.6022835394862036,0.5577395577395577,61.8235294117647,0.5642857142857143,0.4357142857142857,0.17128874388254486,0.6165556612749762,0.04852521408182683,7.936823104693141
2023,CIN,36.1764705882353,22.529411764705884,250.41176470588235,89.82352941176471,29.587058823529414,615,383,2022,35.88235294117647,23.470588235294116,265.88235294117646,89.88235294117646,32.800000000000004,36.1764705882353,22.529411764705884,0.647780925401322,0.6482939632545932,66.1875,0.5860215053763441,0.4139784946236559,0.1471927162367223,0.7667610953729934,0.04249291784702549,6.840983606557377
2024,CIN,38.35294117647059,22.352941176470587,289.29411764705884,92.58823529411765,34.830588235294115,652,380,2023,36.1764705882353,22.529411764705884,250.41176470588235,89.82352941176471,29.587058823529414,38.35294117647059,22.352941176470587,0.663489037178265,0.6268980477223427,61.705882352941174,0.5680473372781065,0.4319526627218935,0.13963963963963963,0.8398474737845567,0.03431839847473784,6.315960912052117
2025,CIN,37.64705882352941,22.41176470588235,249.64705882352942,93.58823529411765,31.69764705882353,640,381,2024,38.35294117647059,22.352941176470587,289.29411764705884,92.58823529411765,34.830588235294115,37.64705882352941,22.41176470588235,0.6685133887349953,0.6461864406779662,63.705882352941174,0.6666666666666666,0.33333333333333337,0.1396011396011396,0.8291782086795937,0.03047091412742382,7.076687116564417
2015,CLE,38.0625,23.75,259.75,95.5625,26.82125,609,380,2014,31.375,29.8125,229.875,108,29.37,38.0625,23.75,0,0,0,0,0,0,0,0,0
2016,CLE,35.4375,21.875,230.8125,107,28.5575,567,350,2015,38.0625,23.75,259.75,95.5625,26.82125,35.4375,21.875,0,0,0,0,0,0,0,0,0
2017,CLE,35.875,24,221.0625,107.125,27.43,574,384,2016,35.4375,21.875,230.8125,107,28.5575,35.875,24,0,0,0,0,0,0,0,0,0
2018,CLE,35.875,25.6875,266.3125,118.3125,35.35875,574,411,2017,35.875,24,221.0625,107.125,27.43,35.875,25.6875,0,0,0,0,0,0,0,0,0
2019,CLE,33.6875,24.5625,240.4375,118.8125,32.62375,539,393,2018,35.875,25.6875,266.3125,118.3125,35.35875,33.6875,24.5625,0.6263310745401742,0.5189873417721519,64.5625,0.5736434108527132,0.4263565891472868,0.2661290322580645,0.6214908034849952,0.04743465634075508,9.494773519163765
2020,CLE,31.3125,30.9375,231.3125,148.375,38.714999999999996,501,495,2019,33.6875,24.5625,240.4375,118.8125,32.62375,31.3125,30.9375,0.6147540983606558,0.5670103092783505,61,0.5859872611464968,0.4140127388535032,0.20926243567753003,0.6618852459016393,0.04610655737704918,8.595547309833025
2021,CLE,30.58823529411765,28.529411764705884,212.88235294117646,145.35294117647058,35.05058823529412,520,485,2020,31.3125,30.9375,231.3125,148.375,38.714999999999996,30.58823529411765,28.529411764705884,0.5400390625,0.5213032581453634,64,0.45614035087719296,0.543859649122807,0.2102272727272727,0.4189453125,0.0400390625,8.474
2022,CLE,31.764705882352942,31.294117647058822,218.23529411764707,146.47058823529412,34.55294117647059,540,532,2021,30.58823529411765,28.529411764705884,212.88235294117646,145.35294117647058,35.05058823529412,31.764705882352942,31.294117647058822,0.5699432892249527,0.5443645083932853,62.23529411764706,0.4642857142857143,0.5357142857142857,0.2062937062937063,0.499054820415879,0.07655954631379962,8.253846153846155
2023,CLE,36.705882352941174,30.470588235294116,235.94117647058823,118.6470588235294,32.243529411764705,624,518,2022,31.764705882352942,31.294117647058822,218.23529411764707,146.47058823529412,34.55294117647059,36.705882352941174,30.470588235294116,0.5549597855227882,0.4989648033126294,65.82352941176471,0.5235294117647059,0.4764705882352941,0.19965870307167236,0.5817694369973191,0.12779267202859695,8.261595547309833
2024,CLE,38.88235294117647,23,228.1764705882353,94.58823529411765,25.880000000000003,661,391,2023,36.705882352941174,30.470588235294116,235.94117647058823,118.6470588235294,32.243529411764705,38.88235294117647,23,0.5852842809364549,0.5487528344671202,70.3529411764706,0.5064102564102564,0.4935897435897436,0.21758569299552907,0.6488294314381271,0.06354515050167224,8.491987179487179
2025,CLE,32.8235294117647,24.764705882352942,185.41176470588235,97,24.410588235294117,558,421,2024,38.88235294117647,23,228.1764705882353,94.58823529411765,25.880000000000003,32.8235294117647,24.764705882352942,0.6847246891651865,0.5676328502415459,66.23529411764706,0.6259541984732825,0.3740458015267175,0.17414965986394557,0.7744227353463587,0.15186500888099466,7.789712556732224
2015,DAL,33,25.5,229.8125,118.125,28.005000000000003,528,408,2014,29.75,31.75,250.5,147.125,39.9825,33,25.5,0,0,0,0,0,0,0,0,0
2016,DAL,30.1875,31.1875,237.4375,149.75,39.722500000000004,483,499,2015,33,25.5,229.8125,118.125,28.005000000000003,30.1875,31.1875,0,0,0,0,0,0,0,0,0
2017,DAL,30.8125,30,207.875,135.625,34.1275,493,480,2016,30.1875,31.1875,237.4375,149.75,39.722500000000004,30.8125,30,0,0,0,0,0,0,0,0,0
2018,DAL,32.9375,27.4375,242.8125,122.6875,32.35625,527,439,2017,30.8125,30,207.875,135.625,34.1275,32.9375,27.4375,0,0,0,0,0,0,0,0,0
2019,DAL,37.3125,28.0625,306.375,134.5625,39.96125000000001,597,449,2018,32.9375,27.4375,242.8125,122.6875,32.35625,37.3125,28.0625,0.5986328125,0.5273159144893111,64,0.5821917808219178,0.4178082191780822,0.1421232876712329,0.60546875,0.08984375,7.55977229601518
2020,DAL,39.9375,26.875,281.9375,111.75,33.9525,639,430,2019,37.3125,28.0625,306.375,134.5625,39.96125000000001,39.9375,26.875,0.5988805970149254,0.5270588235294118,67,0.4965986394557823,0.5034013605442177,0.2090032154340836,0.6268656716417911,0.11473880597014924,9.402010050251256
2021,DAL,38.05882352941177,27.823529411764707,291.94117647058823,124.6470588235294,38.84823529411764,647,473,2020,39.9375,26.875,281.9375,111.75,33.9525,38.05882352941177,27.823529411764707,0.6353887399463807,0.5393794749403341,69.9375,0.5739644970414202,0.42603550295857984,0.1562043795620438,0.6523681858802503,0.14030384271671134,7.447574334898278
2022,DAL,32.705882352941174,31.235294117647058,230.05882352941177,135.1764705882353,37.77882352941177,556,531,2021,38.05882352941177,27.823529411764707,291.94117647058823,124.6470588235294,38.84823529411764,32.705882352941174,31.235294117647058,0.6070507308684436,0.5565031982942431,68.41176470588235,0.6127450980392157,0.38725490196078427,0.1854014598540146,0.5795356835769562,0.1298366294067068,7.90726429675425
2023,DAL,36.11764705882353,27.529411764705884,274.11764705882354,112.94117647058823,35.67058823529412,614,468,2022,32.705882352941174,31.235294117647058,230.05882352941177,135.1764705882353,37.77882352941177,36.11764705882353,27.529411764705884,0.5385304659498208,0.4763860369609856,65.6470588235294,0.535031847133758,0.46496815286624205,0.1797945205479452,0.5448028673835126,0.13799283154121864,8.03956834532374
2024,DAL,37.470588235294116,25.235294117647058,240.7058823529412,100.29411764705883,27.187058823529412,637,429,2023,36.11764705882353,27.529411764705884,274.11764705882354,112.94117647058823,35.67058823529412,37.470588235294116,25.235294117647058,0.6069210292812778,0.6041131105398457,66.29411764705883,0.5478260869565217,0.4521739130434783,0.1872146118721461,0.6255545696539485,0.05501330967169476,7.807817589576548
2025,DAL,36.705882352941174,27.352941176470587,278.52941176470586,125.6470588235294,37.35294117647059,624,465,2024,37.470588235294116,25.235294117647058,240.7058823529412,100.29411764705883,27.187058823529412,36.705882352941174,27.352941176470587,0.6233062330623306,0.5654008438818565,65.11764705882354,0.6099290780141844,0.3900709219858156,0.17699115044247787,0.7199638663053297,0.09033423667570008,7.356357927786499
2015,DEN,37.875,25.6875,263.5,107.375,30.902500000000003,606,411,2014,37.9375,27.6875,298.6875,111.5625,38.72875,37.875,25.6875,0,0,0,0,0,0,0,0,0
2016,DEN,35.625,25.625,244.625,92.75,28.185000000000002,570,410,2015,37.875,25.6875,263.5,107.375,30.902500000000003,35.625,25.625,0,0,0,0,0,0,0,0,0
2017,DEN,35.375,28.5625,229.25,115.75,28.495,566,457,2016,35.625,25.625,244.625,92.75,28.185000000000002,35.375,28.5625,0,0,0,0,0,0,0,0,0
2018,DEN,36.75,24.5625,245.625,119.1875,33.243750000000006,588,393,2017,35.375,28.5625,229.25,115.75,28.495,36.75,24.5625,0,0,0,0,0,0,0,0,0
2019,DEN,31.5,25.5625,212.5625,103.875,27.015,504,409,2018,36.75,24.5625,245.625,119.1875,33.243750000000006,31.5,25.5625,0.6241413150147204,0.5483091787439613,63.6875,0.5813953488372093,0.41860465116279066,0.16346153846153846,0.5525024533856723,0.10500490677134446,7.476190476190476
2020,DEN,34.75,27.625,229.5625,119.875,31.295,556,442,2019,31.5,25.5625,212.5625,103.875,27.015,34.75,27.625,0.5930962343096234,0.4985337243401759,59.75,0.5547945205479452,0.4452054794520548,0.15934065934065933,0.5460251046025104,0.05648535564853556,6.988095238095238
2021,DEN,31.823529411764707,26.764705882352942,226.8235294117647,119.11764705882354,31.33764705882353,541,455,2020,34.75,27.625,229.5625,119.875,31.295,31.823529411764707,26.764705882352942,0.5971014492753624,0.4801980198019802,64.6875,0.6299212598425197,0.3700787401574803,0.21922428330522767,0.6628019323671498,0.0647342995169082,9.03956834532374
2022,DEN,33.588235294117645,26.11764705882353,235.7058823529412,113.82352941176471,28.928235294117645,571,444,2021,31.823529411764707,26.764705882352942,226.8235294117647,119.11764705882354,31.33764705882353,33.588235294117645,26.11764705882353,0.5832531280076997,0.5046948356807511,61.11764705882353,0.5207100591715976,0.47928994082840237,0.18835616438356165,0.5842155919153031,0.05389797882579403,8.414048059149723
2023,DEN,30.176470588235293,26.529411764705884,209.76470588235293,106.47058823529412,28.449411764705882,513,451,2022,33.588235294117645,26.11764705882353,235.7058823529412,113.82352941176471,28.928235294117645,30.176470588235293,26.529411764705884,0.6148148148148148,0.5311284046692607,63.52941176470589,0.6020408163265306,0.3979591836734694,0.2220472440944882,0.6518518518518519,0.09166666666666666,8.753064798598949
2024,DEN,33.529411764705884,27.11764705882353,224,112.23529411764706,31.47764705882353,570,461,2023,30.176470588235293,26.529411764705884,209.76470588235293,106.47058823529412,28.449411764705882,33.529411764705884,27.11764705882353,0.5933528836754643,0.5178082191780822,60.1764705882353,0.5359116022099447,0.4640883977900553,0.18661971830985916,0.5659824046920822,0.10752688172043012,7.317738791423002
2025,DEN,36.05882352941177,26.823529411764707,231.23529411764707,118.70588235294117,33.355294117647055,613,456,2024,33.529411764705884,27.11764705882353,224,112.23529411764706,31.47764705882353,36.05882352941177,26.823529411764707,0.6117424242424242,0.5456674473067916,62.11764705882353,0.5723270440251572,0.4276729559748428,0.2134453781512605,0.6287878787878788,0.1335227272727273,7.245614035087719
2015,DET,39.5,22.125,278.9375,83.4375,30.37625,632,354,2014,37.75,24.75,267.75,88.875,29.222500000000004,39.5,22.125,0,0,0,0,0,0,0,0,0
2016,DET,37.125,21.875,270.4375,81.875,28.380000000000003,594,350,2015,39.5,22.125,278.9375,83.4375,30.37625,37.125,21.875,0,0,0,0,0,0,0,0,0
2017,DET,35.625,22.6875,279.375,76.3125,29.806250000000002,570,363,2016,37.125,21.875,270.4375,81.875,28.380000000000003,35.625,22.6875,0,0,0,0,0,0,0,0,0
2018,DET,35.875,25.25,240.25,103.75,29.61,574,404,2017,35.625,22.6875,279.375,76.3125,29.806250000000002,35.875,25.25,0,0,0,0,0,0,0,0,0
2019,DET,35.6875,25.4375,261.6875,103.0625,30.39875,571,407,2018,35.875,25.25,240.25,103.75,29.61,35.6875,25.4375,0.6181640625,0.538647342995169,64,0.5570469798657718,0.4429530201342282,0.14539579967689822,0.650390625,0.10546875,6.930313588850174
2020,DET,36.375,22.9375,274.8125,93.6875,33.48625,582,367,2019,35.6875,25.4375,261.6875,103.0625,30.39875,36.375,22.9375,0.6285434995112414,0.4845132743362832,63.9375,0.6111111111111112,0.38888888888888884,0.21915584415584416,0.5982404692082112,0.07624633431085044,9.558669001751314
2021,DET,34.88235294117647,25.11764705882353,228.47058823529412,110.94117647058823,29.880000000000003,593,427,2020,36.375,22.9375,274.8125,93.6875,33.48625,34.88235294117647,25.11764705882353,0.650251256281407,0.509090909090909,62.1875,0.567741935483871,0.432258064516129,0.20382165605095545,0.614070351758794,0.07135678391959799,8.587931034482759
2022,DET,34.588235294117645,28.235294117647058,261.4117647058824,128.1764705882353,38.215294117647055,588,480,2021,34.88235294117647,25.11764705882353,228.47058823529412,110.94117647058823,29.880000000000003,34.588235294117645,28.235294117647058,0.6101694915254238,0.47643979057591623,62.47058823529411,0.6029411764705882,0.3970588235294118,0.14488188976377953,0.5894538606403014,0.06591337099811675,6.401015228426396
2023,DET,35.64705882352941,29.41176470588235,270.94117647058823,135.94117647058823,41.02,606,500,2022,34.588235294117645,28.235294117647058,261.4117647058824,128.1764705882353,38.215294117647055,35.64705882352941,29.41176470588235,0.5724703737465816,0.5142857142857142,64.52941176470588,0.494949494949495,0.505050505050505,0.16476345840130505,0.5113947128532361,0.04740200546946217,7.032312925170068
2024,DET,32.411764705882355,31.41176470588235,277.52941176470586,146.35294117647058,45.14823529411765,551,534,2023,35.64705882352941,29.41176470588235,270.94117647058823,135.94117647058823,41.02,32.411764705882355,31.41176470588235,0.5678040244969379,0.514218009478673,67.23529411764706,0.4536585365853658,0.5463414634146342,0.14330218068535824,0.5468066491688539,0.0542432195975503,6.753719008264463
2025,DET,34.23529411764706,26,268.6470588235294,120.05882352941177,38.398823529411764,582,442,2024,32.411764705882355,31.41176470588235,277.52941176470586,146.35294117647058,45.14823529411765,34.23529411764706,26,0.5357142857142857,0.4962779156327544,65.88235294117646,0.4847161572052402,0.5152838427947598,0.17435897435897435,0.43660714285714286,0.03839285714285714,6.328493647912886
2015,GB,35.8125,27.25,239.0625,115.625,31.875,573,436,2014,33.5,27.1875,277.9375,119.8125,37.84875,35.8125,27.25,0,0,0,0,0,0,0,0,0
2016,GB,38.75,23.375,277.8125,106.3125,35.868750000000006,620,374,2015,35.8125,27.25,239.0625,115.625,31.875,38.75,23.375,0,0,0,0,0,0,0,0,0
2017,GB,35.125,24.125,220.75,107.75,30.73,562,386,2016,38.75,23.375,277.8125,106.3125,35.868750000000006,35.125,24.125,0,0,0,0,0,0,0,0,0
2018,GB,40,20.8125,289.3125,104.1875,33.49125,640,333,2017,35.125,24.125,220.75,107.75,30.73,40,20.8125,0,0,0,0,0,0,0,0,0
2019,GB,35.8125,25.6875,251.0625,112.1875,34.511250000000004,573,411,2018,40,20.8125,289.3125,104.1875,33.49125,35.8125,25.6875,0.7116504854368932,0.6037234042553191,64.375,0.696,0.30400000000000005,0.21551724137931033,0.7145631067961165,0.10194174757281552,8.8546875
2020,GB,32.875,27.6875,268.6875,132.375,41.985,526,443,2019,35.8125,25.6875,251.0625,112.1875,34.511250000000004,32.875,27.6875,0.6226783968719453,0.5800524934383202,63.9375,0.6326530612244898,0.36734693877551017,0.22749590834697217,0.6070381231671554,0.03910068426197458,8.75392670157068
2021,GB,34.88235294117647,26.235294117647058,266.2352941176471,111.76470588235294,35.59058823529411,593,446,2020,32.875,27.6875,268.6875,132.375,41.985,34.88235294117647,26.235294117647058,0.5750251762336355,0.5564304461942258,62.0625,0.5389221556886228,0.4610778443113772,0.20292504570383912,0.5770392749244713,0.02920443101711984,7.861216730038023
2022,GB,33.11764705882353,26.823529411764707,228.8235294117647,124.29411764705883,32.170588235294126,563,456,2021,34.88235294117647,26.235294117647058,266.2352941176471,111.76470588235294,35.59058823529411,33.11764705882353,26.823529411764707,0.6046511627906976,0.5513078470824949,63.23529411764706,0.6136363636363636,0.38636363636363635,0.1863057324840764,0.6083720930232558,0.03441860465116279,7.733108108108108
2023,GB,34.1764705882353,25.941176470588236,247.64705882352942,112.05882352941177,32.17058823529412,581,441,2022,33.11764705882353,26.823529411764707,228.8235294117647,124.29411764705883,32.170588235294126,34.1764705882353,25.941176470588236,0.579696394686907,0.5166666666666667,62,0.58125,0.41874999999999996,0.20903010033444816,0.6859582542694497,0.05028462998102467,7.967971530249111
2024,GB,28.176470588235293,30.941176470588236,231.7058823529412,146.8235294117647,38.6564705882353,479,526,2023,34.1764705882353,25.941176470588236,247.64705882352942,112.05882352941177,32.17058823529412,28.176470588235293,30.941176470588236,0.6035950804162725,0.5258215962441315,62.1764705882353,0.5485436893203883,0.45145631067961167,0.2198697068403909,0.7123935666982024,0.08325449385052035,8.502581755593804
2025,GB,28.764705882352942,28.941176470588236,226.1764705882353,119.82352941176471,33.5,489,492,2024,28.176470588235293,30.941176470588236,231.7058823529412,146.8235294117647,38.6564705882353,28.764705882352942,28.941176470588236,0.5082284607938045,0.4292803970223325,60.76470588235294,0.484375,0.515625,0.2376237623762376,0.7424975798644724,0.09002904162633107,8.741127348643007
2015,HOU,38.6875,29.5,254.9375,108.1875,30.89125,619,472,2014,30.3125,34.4375,216.25,135.0625,32.15625,38.6875,29.5,0,0,0,0,0,0,0,0,0
2016,HOU,36.4375,28.5,213.625,116.1875,26.91375,583,456,2015,38.6875,29.5,254.9375,108.1875,30.89125,36.4375,28.5,0,0,0,0,0,0,0,0,0
2017,HOU,32.8125,28,227.75,115.125,30.622500000000002,525,448,2016,36.4375,28.5,213.625,116.1875,26.91375,32.8125,28,0,0,0,0,0,0,0,0,0
2018,HOU,31.625,29.5,260.3125,126.3125,34.04375,506,472,2017,32.8125,28,227.75,115.125,30.622500000000002,31.625,29.5,0,0,0,0,0,0,0,0,0
2019,HOU,33.375,27.125,255.1875,125.5625,35.88875,534,434,2018,31.625,29.5,260.3125,126.3125,34.04375,33.375,27.125,0.6023054755043228,0.5102040816326531,65.0625,0.654320987654321,0.345679012345679,0.17398945518453426,0.6868395773294909,0.06147934678194044,8.571146245059289
2020,HOU,34.125,21.5,302.6875,91.625,33.27,546,344,2019,33.375,27.125,255.1875,125.5625,35.88875,34.125,21.5,0.6208251473477406,0.5550755939524838,63.625,0.574468085106383,0.42553191489361697,0.19863013698630136,0.7917485265225933,0.02848722986247544,8.880149812734082
2021,HOU,32.11764705882353,24.705882352941178,213.52941176470588,83.6470588235294,24.67058823529412,546,420,2020,34.125,21.5,302.6875,91.625,33.27,32.11764705882353,24.705882352941178,0.701271186440678,0.6470588235294118,59,0.7466666666666667,0.2533333333333333,0.20333333333333337,0.8167372881355932,0.10911016949152542,8.913919413919414
2022,HOU,34.05882352941177,23.41176470588235,214.23529411764707,86.82352941176471,24.428235294117645,579,398,2021,32.11764705882353,24.705882352941178,213.52941176470588,83.6470588235294,24.67058823529412,34.05882352941177,23.41176470588235,0.6086956521739131,0.47368421052631576,59.52941176470589,0.5625,0.4375,0.16243654822335024,0.6996047430830039,0.0741106719367589,7.33394495412844
2023,HOU,34.8235294117647,26.11764705882353,269.29411764705884,96.88235294117646,30.342352941176472,592,444,2022,34.05882352941177,23.41176470588235,214.23529411764707,86.82352941176471,24.428235294117645,34.8235294117647,26.11764705882353,0.6294117647058823,0.468677494199536,60,0.5985915492957746,0.4014084507042254,0.20450885668276972,0.6078431372549019,0.09705882352941177,7.539792387543253
2024,HOU,33.529411764705884,25.529411764705884,232.47058823529412,112.29411764705883,30.52823529411765,570,434,2023,34.8235294117647,26.11764705882353,269.29411764705884,96.88235294117646,30.342352941176472,33.529411764705884,25.529411764705884,0.6128440366972477,0.5136986301369864,64.11764705882354,0.536144578313253,0.463855421686747,0.21428571428571427,0.6018348623853211,0.08990825688073395,8.744932432432432
2025,HOU,34.23529411764706,27.941176470588236,232.7058823529412,108.94117647058823,29.02588235294118,582,475,2024,33.529411764705884,25.529411764705884,232.47058823529412,112.29411764705883,30.52823529411765,34.23529411764706,27.941176470588236,0.6254716981132076,0.5647058823529412,62.35294117647059,0.5375722543352601,0.4624277456647399,0.20512820512820512,0.5886792452830188,0.05566037735849057,8.163157894736843
2015,IND,38.6875,24.75,245.5,89.875,27.5575,619,396,2014,41.3125,25.9375,316.375,100.75,36.605000000000004,38.6875,24.75,0,0,0,0,0,0,0,0,0
2016,IND,36.5,25.5625,280.6875,101.75,34.2775,584,409,2015,38.6875,24.75,245.5,89.875,27.5575,36.5,25.5625,0,0,0,0,0,0,0,0,0
2017,IND,30.4375,28.1875,201.625,103.8125,25.82125,487,451,2016,36.5,25.5625,280.6875,101.75,34.2775,30.4375,28.1875,0,0,0,0,0,0,0,0,0
2018,IND,40.25,25.5,287.1875,107.375,36.85,644,408,2017,30.4375,28.1875,201.625,103.8125,25.82125,40.25,25.5,0,0,0,0,0,0,0,0,0
2019,IND,32.0625,29.4375,207.125,133.125,33.4725,513,471,2018,40.25,25.5,287.1875,107.375,36.85,32.0625,29.4375,0.6381395348837209,0.5889724310776943,67.1875,0.6010928961748634,0.3989071038251366,0.18345864661654135,0.7218604651162791,0.1283720930232558,7.540372670807454
2020,IND,34.5,28.6875,261.625,124.75,36.44,552,459,2019,32.0625,29.4375,207.125,133.125,33.4725,34.5,28.6875,0.5701668302257115,0.47844827586206895,63.6875,0.5548780487804879,0.44512195121951215,0.19926873857404023,0.661432777232581,0.05691854759568204,8.04093567251462
2021,IND,30.647058823529413,29.352941176470587,211.05882352941177,149.41176470588235,37.501176470588234,521,499,2020,34.5,28.6875,261.625,124.75,36.44,30.647058823529413,29.352941176470587,0.5564127290260367,0.5460992907801419,64.8125,0.4810810810810811,0.518918918918919,0.18782608695652173,0.7232401157184185,0.1089681774349084,7.184782608695652
2022,IND,35.529411764705884,25.823529411764707,226.76470588235293,109.76470588235294,26.87058823529412,604,439,2021,30.647058823529413,29.352941176470587,211.05882352941177,149.41176470588235,37.501176470588234,35.529411764705884,25.823529411764707,0.5515610217596972,0.5277108433734939,62.1764705882353,0.4494949494949495,0.5505050505050505,0.17594254937163376,0.630085146641438,0.04541154210028382,7.677543186180422
2023,IND,33.76470588235294,28.176470588235293,228.35294117647058,121.11764705882354,32.18705882352941,574,479,2022,35.529411764705884,25.823529411764707,226.76470588235293,109.76470588235294,26.87058823529412,33.76470588235294,28.176470588235293,0.6227436823104693,0.5079726651480638,65.17647058823529,0.5286624203821656,0.4713375796178344,0.10479041916167664,0.7518050541516246,0.13898916967509026,6.352649006622516
2024,IND,30.176470588235293,29.176470588235293,211.7058823529412,137.11764705882354,33.94470588235294,513,496,2023,33.76470588235294,28.176470588235293,228.35294117647058,121.11764705882354,32.18705882352941,30.176470588235293,29.176470588235293,0.5896269335759782,0.5371549893842887,64.6470588235294,0.4860335195530726,0.5139664804469274,0.1774193548387097,0.8971792538671519,0.18016378525932664,7.412891986062718
2025,IND,32.1764705882353,26,240.2941176470588,118.05882352941177,36.82941176470588,547,442,2024,30.176470588235293,29.176470588235293,211.7058823529412,137.11764705882354,33.94470588235294,32.1764705882353,26,0.5458891013384322,0.4773218142548596,61.52941176470589,0.4293785310734463,0.5706214689265536,0.2742230347349177,0.8680688336520076,0.11281070745697896,10.590643274853802
2015,JAX,37.9375,22.125,276.75,92.0625,30.90125,607,354,2014,34.8125,22.5,215.6875,102.0625,25.958750000000002,37.9375,22.125,0,0,0,0,0,0,0,0,0
2016,JAX,39.125,24.5,245.3125,101.9375,29.00625,626,392,2015,37.9375,22.125,276.75,92.0625,30.90125,39.125,24.5,0,0,0,0,0,0,0,0,0
2017,JAX,32.9375,32.9375,232.25,141.375,35.4275,527,527,2016,39.125,24.5,245.3125,101.9375,29.00625,32.9375,32.9375,0,0,0,0,0,0,0,0,0
2018,JAX,33.5,26,214.4375,107.6875,25.72125,536,416,2017,32.9375,32.9375,232.25,141.375,35.4275,33.5,26,0,0,0,0,0,0,0,0,0
2019,JAX,36.8125,24.3125,251.4375,106.75,27.8575,589,389,2018,33.5,26,214.4375,107.6875,25.72125,36.8125,24.3125,0.6405163853028798,0.4672364672364672,62.9375,0.6,0.4,0.15905245346869712,0.6852035749751738,0.04667328699106256,7.0466417910447765
2020,JAX,38.5,21.0625,247.1875,94.9375,29.00625,616,337,2019,36.8125,24.3125,251.4375,106.75,27.8575,38.5,21.0625,0.6715257531584062,0.5441988950276243,64.3125,0.6038961038961039,0.39610389610389607,0.1674491392801252,0.6627793974732751,0.06511175898931001,7.589134125636672
2021,JAX,35.529411764705884,23.058823529411764,216.11764705882354,103.23529411764706,26.380000000000003,604,392,2020,38.5,21.0625,247.1875,94.9375,29.00625,35.529411764705884,23.058823529411764,0.6928429423459245,0.5181347150259067,62.875,0.7,0.30000000000000004,0.18263473053892215,0.6858846918489065,0.05964214711729622,7.899186991869919
2022,JAX,35.05882352941177,26.352941176470587,244,124.47058823529412,33.73647058823529,596,448,2021,35.529411764705884,23.058823529411764,216.11764705882354,103.23529411764706,26.380000000000003,35.05882352941177,26.352941176470587,0.6508704061895552,0.5203252032520326,60.8235294117647,0.5238095238095238,0.47619047619047616,0.17784711388455535,0.7040618955512572,0.109284332688588,7.902155887230514
2023,JAX,36.470588235294116,26.647058823529413,257.47058823529414,96.82352941176471,31.15764705882353,620,453,2022,35.05882352941177,26.352941176470587,244,124.47058823529412,33.73647058823529,36.470588235294116,26.647058823529413,0.6061167747914736,0.5328638497652582,63.47058823529411,0.5245901639344263,0.47540983606557374,0.17777777777777778,0.7349397590361446,0.06024096385542168,7.314285714285714
2024,JAX,32.11764705882353,24.352941176470587,218.64705882352942,101.70588235294117,27.97529411764706,546,414,2023,36.470588235294116,26.647058823529413,257.47058823529414,96.82352941176471,31.15764705882353,32.11764705882353,24.352941176470587,0.6339285714285714,0.5565819861431871,65.88235294117646,0.5584415584415584,0.4415584415584416,0.18646616541353384,0.7955357142857142,0.06160714285714286,8.033870967741935
2025,JAX,33.11764705882353,28.764705882352942,236.8235294117647,115.05882352941177,35.56705882352941,563,489,2024,32.11764705882353,24.352941176470587,218.64705882352942,101.70588235294117,27.97529411764706,33.11764705882353,28.764705882352942,0.6126126126126126,0.5245098039215687,58.76470588235294,0.5306122448979592,0.4693877551020408,0.2068376068376068,0.7027027027027027,0.13113113113113112,8.3992673992674
2015,KC,29.5625,27.25,218.3125,127.75,33.6325,473,436,2014,30.8125,26.25,214.25,119.875,31.8075,29.5625,27.25,0,0,0,0,0,0,0,0,0
2016,KC,34.125,25.75,244.625,109.25,31.085,546,412,2015,29.5625,27.25,218.3125,127.75,33.6325,34.125,25.75,0,0,0,0,0,0,0,0,0
2017,KC,33.9375,25.3125,270.375,118.9375,33.708749999999995,543,405,2016,34.125,25.75,244.625,109.25,31.085,33.9375,25.3125,0,0,0,0,0,0,0,0,0
2018,KC,36.4375,24.1875,320.375,115.9375,42.90875,583,387,2017,33.9375,25.3125,270.375,118.9375,33.708749999999995,36.4375,24.1875,0,0,0,0,0,0,0,0,0
2019,KC,36,23.4375,293.125,98.0625,35.03125,576,375,2018,36.4375,24.1875,320.375,115.9375,42.90875,36,23.4375,0.6392785571142284,0.6494565217391305,62.375,0.6467391304347826,0.3532608695652174,0.23114754098360657,0.7995991983967936,0.02404809619238477,9.04459691252144
2020,KC,39.375,25.1875,312.8125,112.4375,38.63125,630,403,2019,36,23.4375,293.125,98.0625,35.03125,39.375,25.1875,0.6411042944785276,0.6634146341463415,61.125,0.5486111111111112,0.45138888888888884,0.22885572139303484,0.7689161554192229,0.0081799591002045,8.53298611111111
2021,KC,39.705882352941174,25.352941176470587,290.4117647058824,115,37.46941176470588,675,431,2020,39.375,25.1875,312.8125,112.4375,38.63125,39.705882352941174,25.352941176470587,0.6575471698113208,0.6606060606060606,66.25,0.6463414634146342,0.35365853658536583,0.1811263318112633,0.8,0.01037735849056603,8.112877583465819
2022,KC,38.294117647058826,24.529411764705884,308.8235294117647,115.88235294117646,39.94117647058823,651,417,2021,39.705882352941174,25.352941176470587,290.4117647058824,115,37.46941176470588,38.294117647058826,24.529411764705884,0.6613896218117854,0.6450939457202505,66.88235294117646,0.6262135922330098,0.37378640776699024,0.17163120567375886,0.7862796833773087,0.02198768689533861,7.355555555555555
2023,KC,37.35294117647059,24.529411764705884,257.8235294117647,104.94117647058823,30.571764705882355,635,417,2022,38.294117647058826,24.529411764705884,308.8235294117647,115.88235294117646,39.94117647058823,37.35294117647059,24.529411764705884,0.6606005459508644,0.664,64.6470588235294,0.6441441441441441,0.3558558558558559,0.16176470588235295,0.7825295723384895,0.00909918107370336,7.238095238095238
2024,KC,35.294117647058826,26.470588235294116,238,105.29411764705883,31.46117647058824,600,450,2023,37.35294117647059,24.529411764705884,257.8235294117647,104.94117647058823,30.571764705882355,35.294117647058826,26.470588235294116,0.6632747456059205,0.632016632016632,63.588235294117645,0.6123595505617978,0.3876404494382022,0.16591251885369532,0.8177613320999075,0.02960222016651249,6.458990536277603
2025,KC,34.35294117647059,25.294117647058822,232.1764705882353,106.58823529411765,30.651764705882357,584,430,2024,35.294117647058826,26.470588235294116,238,105.29411764705883,31.46117647058824,34.35294117647059,25.294117647058822,0.6239707227813358,0.6138996138996139,64.29411764705883,0.59,0.41000000000000003,0.13996889580093314,0.7493138151875571,0.01372369624885635,6.343333333333334
2015,LA,29.5625,26.8125,183.1875,122.25,28.302500000000002,473,429,2014,32.1875,24.6875,230.9375,102.1875,28.58125,29.5625,26.8125,0,0,0,0,0,0,0,0,0
2016,LA,33.5,23.4375,207.0625,78.25,22.9825,536,375,2015,29.5625,26.8125,183.1875,122.25,28.302500000000002,33.5,23.4375,0,0,0,0,0,0,0,0,0
2017,LA,32.375,28.375,251.4375,122.0625,35.63875,518,454,2016,33.5,23.4375,207.0625,78.25,22.9825,32.375,28.375,0,0,0,0,0,0,0,0,0
2018,LA,35.5,28.6875,295.625,139.4375,42.393750000000004,568,459,2017,32.375,28.375,251.4375,122.0625,35.63875,35.5,28.6875,0,0,0,0,0,0,0,0,0
2019,LA,39.5,25.0625,291.8125,93.6875,34.04125,632,401,2018,35.5,28.6875,295.625,139.4375,42.393750000000004,39.5,25.0625,0.584817244611059,0.5645161290322581,66.6875,0.53301886792452835,0.46698113207547165,0.21357615894039736,0.3795688847235239,0.14339268978444236,8.637323943661972
2020,LA,36.875,29.5625,261.4375,126.125,35.195,590,473,2019,39.5,25.0625,291.8125,93.6875,34.04125,36.875,29.5625,0.6288951841359773,0.5892857142857143,66.1875,0.47953216374269,0.5204678362573101,0.19359756097560976,0.42965061378659114,0.13503305004721436,7.704113924050633
2021,LA,35.705882352941174,24.705882352941178,287.8235294117647,99,34.58941176470588,607,420,2020,36.875,29.5625,261.4375,126.125,35.195,35.705882352941174,24.705882352941178,0.5876951331496786,0.5804988662131519,68.0625,0.41975308641975306,0.5802469135802469,0.14935064935064934,0.418732782369146,0.15243342516069788,6.684210526315789
2022,LA,31.235294117647058,24.176470588235293,206.23529411764707,97.70588235294117,27.078823529411768,531,411,2021,35.705882352941174,24.705882352941178,287.8235294117647,99,34.58941176470588,31.235294117647058,24.176470588235293,0.6116870876531574,0.580568720379147,62.411764705882355,0.6047619047619047,0.3952380952380953,0.2059282371294852,0.5721017907634307,0.16870876531573986,8.457990115321252
2023,LA,34.294117647058826,28.058823529411764,252.94117647058823,120.29411764705883,34.61764705882353,583,477,2022,31.235294117647058,24.176470588235293,206.23529411764707,97.70588235294117,27.078823529411768,34.294117647058826,28.058823529411764,0.6123876123876124,0.5375854214123007,58.88235294117647,0.5954198473282443,0.40458015267175573,0.16271186440677965,0.5224775224775224,0.11488511488511488,6.990583804143126
2024,LA,32.88235294117647,26.470588235294116,240.94117647058823,103.82352941176471,30.49058823529412,559,450,2023,34.294117647058826,28.058823529411764,252.94117647058823,120.29411764705883,34.61764705882353,32.88235294117647,26.470588235294116,0.5845454545454546,0.5652173913043478,64.70588235294117,0.5245901639344263,0.47540983606557374,0.20418006430868169,0.610909090909091,0.11181818181818182,7.730703259005145
2025,LA,35.1764705882353,27.352941176470587,276.88235294117646,126.58823529411765,40.557647058823534,598,465,2024,32.88235294117647,26.470588235294116,240.94117647058823,103.82352941176471,30.49058823529412,35.1764705882353,27.352941176470587,0.5718390804597702,0.5122950819672131,61.411764705882355,0.4918918918918919,0.508108108108108,0.18043844856661043,0.5411877394636015,0.08812260536398467,7.377459749552773
2015,LAC,41.6875,24.5625,303.4375,84.875,29.625000000000004,667,393,2014,35.875,24.875,268.5,85.4375,29.283750000000005,41.6875,24.5625,0,0,0,0,0,0,0,0,0
2016,LAC,36.25,24.875,274.125,94.375,32.4025,580,398,2015,41.6875,24.5625,303.4375,84.875,29.625000000000004,36.25,24.875,0,0,0,0,0,0,0,0,0
2017,LAC,36.4375,26.1875,284.4375,99.6875,32.09625,583,419,2016,36.25,24.875,274.125,94.375,32.4025,36.4375,26.1875,0,0,0,0,0,0,0,0,0
2018,LAC,32,24.9375,269.75,117.0625,36.49625,512,399,2017,36.4375,26.1875,284.4375,99.6875,32.09625,32,24.9375,0,0,0,0,0,0,0,0,0
2019,LAC,37.3125,22.875,290.5,90.8125,31.20125,597,366,2018,32,24.9375,269.75,117.0625,36.49625,37.3125,22.875,0.5865687303252886,0.5459770114942529,59.5625,0.5753424657534246,0.4246575342465754,0.18806509945750452,0.5498426023084995,0.00839454354669464,7.732421875
2020,LAC,39.1875,29.125,284.25,111.5,34.77,627,466,2019,37.3125,22.875,290.5,90.8125,31.20125,39.1875,29.125,0.6392785571142284,0.54216867469879515,62.375,0.6129032258064516,0.3870967741935484,0.23259493670886075,0.6953907815631263,0.07314629258517034,8.507537688442211
2021,LAC,39.64705882352941,24.88235294117647,294.94117647058823,107.88235294117646,37.88,674,423,2020,39.1875,29.125,284.25,111.5,34.77,39.64705882352941,24.88235294117647,0.6104240282685512,0.5466377440347071,70.75,0.532608695652174,0.46739130434782605,0.1852409638554217,0.6475265017667845,0.06537102473498234,7.524720893141946
2022,LAC,41.8235294117647,23.764705882352942,281.8235294117647,89.6470588235294,31.64941176470588,711,404,2021,39.64705882352941,24.88235294117647,294.94117647058823,107.88235294117646,37.88,41.8235294117647,23.764705882352942,0.6575943810359964,0.578494623655914,67,0.5829787234042553,0.4170212765957447,0.1697054698457223,0.6005267778753293,0.06672519754170325,7.551263001485884
2023,LAC,37.1764705882353,25.352941176470587,253.64705882352942,96.58823529411765,29.33411764705883,632,431,2022,41.8235294117647,23.764705882352942,281.8235294117647,89.6470588235294,31.64941176470588,37.1764705882353,25.352941176470587,0.6704152249134948,0.6367112810707457,68,0.6173469387755102,0.38265306122448983,0.15691489361702127,0.6410034602076125,0.07525951557093426,6.358649789029536
2024,LAC,30,27.235294117647058,229.47058823529412,110.70588235294117,31.661176470588234,510,463,2023,37.1764705882353,25.352941176470587,253.64705882352942,96.58823529411765,29.33411764705883,30,27.235294117647058,0.6467931345980127,0.5845511482254697,65.11764705882354,0.5838509316770186,0.4161490683229814,0.1937869822485207,0.8057813911472448,0.15356820234869015,7.488924050632911
2025,LAC,33.470588235294116,27.41176470588235,232.52941176470588,121.58823529411765,31.107058823529414,569,466,2024,30,27.235294117647058,229.47058823529412,110.70588235294117,31.661176470588234,33.470588235294116,27.41176470588235,0.5772994129158513,0.5727482678983834,60.11764705882353,0.49673202614379086,0.5032679738562091,0.21903052064631956,0.6545988258317026,0.04011741682974559,8.554901960784314
2015,LV,37.8125,23.125,258.0625,91.0625,30.55375,605,370,2014,39.3125,21.0625,216,77.5,23.39,37.8125,23.125,0,0,0,0,0,0,0,0,0
2016,LV,37.25,27.125,258.5625,120.125,35.980000000000004,596,434,2015,37.8125,23.125,258.0625,91.0625,30.55375,37.25,27.125,0,0,0,0,0,0,0,0,0
2017,LV,34.875,23.125,235.0625,97.125,29.740000000000002,558,370,2016,37.25,27.125,258.5625,120.125,35.980000000000004,34.875,23.125,0,0,0,0,0,0,0,0,0
2018,LV,34.75,24.1875,253.5625,101.75,28.442500000000003,556,387,2017,34.875,23.125,235.0625,97.125,29.740000000000002,34.75,24.1875,0,0,0,0,0,0,0,0,0
2019,LV,32.6875,27.3125,256.875,118.3125,32.48125,523,437,2018,34.75,24.1875,253.5625,101.75,28.442500000000003,32.6875,27.3125,0.6188565697091274,0.52,62.3125,0.49640287769784175,0.5035971223021583,0.14285714285714285,0.6028084252758275,0.09227683049147442,6.807553956834532
2020,LV,34.4375,28.5625,273.9375,119.75,37.432500000000005,551,457,2019,32.6875,27.3125,256.875,118.3125,32.48125,34.4375,28.5625,0.5727272727272728,0.4844559585492228,61.875,0.581081081081081,0.41891891891891897,0.162748643761302,0.5060606060606061,0.08585858585858586,6.62906309751434
2021,LV,36.94117647058823,24.352941176470587,282.8235294117647,95.11764705882354,31.177647058823528,628,414,2020,34.4375,28.5625,273.9375,119.75,37.432500000000005,36.94117647058823,24.352941176470587,0.5863066538090647,0.5521821631878557,64.8125,0.5284974093264249,0.47150259067357514,0.19827586206896552,0.5747348119575699,0.08871745419479267,8.152450090744102
2022,LV,34.470588235294116,25.176470588235293,246,121.11764705882354,32.77529411764706,586,428,2021,36.94117647058823,24.352941176470587,282.8235294117647,95.11764705882354,31.177647058823528,34.470588235294116,25.176470588235293,0.6350230414746544,0.5810526315789474,63.8235294117647,0.5714285714285714,0.4285714285714286,0.20119225037257824,0.6294930875576037,0.06543778801843318,8.144904458598726
2023,LV,32.76470588235294,24.294117647058822,215.64705882352942,90.70588235294117,26.28470588235294,557,413,2022,34.470588235294116,25.176470588235293,246,121.11764705882354,32.77529411764706,32.76470588235294,24.294117647058822,0.6163342830009497,0.5157657657657657,61.94117647058823,0.6204379562043796,0.3795620437956204,0.22275641025641027,0.5251661918328585,0.04368471035137702,9.14505119453925
2024,LV,37.35294117647059,22.352941176470587,242.1764705882353,79.82352941176471,25.66941176470588,635,380,2023,32.76470588235294,24.294117647058822,215.64705882352942,90.70588235294117,26.28470588235294,37.35294117647059,22.352941176470587,0.5996055226824457,0.5088607594936709,59.64705882352941,0.554140127388535,0.445859872611465,0.1636060100166945,0.5512820512820513,0.06903353057199212,7.685816876122082
2025,LV,30.294117647058822,21.705882352941178,195,77.47058823529412,22.01764705882353,515,369,2024,37.35294117647059,22.352941176470587,242.1764705882353,79.82352941176471,25.66941176470588,30.294117647058822,21.705882352941178,0.6616822429906543,0.5321888412017167,62.94117647058823,0.609271523178808,0.39072847682119205,0.1671511627906977,0.7261682242990655,0.11401869158878504,7.015748031496063
2015,MIA,36.75,21.5,264.4375,93.5,30.052500000000002,588,344,2014,37.1875,24.9375,254.125,117,33.115,36.75,21.5,0,0,0,0,0,0,0,0,0
2016,MIA,29.8125,25.3125,232.25,114,32.69,477,405,2015,36.75,21.5,264.4375,93.5,30.052500000000002,29.8125,25.3125,0,0,0,0,0,0,0,0,0
2017,MIA,37.625,22.5,237,86.75,25.655,602,360,2016,29.8125,25.3125,232.25,114,32.69,37.625,22.5,0,0,0,0,0,0,0,0,0
2018,MIA,28.4375,23.1875,206.8125,108.625,28.26,455,371,2017,37.625,22.5,237,86.75,25.655,28.4375,23.1875,0,0,0,0,0,0,0,0,0
2019,MIA,38.4375,21.8125,257.3125,72.25,26.767500000000002,615,349,2018,28.4375,23.1875,206.8125,108.625,28.26,38.4375,21.8125,0.590443686006826,0.5092348284960422,54.9375,0.5875,0.4125,0.1673228346456693,0.6632536973833902,0.13993174061433447,8.12967032967033
2020,MIA,34.9375,26.75,246.0625,105.5,32.0175,559,428,2019,38.4375,21.8125,257.3125,72.25,26.767500000000002,34.9375,26.75,0.6988304093567251,0.6158038147138964,64.125,0.6575342465753424,0.34246575342465757,0.1935007385524372,0.6910331384015594,0.06432748538011696,8.882926829268293
2021,MIA,36.1764705882353,26,231.52941176470588,92.23529411764706,27.661176470588234,615,442,2020,34.9375,26.75,246.0625,105.5,32.0175,36.1764705882353,26,0.6144109055501461,0.5869017632241813,64.1875,0.46808510638297873,0.5319148936170213,0.17725752508361203,0.7955209347614411,0.14216163583252192,7.669658886894076
2022,MIA,34.35294117647059,22.941176470588236,280.29411764705884,99.17647058823529,32.42352941176471,584,390,2021,36.1764705882353,26,231.52941176470588,92.23529411764706,27.661176470588234,34.35294117647059,22.941176470588236,0.6272727272727273,0.5973741794310722,64.70588235294117,0.577922077922078,0.42207792207792205,0.1580547112462006,0.8281818181818181,0.14,7.269918699186992
2023,MIA,33.294117647058826,26.823529411764707,276.3529411764706,135.76470588235293,41.218823529411765,566,456,2022,34.35294117647059,22.941176470588236,280.29411764705884,99.17647058823529,32.42352941176471,33.294117647058826,26.823529411764707,0.6320474777448071,0.5448275862068965,59.47058823529411,0.609375,0.390625,0.2206119162640902,0.6508407517309595,0.04648862512363996,9.10958904109589
2024,MIA,34.76470588235294,26.352941176470587,237.41176470588235,105.58823529411765,29.467058823529413,591,448,2023,33.294117647058826,26.823529411764707,276.3529411764706,135.76470588235293,41.218823529411765,34.76470588235294,26.352941176470587,0.5829383886255924,0.5714285714285714,62.05882352941177,0.47540983606557374,0.5245901639344263,0.20534223706176963,0.7914691943127962,0.03981042654028436,7.607773851590106
2025,MIA,28.176470588235293,25.41176470588235,195.41176470588235,120.23529411764706,30.192941176470587,479,432,2024,34.76470588235294,26.352941176470587,237.41176470588235,105.58823529411765,29.467058823529413,28.176470588235293,25.41176470588235,0.6108555657773689,0.5110132158590308,63.94117647058823,0.6104651162790697,0.38953488372093026,0.1705790297339593,0.7773689052437902,0.06071757129714812,6.279187817258883
2015,MIN,28.375,29.625,202.875,138.1875,32.18375,454,474,2014,32.3125,25.8125,222.875,112.75,28.94,28.375,29.625,0,0,0,0,0,0,0,0,0
2016,MIN,36.75,23.75,257.4375,75.3125,26.20375,588,380,2015,28.375,29.625,202.875,138.1875,32.18375,36.75,23.75,0,0,0,0,0,0,0,0,0
2017,MIN,32.9375,31.3125,245.5625,122.3125,33.92875,527,501,2016,36.75,23.75,257.4375,75.3125,26.20375,32.9375,31.3125,0,0,0,0,0,0,0,0,0
2018,MIN,37.875,22.3125,268.625,93.3125,30.95125,606,357,2017,32.9375,31.3125,245.5625,122.3125,33.92875,37.875,22.3125,0,0,0,0,0,0,0,0,0
2019,MIN,29.125,29.75,233.0625,133.3125,36.27875,466,476,2018,37.875,22.3125,268.625,93.3125,30.95125,29.125,29.75,0.6626984126984127,0.5758354755784062,63,0.6641221374045801,0.33587786259541985,0.15514592933947774,0.6001984126984127,0.06746031746031746,7.254125412541254
2020,MIN,32.25,29.25,266.5625,142.6875,41.181250000000006,516,468,2019,29.125,29.75,233.0625,133.3125,36.27875,32.25,29.25,0.5200411099691675,0.5,60.8125,0.39375,0.60625,0.17706237424547283,0.30318602261048305,0.0842754367934224,7.585836909871245
2021,MIN,35.529411764705884,26.41176470588235,261.7647058823529,113.52941176470588,33.35294117647059,604,449,2020,32.25,29.25,266.5625,142.6875,41.181250000000006,35.529411764705884,26.41176470588235,0.5603864734299517,0.4945770065075922,64.6875,0.422680412371134,0.5773195876288659,0.1900532859680284,0.3652173913043478,0.04347826086956521,7.9515503875969
2022,MIN,39.529411764705884,23.764705882352942,283.4117647058824,97.70588235294117,34.51882352941177,672,404,2021,35.529411764705884,26.41176470588235,261.7647058823529,113.52941176470588,33.35294117647059,39.529411764705884,23.764705882352942,0.5990825688073395,0.5287846481876333,64.11764705882354,0.4943820224719101,0.5056179775280899,0.1946624803767661,0.4513761467889909,0.06238532110091743,8.029850746268657
2023,MIN,37.11764705882353,23.11764705882353,276.47058823529414,91.3529411764706,29.723529411764705,631,393,2022,39.529411764705884,23.764705882352942,283.4117647058824,97.70588235294117,34.51882352941177,37.11764705882353,23.11764705882353,0.6539485359361136,0.5465686274509803,66.29411764705883,0.6580310880829016,0.34196891191709844,0.17289073305670816,0.5270629991126885,0.16415261756876665,7.462797619047619
2024,MIN,32.23529411764706,26.88235294117647,257.5882352941176,109.11764705882354,32.62705882352941,548,457,2023,37.11764705882353,23.11764705882353,276.47058823529414,91.3529411764706,29.723529411764705,32.23529411764706,26.88235294117647,0.664179104477612,0.5627615062761506,63.05882352941177,0.6891891891891891,0.31081081081081086,0.19145802650957292,0.5466417910447762,0.13805970149253732,7.812995245641838
2025,MIN,28.470588235294116,24.11764705882353,188.7058823529412,108.29411764705883,27.90705882352941,484,410,2024,32.23529411764706,26.88235294117647,257.5882352941176,109.11764705882354,32.62705882352941,28.470588235294116,24.11764705882353,0.5943127962085308,0.5618811881188119,62.05882352941177,0.6104651162790697,0.38953488372093026,0.2140468227424749,0.4947867298578199,0.1080568720379147,8.43978102189781
2015,NE,39.3125,23.9375,300.75,87.75,35.055,629,383,2014,38.0625,27.375,268.1875,107.9375,34.89625,39.3125,23.9375,0,0,0,0,0,0,0,0,0
2016,NE,34.375,30.125,278.5,117,37.965,550,482,2015,39.3125,23.9375,300.75,87.75,35.055,34.375,30.125,0,0,0,0,0,0,0,0,0
2017,NE,36.6875,28,288.6875,118.0625,37.35375,587,448,2016,34.375,30.125,278.5,117,37.965,36.6875,28,0,0,0,0,0,0,0,0,0
2018,NE,35.875,29.875,275.3125,127.3125,37.743750000000006,574,478,2017,36.6875,28,288.6875,118.0625,37.35375,35.875,29.875,0,0,0,0,0,0,0,0,0
2019,NE,38.75,27.9375,259.5625,106.4375,33.651250000000005,620,447,2018,35.875,29.875,275.3125,127.3125,37.743750000000006,38.75,27.9375,0.5595903165735568,0.5597964376590331,67.125,0.521978021978022,0.478021978021978,0.18456375838926176,0.46461824953445063,0.0595903165735568,7.820557491289199
2020,NE,27.5,31.375,195.25,146.625,32.972500000000004,440,502,2019,38.75,27.9375,259.5625,106.4375,33.651250000000005,27.5,31.375,0.5941765241128298,0.5472154963680388,68.6875,0.5595854922279793,0.44041450777202074,0.16615384615384615,0.5077343039126478,0.07643312101910828,7.501612903225807
2021,NE,31.470588235294116,28.764705882352942,241.05882352941177,126.52941176470588,36.41294117647059,535,489,2020,27.5,31.375,195.25,146.625,32.972500000000004,31.470588235294116,28.764705882352942,0.5101832993890021,0.441747572815534,61.375,0.32432432432432434,0.6756756756756757,0.15690376569037656,0.5234215885947047,0.13747454175152748,6.806818181818182
2022,NE,31.764705882352942,25,224.41176470588235,106.58823529411765,28.341176470588238,540,425,2021,31.470588235294116,28.764705882352942,241.05882352941177,126.52941176470588,36.41294117647059,31.764705882352942,25,0.5492424242424242,0.4796954314720812,62.11764705882353,0.4666666666666667,0.5333333333333333,0.18053097345132743,0.4668560606060606,0.03977272727272727,8.014953271028038
2023,NE,32.76470588235294,24.41176470588235,199.52941176470588,95.70588235294117,24.492941176470588,557,415,2022,31.764705882352942,25,224.41176470588235,106.58823529411765,28.341176470588238,32.76470588235294,24.41176470588235,0.6,0.5536480686695279,59.411764705882355,0.5114503816793893,0.4885496183206107,0.19316239316239317,0.6534653465346535,0.06138613861386138,7.612962962962963
2024,NE,31.11764705882353,26.235294117647058,196.64705882352942,115.82352941176471,27.565882352941177,529,446,2023,32.76470588235294,24.41176470588235,199.52941176470588,95.70588235294117,24.492941176470588,31.11764705882353,26.235294117647058,0.6144814090019569,0.5241379310344828,60.11764705882353,0.5,0.5,0.16831683168316833,0.6516634050880626,0.11056751467710373,7.353680430879713
2025,NE,29.529411764705884,29.058823529411764,262.29411764705884,128.88235294117646,38.43882352941176,502,494,2024,31.11764705882353,26.235294117647058,196.64705882352942,115.82352941176471,27.565882352941177,29.529411764705884,29.058823529411764,0.6217264791464597,0.5257731958762887,60.64705882352941,0.5909090909090909,0.40909090909090906,0.13675213675213677,0.6964112512124151,0.09602327837051408,7.257088846880907
2015,NO,41.6875,24.8125,325.3125,93.1875,36.331250000000004,667,397,2014,41.1875,25.375,309.5,113.625,37.99250000000001,41.6875,24.8125,0,0,0,0,0,0,0,0,0
2016,NO,42.125,25.25,328.625,108.875,39.9075,674,404,2015,41.6875,24.8125,325.3125,93.1875,36.331250000000004,42.125,25.25,0,0,0,0,0,0,0,0,0
2017,NO,33.5,27.75,270.875,129.375,38.1475,536,444,2016,42.125,25.25,328.625,108.875,39.9075,33.5,27.75,0,0,0,0,0,0,0,0,0
2018,NO,32.4375,29.4375,260.875,126.5625,41.09125,519,471,2017,33.5,27.75,270.875,129.375,38.1475,32.4375,29.4375,0,0,0,0,0,0,0,0,0
2019,NO,36.3125,25.3125,276.9375,108.625,35.44,581,405,2018,32.4375,29.4375,260.875,126.5625,41.09125,36.3125,25.3125,0.5413385826771654,0.5443037974683544,63.5,0.4861111111111111,0.5138888888888888,0.17744916820702403,0.4881889763779528,0.01476377952755905,7.262042389210019
2020,NO,32.625,30.875,246.5625,141.5625,42.26875,522,494,2019,36.3125,25.3125,276.9375,108.625,35.44,32.625,30.875,0.6124260355029586,0.5941043083900227,63.375,0.5833333333333334,0.41666666666666663,0.1515650741350906,0.5226824457593688,0.02761341222879684,6.440619621342513
2021,NO,29.647058823529413,30,202.1764705882353,117.11764705882354,30.85764705882353,504,510,2020,32.625,30.875,246.5625,141.5625,42.26875,29.647058823529413,30,0.5468451242829828,0.50593824228028506,65.375,0.49504950495049505,0.504950495049505,0.16666666666666666,0.5382409177820268,0.03346080305927342,6.247600767754319
2022,NO,30.11764705882353,27.352941176470587,233.47058823529412,116.58823529411765,30.880000000000003,512,465,2021,29.647058823529413,30,202.1764705882353,117.11764705882354,30.85764705882353,30.11764705882353,27.352941176470587,0.5520833333333334,0.5144124168514412,62.11764705882353,0.5408805031446541,0.4591194968553459,0.1908256880733945,0.5160984848484849,0.03409090909090909,7.460159362549801
2023,NO,35.64705882352941,28.235294117647058,248.52941176470588,102.47058823529412,31.364705882352943,606,480,2022,30.11764705882353,27.352941176470587,233.47058823529412,116.58823529411765,30.880000000000003,35.64705882352941,28.235294117647058,0.5554465161923454,0.4457831325301205,59.94117647058823,0.5474452554744526,0.45255474452554745,0.2065217391304348,0.6486751717369971,0.06182531894013739,8.88671875
2024,NO,32.411764705882355,26.11764705882353,219.41176470588235,114.94117647058823,30.505882352941178,551,444,2023,35.64705882352941,28.235294117647058,248.52941176470588,102.47058823529412,31.364705882352943,32.411764705882355,26.11764705882353,0.5822222222222222,0.5250544662309368,66.17647058823529,0.4725274725274725,0.5274725274725275,0.19751166407465007,0.6177777777777778,0.08266666666666667,8.277227722772277
2025,NO,34.76470588235294,25.58823529411765,236.88235294117646,94.29411764705883,26.551764705882352,591,435,2024,32.411764705882355,26.11764705882353,219.41176470588235,114.94117647058823,30.505882352941178,34.76470588235294,25.58823529411765,0.5974903474903475,0.5209876543209877,60.94117647058823,0.4628099173553719,0.5371900826446281,0.20608108108108109,0.5694980694980695,0.09845559845559844,8.039927404718693
2015,NYG,38.9375,25.1875,281.25,100.5625,32.18125,623,403,2014,37.9375,28.0625,279.375,100.1875,33.56875,38.9375,25.1875,0,0,0,0,0,0,0,0,0
2016,NYG,37.375,24.875,251.6875,88.25,27.642500000000005,598,398,2015,38.9375,25.1875,281.25,100.5625,32.18125,37.375,24.875,0,0,0,0,0,0,0,0,0
2017,NYG,38,24.625,230,96.8125,26.13125,608,394,2016,37.375,24.875,251.6875,88.25,27.642500000000005,38,24.625,0,0,0,0,0,0,0,0,0
2018,NYG,36.4375,22.125,275.3125,103.125,31.950000000000003,583,354,2017,38,24.625,230,96.8125,26.13125,36.4375,22.125,0,0,0,0,0,0,0,0,0
2019,NYG,37.9375,22.625,254.375,105.3125,32.33125,607,362,2018,36.4375,22.125,275.3125,103.125,31.950000000000003,37.9375,22.625,0.644803229061554,0.5520581113801453,61.9375,0.5739644970414202,0.42603550295857984,0.1874015748031496,0.579212916246216,0.08678102926337034,7.500857632933105
2020,NYG,32.3125,24.9375,208.5,110.5,27.265,517,399,2019,37.9375,22.625,254.375,105.3125,32.33125,32.3125,24.9375,0.6712598425196851,0.5544303797468354,63.5,0.6470588235294118,0.3529411764705882,0.18042813455657492,0.7263779527559056,0.0984251968503937,8.054365733113674
2021,NYG,34.88235294117647,24.647058823529413,203.7058823529412,99.29411764705883,24.43058823529412,593,419,2020,32.3125,24.9375,208.5,110.5,27.265,34.88235294117647,24.647058823529413,0.6154639175257732,0.48661800486618007,60.625,0.6230769230769231,0.3769230769230769,0.1628721541155867,0.6474226804123712,0.27319587628865977,7.71953578336557
2022,NYG,30.58823529411765,30.58823529411765,201.8235294117647,148.1764705882353,34.30235294117647,520,520,2021,34.88235294117647,24.647058823529413,203.7058823529412,99.29411764705883,24.43058823529412,30.58823529411765,30.58823529411765,0.6312796208530805,0.5448430493273543,62.05882352941177,0.5982905982905983,0.4017094017094017,0.16113744075829384,0.6966824644549763,0.3004739336492891,7.357504215851602
2023,NYG,30.470588235294116,26.705882352941178,197.11764705882354,110.23529411764706,25.967058823529413,518,454,2022,30.58823529411765,30.58823529411765,201.8235294117647,148.1764705882353,34.30235294117647,30.470588235294116,26.705882352941178,0.5799086757990868,0.5097613882863341,64.41176470588235,0.4338235294117647,0.5661764705882353,0.12195121951219512,0.6310502283105023,0.16712328767123288,6.411538461538462
2024,NYG,34.76470588235294,24.941176470588236,207.11764705882354,104.88235294117646,26.890588235294118,591,424,2023,30.470588235294116,26.705882352941178,197.11764705882354,110.23529411764706,25.967058823529413,34.76470588235294,24.941176470588236,0.6352497643732328,0.5392953929539296,62.411764705882355,0.4876033057851239,0.5123966942148761,0.13861386138613865,0.7285579641847314,0.1460885956644675,7.308880308880309
2025,NYG,30.941176470588236,30.058823529411764,217.8235294117647,129.11764705882354,34.330588235294115,526,511,2024,34.76470588235294,24.941176470588236,207.11764705882354,104.88235294117646,26.890588235294118,30.941176470588236,30.058823529411764,0.6299065420560748,0.49264705882352944,62.94117647058823,0.578125,0.421875,0.15658914728682172,0.6925233644859813,0.13457943925233645,6.800338409475465
2015,NYJ,37.75,28,260.625,116.75,34.475,604,448,2014,31.125,31.6875,200.375,142.5,30.39,37.75,28,0,0,0,0,0,0,0,0,0
2016,NYJ,34.375,26.125,227.8125,112.625,28.125,550,418,2015,37.75,28,260.625,116.75,34.475,34.375,26.125,0,0,0,0,0,0,0,0,0
2017,NYJ,31.875,26.6875,218.8125,106.375,29.015,510,427,2016,34.375,26.125,227.8125,112.625,28.125,31.875,26.6875,0,0,0,0,0,0,0,0,0
2018,NYJ,32.75,25.5625,212.75,101.1875,27.25375,524,409,2017,31.875,26.6875,218.8125,106.375,29.015,32.75,25.5625,0,0,0,0,0,0,0,0,0
2019,NYJ,32.5625,23.9375,215.1875,78.5625,23.46375,521,383,2018,32.75,25.5625,212.75,101.1875,27.25375,32.5625,23.9375,0.5993820803295572,0.4757834757834758,60.6875,0.55,0.44999999999999996,0.202846975088968,0.5983522142121525,0.03501544799176107,8.849236641221374
2020,NYJ,31.1875,25.375,194.6875,105.1875,25.681250000000002,499,406,2019,32.5625,23.9375,215.1875,78.5625,23.46375,31.1875,25.375,0.6104166666666667,0.5141065830721003,60,0.69,0.31000000000000005,0.20797227036395147,0.659375,0.10520833333333332,8.08637236084453
2021,NYJ,35.470588235294116,22.352941176470587,232.88235294117646,98.05882352941177,28.768235294117652,603,380,2020,31.1875,25.375,194.6875,105.1875,25.681250000000002,35.470588235294116,22.352941176470587,0.6052631578947368,0.4971751412429379,59.375,0.5092592592592593,0.4907407407407407,0.20772058823529413,0.6094736842105263,0.06421052631578947,8.526104417670682
2022,NYJ,36.88235294117647,23.823529411764707,237.64705882352942,99.17647058823529,27.541176470588237,627,405,2021,35.470588235294116,22.352941176470587,232.88235294117646,98.05882352941177,28.768235294117652,36.88235294117647,23.823529411764707,0.6516746411483254,0.5272277227722773,61.47058823529411,0.5308641975308642,0.4691358024691358,0.15128593040847202,0.6832535885167464,0.0985645933014354,7.212271973466003
2023,NYJ,35.35294117647059,22.823529411764707,198.41176470588235,96.88235294117646,22.683529411764706,601,388,2022,36.88235294117647,23.823529411764707,237.64705882352942,99.17647058823529,27.541176470588237,35.35294117647059,22.823529411764707,0.6405959031657356,0.5299334811529933,63.1764705882353,0.5611510791366906,0.4388489208633094,0.20029895366218237,0.6731843575418994,0.08286778398510242,8.250398724082935
2024,NYJ,35.705882352941174,21.352941176470587,236.23529411764707,91.82352941176471,28.749411764705883,607,363,2023,35.35294117647059,22.823529411764707,198.41176470588235,96.88235294117646,22.683529411764706,35.705882352941174,21.352941176470587,0.6603595080416272,0.4948453608247423,62.1764705882353,0.6403508771929824,0.35964912280701755,0.1424287856071964,0.6281929990539262,0.09271523178807949,6.655574043261232
2025,NYJ,29.058823529411764,26.823529411764707,163.76470588235293,123.29411764705883,26.291764705882354,494,456,2024,35.705882352941174,21.352941176470587,236.23529411764707,91.82352941176471,28.749411764705883,29.058823529411764,26.823529411764707,0.6584887144259077,0.545045045045045,59.94117647058823,0.72,0.28,0.17917304747320062,0.7350343473994112,0.08635917566241413,6.799011532125206
2015,PHI,38.9375,27.625,271.3125,108.9375,33.12125,623,442,2014,38.8125,29.625,286.3125,124.5,36.6525,38.9375,27.625,0,0,0,0,0,0,0,0,0
2016,PHI,38.0625,27.375,237.375,113.3125,30.82625,609,438,2015,38.9375,27.625,271.3125,108.9375,33.12125,38.0625,27.375,0,0,0,0,0,0,0,0,0
2017,PHI,35.25,29.5625,247.9375,132.1875,36.011250000000004,564,473,2016,38.0625,27.375,237.375,113.3125,30.82625,35.25,29.5625,0,0,0,0,0,0,0,0,0
2018,PHI,37.4375,24.875,282.75,98.125,32.8725,599,398,2017,35.25,29.5625,247.9375,132.1875,36.011250000000004,37.4375,24.875,0,0,0,0,0,0,0,0,0
2019,PHI,38.3125,28.375,253.9375,121.1875,35.02625,613,454,2018,37.4375,24.875,282.75,98.125,32.8725,38.3125,28.375,0.6318312559923298,0.6071428571428571,65.1875,0.5287356321839081,0.47126436781609193,0.16380655226209048,0.7737296260786194,0.07861936720997123,7.440734557595993
2020,PHI,37.375,25.1875,233,126.6875,33.48875,598,403,2019,38.3125,28.375,253.9375,121.1875,35.02625,37.375,25.1875,0.6129612961296129,0.5524017467248908,69.4375,0.5411764705882353,0.45882352941176474,0.1807044410413476,0.7110711071107111,0.126012601260126,8.034313725490197
2021,PHI,29.058823529411764,32.35294117647059,210.88235294117646,159.7058823529412,37.93529411764706,494,550,2020,37.375,25.1875,233,126.6875,33.48875,29.058823529411764,32.35294117647059,0.6645101663585952,0.5513392857142857,67.625,0.5882352941176471,0.4117647058823529,0.2044776119402985,0.800369685767098,0.14510166358595197,8.95819397993311
2022,PHI,31.529411764705884,32,256.70588235294116,147.58823529411765,42.203529411764706,536,544,2021,29.058823529411764,32.35294117647059,210.88235294117646,159.7058823529412,37.93529411764706,31.529411764705884,32,0.5393154486586494,0.5034168564920274,63.588235294117645,0.43617021276595747,0.5638297872340425,0.23062381852551983,0.8260869565217391,0.16003700277520813,8.562753036437247
2023,PHI,33.11764705882353,30,239.23529411764707,128.8235294117647,35.86352941176471,563,510,2022,31.529411764705884,32,256.70588235294116,147.58823529411765,42.203529411764706,33.11764705882353,30,0.5549645390070922,0.6139534883720931,66.3529411764706,0.3743589743589744,0.6256410256410256,0.1962134251290878,0.8829787234042553,0.1950354609929078,8.287313432835822
2024,PHI,26.352941176470587,36.529411764705884,206.88235294117646,179.2941176470588,42.08705882352941,448,621,2023,33.11764705882353,30,239.23529411764707,128.8235294117647,35.86352941176471,26.352941176470587,36.529411764705884,0.5861759425493717,0.5833333333333334,65.52941176470588,0.39655172413793105,0.603448275862069,0.19071310116086235,0.9272890484739676,0.16786355475763015,8.603907637655418
2025,PHI,29.235294117647058,28.11764705882353,205.76470588235293,116.94117647058823,32.042352941176475,497,478,2024,26.352941176470587,36.529411764705884,206.88235294117646,179.2941176470588,42.08705882352941,29.235294117647058,28.11764705882353,0.4785714285714286,0.4783599088838269,65.88235294117646,0.3703703703703703,0.6296296296296298,0.1680161943319838,0.8133928571428571,0.24553571428571427,7.774553571428571
2015,PIT,36.875,24.25,301.375,107.75,35.33,590,388,2014,38.25,26.4375,312.3125,109.5,35.4425,36.875,24.25,0,0,0,0,0,0,0,0,0
2016,PIT,37.25,25.5625,273.5625,110,35.0675,596,409,2015,36.875,24.25,301.375,107.75,35.33,37.25,25.5625,0,0,0,0,0,0,0,0,0
2017,PIT,36.9375,27.3125,283.875,104.1875,33.52375,591,437,2016,37.25,25.5625,273.5625,110,35.0675,36.9375,27.3125,0,0,0,0,0,0,0,0,0
2018,PIT,43.0625,21.5625,323.375,90.3125,36.71625,689,345,2017,36.9375,27.3125,283.875,104.1875,33.52375,43.0625,21.5625,0,0,0,0,0,0,0,0,0
2019,PIT,31.875,24.6875,200.875,90.4375,24.20375,510,395,2018,43.0625,21.5625,323.375,90.3125,36.71625,31.875,24.6875,0.6886171213546566,0.6477024070021882,66.4375,0.6887417218543046,0.3112582781456954,0.18802228412256267,0.7789275634995296,0.14863593603010347,7.731494920174166
2020,PIT,41,23.3125,258.0625,84.4375,32.01625,656,373,2019,31.875,24.6875,200.875,90.4375,24.20375,41,23.3125,0.5991471215351812,0.5230414746543779,58.625,0.48695652173913045,0.5130434782608695,0.19889502762430936,0.7569296375266524,0.04371002132196162,7.894117647058824
2021,PIT,39.05882352941177,24.176470588235293,236.2941176470588,93.11764705882354,27.704705882352943,664,411,2020,41,23.3125,258.0625,84.4375,32.01625,39.05882352941177,24.176470588235293,0.6479007633587787,0.5955334987593052,65.5,0.5870967741935483,0.41290322580645167,0.17629629629629628,0.8043893129770993,0.08778625954198473,7.099085365853658
2022,PIT,33.588235294117645,29.41176470588235,215.35294117647058,121.94117647058823,29.278823529411767,571,500,2021,39.05882352941177,24.176470588235293,236.2941176470588,93.11764705882354,27.704705882352943,33.588235294117645,29.41176470588235,0.6377459749552773,0.5284974093264249,65.76470588235294,0.7284768211920529,0.2715231788079471,0.15134370579915135,0.7495527728085868,0.15295169946332737,6.695324283559578
2023,PIT,29.764705882352942,28.647058823529413,201.23529411764707,118.23529411764706,28.578823529411768,506,487,2022,33.588235294117645,29.41176470588235,215.35294117647058,121.94117647058823,29.278823529411767,29.764705882352942,28.647058823529413,0.579136690647482,0.4901185770750988,65.41176470588235,0.5064102564102564,0.4935897435897436,0.184640522875817,0.670863309352518,0.11420863309352518,8.245183887915937
2024,PIT,29.352941176470587,31.352941176470587,212.1764705882353,127.41176470588235,31.110588235294117,499,533,2023,29.764705882352942,28.647058823529413,201.23529411764707,118.23529411764706,28.578823529411768,29.352941176470587,31.352941176470587,0.5503875968992248,0.45248868778280543,60.705882352941174,0.421875,0.578125,0.17647058823529413,0.6831395348837209,0.06976744186046512,7.480237154150197
2025,PIT,32.35294117647059,23.941176470588236,213.64705882352942,103.29411764705883,30.64,550,407,2024,29.352941176470587,31.352941176470587,212.1764705882353,127.41176470588235,31.110588235294117,32.35294117647059,23.941176470588236,0.543859649122807,0.5049701789264414,63.705882352941174,0.49710982658959535,0.5028901734104047,0.17272727272727273,0.5724838411819021,0.234533702677747,7.907815631262525
2015,SEA,30.5625,31.25,253.8125,141.75,36.5775,489,500,2014,28.375,32.8125,218.25,172.625,38.4925,30.5625,31.25,0,0,0,0,0,0,0,0,0
2016,SEA,35.4375,25.1875,276.375,99.4375,31.62375,567,403,2015,30.5625,31.25,253.8125,141.75,36.5775,35.4375,25.1875,0,0,0,0,0,0,0,0,0
2017,SEA,34.6875,25.5625,248.6875,101.8125,30.128749999999997,555,409,2016,35.4375,25.1875,276.375,99.4375,31.62375,34.6875,25.5625,0,0,0,0,0,0,0,0,0
2018,SEA,26.6875,33.375,215.5,160,38.995000000000005,427,534,2017,34.6875,25.5625,248.6875,101.8125,30.128749999999997,26.6875,33.375,0,0,0,0,0,0,0,0,0
2019,SEA,32.3125,30.0625,256.875,137.5,37.4,517,481,2018,26.6875,33.375,215.5,160,38.995000000000005,32.3125,30.0625,0.5014807502467917,0.39787234042553193,63.3125,0.48366013071895425,0.5163398692810457,0.21920668058455112,0.6762092793682132,0.06811451135241856,8.976580796252927
2020,SEA,35.1875,25.6875,265.3125,123.1875,38.556250000000006,563,411,2019,32.3125,30.0625,256.875,137.5,37.4,35.1875,25.6875,0.5834127740705434,0.5161290322580645,65.5625,0.611764705882353,0.388235294117647,0.2204585537918871,0.69780743565300285,0.04766444232602478,9.406189555125726
2021,SEA,29.11764705882353,24.294117647058822,224.41176470588235,122,34.588235294117645,495,413,2020,35.1875,25.6875,265.3125,123.1875,38.556250000000006,29.11764705882353,24.294117647058822,0.650390625,0.6391982182628062,64,0.5947712418300654,0.40522875816993464,0.17455138662316477,0.6875,0.0556640625,8.58614564831261
2022,SEA,33.705882352941174,25,251.88235294117646,120.11764705882354,33.38117647058824,573,425,2021,29.11764705882353,24.294117647058822,224.41176470588235,122,34.588235294117645,33.705882352941174,25,0.5962343096234309,0.5152224824355972,56.23529411764706,0.5433070866141733,0.45669291338582674,0.22283609576427257,0.6349372384937239,0.18305439330543932,9.33131313131313
2023,SEA,33.8235294117647,22.470588235294116,245.11764705882354,92.94117647058823,28.39294117647059,575,382,2022,33.705882352941174,25,251.88235294117646,120.11764705882354,33.38117647058824,33.8235294117647,22.470588235294116,0.6252390057361377,0.5876993166287016,61.52941176470589,0.5806451612903226,0.4193548387096774,0.16586151368760063,0.6739961759082218,0.1988527724665392,7.550699300699301
2024,SEA,34.88235294117647,22.529411764705884,257.5882352941176,95.70588235294117,30.81529411764706,593,383,2023,33.8235294117647,22.470588235294116,245.11764705882354,92.94117647058823,28.39294117647059,34.88235294117647,22.529411764705884,0.6402805611222445,0.5564681724845996,58.705882352941174,0.5592105263157895,0.4407894736842105,0.17694805194805194,0.7094188376753507,0.156312625250501,7.16695652173913
2025,SEA,28.294117647058822,29.823529411764707,239,123.29411764705883,34.47764705882353,481,507,2024,34.88235294117647,22.529411764705884,257.5882352941176,95.70588235294117,30.81529411764706,28.294117647058822,29.823529411764707,0.6534365924491772,0.5693430656934306,60.76470588235294,0.552,0.44799999999999995,0.18461538461538465,0.7657308809293321,0.21781219748305905,6.937605396290051
2015,SF,32.875,24.375,227.875,96.5,25.39,526,390,2014,30.4375,29.375,212.9375,136,30.8675,32.875,24.375,0,0,0,0,0,0,0,0,0
2016,SF,30.6875,28.625,197.875,126.1875,31.408749999999998,491,458,2015,32.875,24.375,227.875,96.5,25.39,30.6875,28.625,0,0,0,0,0,0,0,0,0
2017,SF,37.9375,25.5,264.6875,103.875,30.35,607,408,2016,30.6875,28.625,197.875,126.1875,31.408749999999998,37.9375,25.5,0,0,0,0,0,0,0,0,0
2018,SF,33.25,26.4375,265.4375,118.875,31.630000000000003,532,423,2017,37.9375,25.5,264.6875,103.875,30.35,33.25,26.4375,0,0,0,0,0,0,0,0,0
2019,SF,29.875,31.125,251.8125,144.0625,40.10375,478,498,2018,33.25,26.4375,265.4375,118.875,31.630000000000003,29.875,31.125,0.595639246778989,0.5300261096605744,63.0625,0.5636363636363636,0.4363636363636364,0.16095890410958905,0.44796828543111994,0.06342913776015857,7.156015037593985
2020,SF,35.625,27.3125,270,118.0625,35.98125,570,437,2019,29.875,31.125,251.8125,144.0625,40.10375,35.625,27.3125,0.5221238938053098,0.5062034739454094,63.5625,0.5209580838323353,0.47904191616766467,0.15221579961464354,0.43166175024582104,0.0383480825958702,6.539748953974895
2021,SF,30.235294117647058,29.352941176470587,261,127.41176470588235,37.063529411764705,514,499,2020,35.625,27.3125,270,118.0625,35.98125,30.235294117647058,29.352941176470587,0.5904761904761905,0.47344110854503463,65.625,0.5617283950617284,0.43827160493827155,0.1370309951060359,0.5780952380952381,0.06952380952380953,6.636842105263158
2022,SF,30.11764705882353,29.647058823529413,238.1764705882353,138.8235294117647,37.527058823529416,512,504,2021,30.235294117647058,29.352941176470587,261,127.41176470588235,37.063529411764705,30.11764705882353,29.647058823529413,0.540514775977121,0.47235023041474655,61.705882352941174,0.5263157894736842,0.4736842105263158,0.18397085610200364,0.5900857959961868,0.04671115347950429,7.787937743190661
2023,SF,28.88235294117647,29.352941176470587,269.2352941176471,140.52941176470588,42.116470588235295,491,499,2022,30.11764705882353,29.647058823529413,238.1764705882353,138.8235294117647,37.527058823529416,28.88235294117647,29.352941176470587,0.5310410697230181,0.4908675799086758,61.588235294117645,0.42696629213483145,0.5730337078651686,0.14917127071823205,0.6103151862464183,0.03247373447946514,6.8046875
2024,SF,31.352941176470587,26.88235294117647,260.2352941176471,127.23529411764706,34.54470588235294,533,457,2023,28.88235294117647,29.352941176470587,269.2352941176471,140.52941176470588,42.116470588235295,31.352941176470587,26.88235294117647,0.5322265625,0.5391923990498813,60.23529411764706,0.46596858638743455,0.5340314136125655,0.21142857142857144,0.5966796875,0.0224609375,8.183299389002036
2025,SF,33.76470588235294,28.294117647058822,254,106.88235294117646,33.90705882352942,574,481,2024,31.352941176470587,26.88235294117647,260.2352941176471,127.23529411764706,34.54470588235294,33.76470588235294,28.294117647058822,0.60116731517509725,0.5558252427184466,60.47058823529411,0.5252525252525253,0.4747474747474747,0.2,0.5963035019455253,0.03501945525291829,8.4953095684803
2015,TB,33.4375,28.4375,252.625,135.125,33.6175,535,455,2014,33.1875,22.0625,226.4375,85.9375,25.52625,33.4375,28.4375,0,0,0,0,0,0,0,0,0
2016,TB,36.125,28.3125,260.3125,101,30.762500000000003,578,453,2015,33.4375,28.4375,252.625,135.125,33.6175,36.125,28.3125,0,0,0,0,0,0,0,0,0
2017,TB,37.8125,24.3125,287.9375,90.625,30.08,605,389,2016,36.125,28.3125,260.3125,101,30.762500000000003,37.8125,24.3125,0,0,0,0,0,0,0,0,0
2018,TB,39.0625,24.3125,334.875,95.1875,36.03875,625,389,2017,37.8125,24.3125,287.9375,90.625,30.08,39.0625,24.3125,0,0,0,0,0,0,0,0,0
2019,TB,39.375,25.5625,320.4375,95.0625,36.198750000000004,630,409,2018,39.0625,24.3125,334.875,95.1875,36.03875,39.375,25.5625,0.6877358490566038,0.6098901098901099,66.25,0.6785714285714286,0.3214285714285714,0.2582089552238806,0.6188679245283019,0.11886792452830187,10.6272
2020,TB,39.125,23.0625,298.5,94.9375,37.933749999999996,626,369,2019,39.375,25.5625,320.4375,95.0625,36.198750000000004,39.125,23.0625,0.6529304029304029,0.5661252900232019,68.25,0.5862068965517241,0.4137931034482759,0.2411764705882353,0.5192307692307693,0.03296703296703297,10.306349206349209
2021,TB,43,22.647058823529413,316.6470588235294,98.3529411764706,38.97176470588235,731,385,2020,39.125,23.0625,298.5,94.9375,37.933749999999996,43,22.647058823529413,0.6437684003925417,0.5773809523809523,63.6875,0.6167664670658682,0.38323353293413176,0.2230769230769231,0.5642787046123651,0.03925417075564279,9.00958466453674
2022,TB,44.1764705882353,22.705882352941178,279.1764705882353,76.94117647058823,26.743529411764708,751,386,2021,43,22.647058823529413,316.6470588235294,98.3529411764706,38.97176470588235,44.1764705882353,22.705882352941178,0.669877408056042,0.6332574031890661,67.17647058823529,0.6367924528301887,0.3632075471698113,0.20927152317880796,0.6129597197898424,0.12784588441331,8.062927496580027
2023,TB,33.411764705882355,25.823529411764707,237.88235294117646,88.76470588235294,27.803529411764703,568,439,2022,44.1764705882353,22.705882352941178,279.1764705882353,76.94117647058823,26.743529411764708,33.411764705882355,25.823529411764707,0.6715265866209262,0.5470459518599562,68.58823529411765,0.7,0.30000000000000004,0.15917843388960207,0.6801029159519726,0.1869639794168096,6.873501997336884
2024,TB,33.588235294117645,28.41176470588235,265,149.1764705882353,40.811764705882354,571,483,2023,33.411764705882355,25.823529411764707,237.88235294117646,88.76470588235294,27.803529411764703,33.588235294117645,28.41176470588235,0.6108468125594672,0.5268817204301075,61.8235294117647,0.574468085106383,0.42553191489361697,0.21568627450980393,0.7221693625118935,0.08468125594671741,8.565140845070422
2025,TB,32.8235294117647,27.764705882352942,220.88235294117646,114.52941176470588,30.99411764705883,558,472,2024,33.588235294117645,28.41176470588235,265,149.1764705882353,40.811764705882354,32.8235294117647,27.764705882352942,0.5979945305378305,0.5478841870824054,64.52941176470588,0.5523255813953488,0.4476744186046512,0.18241042345276873,0.626253418413856,0.05651777575205104,6.949211908931699
2015,TEN,34.4375,23.1875,243.3125,92.8125,29.01375,551,371,2014,32.0625,22.25,233.625,90.4375,25.63875,34.4375,23.1875,0,0,0,0,0,0,0,0,0
2016,TEN,31.5,29.75,232.5,136.6875,36.21875,504,476,2015,34.4375,23.1875,243.3125,92.8125,29.01375,31.5,29.75,0,0,0,0,0,0,0,0,0
2017,TEN,31,27.6875,212.125,114.5625,30.19125,496,443,2016,31.5,29.75,232.5,136.6875,36.21875,31,27.6875,0,0,0,0,0,0,0,0,0
2018,TEN,27.3125,28.375,203.4375,126.4375,30.40625,437,454,2017,31,27.6875,212.125,114.5625,30.19125,27.3125,28.375,0,0,0,0,0,0,0,0,0
2019,TEN,28,27.8125,247.25,138.9375,38.90875,448,445,2018,27.3125,28.375,203.4375,126.4375,30.40625,28,27.8125,0.5527156549520766,0.4575342465753425,58.6875,0.4722222222222222,0.5277777777777778,0.18144329896907216,0.5324813631522897,0.12566560170394037,7.471395881006865
2020,TEN,30.3125,32.5625,239.125,168.125,44.3775,485,521,2019,28,27.8125,247.25,138.9375,38.90875,30.3125,32.5625,0.5615141955835962,0.4875,59.4375,0.5294117647058824,0.47058823529411764,0.1801980198019802,0.491062039957939,0.138801261829653,8.703125
2021,TEN,31.470588235294116,32.411764705882355,220.2941176470588,141.41176470588235,36.247058823529414,535,551,2020,30.3125,32.5625,239.125,168.125,44.3775,31.470588235294116,32.411764705882355,0.5134874759152216,0.4262295081967213,64.875,0.4632768361581921,0.536723163841808,0.14814814814814814,0.4113680154142582,0.16377649325626203,8.369072164948454
2022,TEN,26.823529411764707,28.647058823529413,189.8235294117647,125.3529411764706,29.540000000000003,456,487,2021,31.470588235294116,32.411764705882355,220.2941176470588,141.41176470588235,36.247058823529414,26.823529411764707,28.647058823529413,0.5303964757709251,0.44935064935064933,66.76470588235294,0.550561797752809,0.449438202247191,0.15608919382504288,0.4511013215859031,0.11365638766519824,7.485981308411215
2023,TEN,29.058823529411764,26.11764705882353,206.58823529411765,108.58823529411765,28.06352941176471,494,444,2022,26.823529411764707,28.647058823529413,189.8235294117647,125.3529411764706,29.540000000000003,29.058823529411764,26.11764705882353,0.5337361530715005,0.458980044345898,58.411764705882355,0.5630252100840336,0.4369747899159664,0.1660079051383399,0.5498489425981873,0.07351460221550855,7.839560439560439
2024,TEN,31.176470588235293,26.470588235294116,213,109.11764705882354,28.49058823529412,530,450,2023,29.058823529411764,26.11764705882353,206.58823529411765,108.58823529411765,28.06352941176471,31.176470588235293,26.470588235294116,0.5782652043868395,0.4869976359338062,59,0.5423728813559322,0.4576271186440678,0.22898032200357785,0.6251246261216351,0.05383848454636091,9.248987854251013
2025,TEN,33.529411764705884,22.235294117647058,190.64705882352942,93.47058823529412,23.678823529411765,570,378,2024,31.176470588235293,26.470588235294116,213,109.11764705882354,28.49058823529412,33.529411764705884,22.235294117647058,0.5965250965250966,0.49033816425120774,60.94117647058823,0.5433070866141733,0.45669291338582674,0.19658119658119655,0.7297297297297297,0.07722007722007722,8.066037735849056
2015,WAS,34.6875,26.8125,268.375,97.875,31.3975,555,429,2014,34.1875,25.0625,278.8125,105.6875,31.84625,34.6875,26.8125,0,0,0,0,0,0,0,0,0
2016,WAS,37.9375,23.6875,309.25,106,35.595,607,379,2015,34.6875,26.8125,268.375,97.875,31.3975,37.9375,23.6875,0,0,0,0,0,0,0,0,0
2017,WAS,33.75,25.0625,255.8125,90.5,29.782500000000002,540,401,2016,37.9375,23.6875,309.25,106,35.595,33.75,25.0625,0,0,0,0,0,0,0,0,0
2018,WAS,31.8125,25.875,205.4375,110.875,27.805,509,414,2017,33.75,25.0625,255.8125,90.5,29.782500000000002,31.8125,25.875,0,0,0,0,0,0,0,0,0
2019,WAS,29.9375,22.25,200.3125,98.9375,25.78125,479,356,2018,31.8125,25.875,205.4375,110.875,27.805,29.9375,22.25,0.6164948453608248,0.5162162162162162,60.625,0.5535714285714286,0.4464285714285714,0.18884892086330937,0.6484536082474227,0.05257731958762887,8.274161735700197
2020,WAS,37.5625,25,237.25,100.6875,30.308750000000003,601,400,2019,29.9375,22.25,200.3125,98.9375,25.78125,37.5625,25,0.6184062850729517,0.4597014925373134,55.6875,0.6587301587301587,0.3412698412698413,0.16292134831460675,0.6060606060606061,0.05162738496071829,7.597077244258872
2021,WAS,32.35294117647059,28.058823529411764,220.35294117647058,121.23529411764706,30.467058823529413,550,477,2020,37.5625,25,237.25,100.6875,30.308750000000003,32.35294117647059,28.058823529411764,0.6354166666666666,0.5354107648725213,66,0.5302013422818792,0.4697986577181208,0.14067278287461774,0.7566287878787878,0.09090909090909093,6.185
2022,WAS,32.588235294117645,31.647058823529413,222.52941176470588,126.05882352941177,30.33058823529412,554,538,2021,32.35294117647059,28.058823529411764,220.35294117647058,121.23529411764706,30.467058823529413,32.588235294117645,31.647058823529413,0.5918367346938775,0.5257510729613734,63.411764705882355,0.5328947368421053,0.4671052631578947,0.18760469011725292,0.74860853432282,0.07977736549165121,7.518248175182482
2023,WAS,37.411764705882355,21.11764705882353,245.52941176470588,93.6470588235294,29.77411764705883,636,359,2022,32.588235294117645,31.647058823529413,222.52941176470588,126.05882352941177,30.33058823529412,37.411764705882355,21.11764705882353,0.5553618134263295,0.40816326530612246,67.47058823529412,0.536144578313253,0.463855421686747,0.1986863711001642,0.7122929380993898,0.08718395815170009,8.05244122965642
2024,WAS,30.88235294117647,30.941176470588236,231.2941176470588,154.05882352941177,40.30470588235295,525,526,2023,37.411764705882355,21.11764705882353,245.52941176470588,93.6470588235294,29.77411764705883,30.88235294117647,30.941176470588236,0.6926691729323309,0.6433915211970075,62.588235294117645,0.5985401459854015,0.4014598540145985,0.1891891891891892,0.8110902255639098,0.04887218045112782,7.495283018867925
2025,WAS,27.58823529411765,28.470588235294116,195.8235294117647,134.7058823529412,32.832941176470584,469,484,2024,30.88235294117647,30.941176470588236,231.2941176470588,154.05882352941177,40.30470588235295,27.58823529411765,28.470588235294116,0.5916892502258356,0.538659793814433,65.11764705882354,0.4444444444444444,0.5555555555555556,0.16407599309153714,0.9051490514905148,0.6178861788617886,7.603809523809524
