player_id,player_display_name,position,current_team,dynasty_value,year1_fppg,year3_fppg,elite_probability,starter_probability,breakout_probability,confidence,overall_rank
00-0039851,Drake Maye,QB,NE,1308.6220248490802,18.15929001092006,18.524291740139553,0.15408670431196583,0.3081918584035911,0.11987987730272578,Low,1
00-0034857,Josh Allen,QB,BUF,1289.9827914038922,19.124768925675426,19.124768925675426,0.27089711830058477,0.40127465226773473,0.11458604796929224,Low,2
00-0036389,Jalen Hurts,QB,PHI,1267.8223470683745,18.595960036247902,18.595960036247902,0.2517616134269801,0.5085109587813379,0.123761877174656,Low,3
00-0036971,Trevor Lawrence,QB,JAX,1220.203270378184,17.0833197450296,17.254152942479895,0.19346833592303153,0.2909220457671949,0.20456624617074565,Low,4
00-0039918,Caleb Williams,QB,CHI,1218.9381048524458,16.91477762949131,17.25476465984409,0.12400629454062384,0.3125858488695742,0.16410826187166494,Low,5
00-0039732,Bo Nix,QB,DEN,1176.2751942322031,16.46830961614082,16.63299271230223,0.2185259652053431,0.5754932944590282,0.1144498751016364,Low,6
00-0036355,Justin Herbert,QB,LAC,1113.647922162756,16.334585285451084,16.334585285451084,0.30371694594695015,0.5095081871395232,0.24309808343816727,Low,7
00-0039139,Jahmyr Gibbs,RB,DET,1066.692357209153,18.911071653351932,15.474519752389536,0.6338566222658436,0.9612707256829612,0.16146805024558142,Medium,8
00-0038542,Bijan Robinson,RB,ATL,1059.774277771523,19.176955333962873,15.254695126457111,0.7406013104560439,0.9486167813490272,0.16186709155133647,Medium,9
00-0034855,Baker Mayfield,QB,TB,1054.2266025184067,15.430589365890263,15.220932380688051,0.11171593703158876,0.3135136495876387,0.20424628183754567,Low,10
00-0033873,Patrick Mahomes,QB,KC,1047.7133239992097,17.073766186628937,17.073766186628937,0.2314784152188308,0.5515532678282711,0.12996703097519707,Low,11
00-0033106,Jared Goff,QB,DET,1047.4194547861598,15.600767129586677,15.118017008515702,0.0982311846446125,0.3050560599054735,0.16701132461408258,Low,12
00-0040691,Jaxson Dart,QB,NYG,1039.1727760887186,16.26164436018105,16.58850341182069,0.1675636851651165,0.4037088985073664,0.23450401641481808,Low,13
00-0034869,Sam Darnold,QB,SEA,1017.3688651164744,14.371899861507275,14.371899861507275,0.06431076915281739,0.18357027275213408,0.21996791479963929,Low,14
00-0034796,Lamar Jackson,QB,BAL,1015.4314488633136,16.9743460530391,16.9743460530391,0.1615307702221381,0.3900163875007359,0.2251810855882833,Low,15
00-0033077,Dak Prescott,QB,DAL,1009.0568480845532,16.10760103621803,14.379817539150425,0.16136508924315782,0.4671774226533637,0.09576062450232375,Low,16
00-0041027,Jeremiyah Love,RB,ARI,974.5742178267272,15.300439151030428,15.75945232556134,0.2744688582228724,0.8851238763765272,0.4439245738108513,Rookie-Low,17
00-0039075,Puka Nacua,WR,LA,973.8264705764932,14.539056789751507,14.539056789751507,0.8224034779177342,0.9349944451027792,0.10643130155166285,High,18
00-0040122,Ashton Jeanty,RB,LV,958.8279466791575,14.261428141623604,14.261428141623604,0.20797570002040475,0.8604754340540808,0.2291625008636509,Medium,19
00-0041562,Fernando Mendoza,QB,LV,957.0398175178746,15.026296217667491,15.32832477164261,0.11774289891275308,0.24926864192097695,0.15138344724286296,Rookie-Low,20
00-0040676,Cam Ward,QB,TEN,949.9640256673464,13.182318434556322,13.447283035090903,0.0960176686566084,0.22313080382985487,0.294444438301802,Low,21
00-0039150,Bryce Young,QB,CAR,944.9507928392352,13.681276378326595,13.95627003353096,0.05131947335894568,0.15968818594551193,0.28013564891560533,Low,22
00-0038543,Jaxon Smith-Njigba,WR,SEA,937.4809723249896,13.29707385253668,13.29707385253668,0.7534942022914112,0.8008226161770149,0.0798715645954408,High,23
00-0036264,Jordan Love,QB,GB,936.9815982141552,14.312297924720816,14.312297924720816,0.06160021304499454,0.1474435714456381,0.11588722875731594,Low,24
00-0036900,Ja'Marr Chase,WR,CIN,920.4647307205717,14.469795306449871,14.02690768809146,0.7203704783552609,0.8281449303475483,0.07011809502464342,High,25
00-0035710,Daniel Jones,QB,IND,900.6412065109043,15.02228381342938,15.02228381342938,0.09789748793120367,0.2365660266679155,0.1565229681077113,Low,26
00-0039040,De'Von Achane,RB,MIA,891.8424873914357,17.540576847070177,13.102595138649091,0.6435761951467688,0.9512419934008812,0.15226793562975832,Medium,27
00-0039163,C.J. Stroud,QB,HOU,867.5242118123092,13.598113598296113,13.871435681621865,0.07604722084256003,0.20048351113759655,0.17506944376739614,Low,28
00-0036963,Amon-Ra St. Brown,WR,DET,850.7430049046345,13.12725139157673,12.450379087556213,0.6525828325661439,0.8419199309813561,0.03750581188103934,High,29
00-0037744,Trey McBride,TE,ARI,831.009614580865,11.798329032318494,11.798329032318494,0.6566016250440058,0.8968075005165839,0.05472630732607206,High,30
00-0036212,Tua Tagovailoa,QB,ATL,829.788825948516,13.222361937592751,13.222361937592751,0.0268132671966561,0.14546030017163533,0.21158442965186725,Low,31
00-0037834,Brock Purdy,QB,SF,808.7672313691626,16.312876403690645,16.47600516772755,0.0970784225651303,0.3343886666773152,0.17746928239340692,Low,32
00-0041568,Ty Simpson,QB,LA,807.9621883497316,12.685657328558507,12.940639040862534,0.11165946982341138,0.23279341684759192,0.18967340397093413,Rookie-Low,33
00-0026498,Matthew Stafford,QB,LA,758.4075506923416,16.104734588130846,9.73448942409754,0.10257667709618624,0.27406636012643026,0.12033892083407338,Low,34
00-0039923,J.J. McCarthy,QB,MIN,751.3298080434009,14.21263051722574,14.498304390621978,0.05488721221494915,0.18829655548944668,0.22670176818900753,Low,35
00-0036442,Joe Burrow,QB,CIN,742.6818423312935,16.040696342703026,16.040696342703026,0.1083089350042634,0.43090628535391473,0.19699261924523292,Low,36
00-0037247,George Pickens,WR,DAL,740.8366137170118,10.712307094479756,10.712307094479756,0.3363764316213861,0.6607733020683991,0.08434752680134266,High,37
00-0036322,Justin Jefferson,WR,MIN,738.2763605147981,11.733411649711597,10.74447744117121,0.2968122208754631,0.6267104023379949,0.22646052435823127,High,38
00-0040734,TreVeyon Henderson,RB,NE,728.4282991449229,11.878207334888543,10.848821093008834,0.31652827622389496,0.7592920671380764,0.2455796002553068,Medium,39
00-0037240,Jameson Williams,WR,DET,715.1732969459299,10.322853351193856,10.322853351193856,0.0930874243313735,0.6645515069780689,0.1294632959069212,High,40
00-0039910,Jayden Daniels,QB,WAS,714.5031239292604,16.1083112421549,16.432088298122217,0.2609329400417436,0.4312905934757407,0.2650736314811217,Low,41
00-0040784,Quinshon Judkins,RB,CLE,714.1759874052724,12.05058024661882,12.05058024661882,0.19567706128829315,0.4998947702657512,0.19846258396429117,Medium,42
00-0039064,Zay Flowers,WR,BAL,710.7203385652117,10.419593286586563,10.419593286586563,0.237902648555077,0.747103967541587,0.04184386310098842,High,43
00-0040129,Emeka Egbuka,WR,TB,707.5162159331136,9.980801892223877,9.980801892223877,0.07426460677645685,0.5450132069948004,0.187018654381488,High,44
00-0040124,Tetairoa McMillan,WR,CAR,701.2244811723533,9.892045540367336,9.892045540367336,0.07728759968704439,0.460636393287192,0.08462309149511879,High,45
00-0037248,James Cook,RB,BUF,697.0802353044048,17.156872729131223,8.319291883579481,0.6981866293304927,0.9371518544880576,0.06148504624688858,Medium,46
00-0037840,Kyren Williams,RB,LA,689.1202336772261,15.201480277974252,8.947884686294694,0.365503504815406,0.9238051063616032,0.1389502971712123,Medium,47
00-0037239,Chris Olave,WR,NO,685.0079970268378,10.56424207991791,10.44766847873842,0.28313590885551815,0.6071756523148876,0.05193382386646539,High,48
00-0040743,Tyler Shough,QB,NO,682.5459515623633,12.400797213588708,12.524805185724595,0.02870229426802241,0.09023282536269515,0.2316828998397096,Low,49
00-0036223,Jonathan Taylor,RB,IND,673.6762751149148,17.835857376428315,7.491248205383072,0.6961770564428773,0.94424314815864,0.13456674535065738,Medium,50
00-0038117,Wan'Dale Robinson,WR,TEN,655.3376284532981,9.898665244705684,9.898665244705684,0.1571264626352161,0.5033774096239327,0.16430573563146816,High,51
00-0037238,Drake London,WR,ATL,655.2522127807053,11.579057196313338,11.579057196313338,0.3562683568417204,0.6243438010754453,0.06447220953330665,Medium,52
00-0036410,Tee Higgins,WR,CIN,652.3848634190916,11.688970403695642,10.176836929234092,0.32003919965171657,0.6691739954275361,0.02769118132140576,High,53
00-0039915,Ladd McConkey,WR,LAC,641.2691264861808,9.481357892133213,9.481357892133213,0.04099879880069505,0.4425782163569913,0.13958514791744267,High,54
00-0036554,Nico Collins,WR,HOU,634.950124152013,11.194847757118843,9.94679986153173,0.3611871893177159,0.7514967273498213,0.07493934606898876,High,55
00-0041561,Carson Beck,QB,ARI,634.7508429187396,9.98264409331048,10.18329523958602,0.02767030374363118,0.13628121313124733,0.12952536512575233,Rookie-Low,56
00-0036945,Justin Fields,QB,KC,630.8025045562478,12.820039413016492,12.820039413016492,0.1592161965347261,0.34476038354059096,0.25384230646189937,Low,57
00-0039893,Brian Thomas Jr.,WR,JAX,624.0962242156011,9.944730396954888,9.944730396954888,0.1015716923793112,0.5136890557641072,0.2612995833581429,High,58
00-0041565,Drew Allar,QB,PIT,622.6987508334404,9.776872093642062,9.973387222724266,0.02764144658918566,0.1027401903029289,0.14404118675643457,Rookie-Low,59
00-0041512,Jadarian Price,RB,SEA,617.7509775833863,10.484561796689505,10.484561796689505,0.18510487138490467,0.7837257112023253,0.3638381616442809,Rookie-Low,60
00-0038597,Chase Brown,RB,CIN,616.6115315845758,14.344520567874516,7.707844533186278,0.3391210606123077,0.7997913560223769,0.07089259049582979,Medium,61
00-0040666,Omarion Hampton,RB,LAC,615.009383843047,13.937487857370202,13.273374229020746,0.3200685435228091,0.6924895974406698,0.14059891026780463,Medium,62
00-0039338,Brock Bowers,TE,LV,613.6112739627048,10.502494074873727,10.76505642674557,0.3882705170304024,0.6287235939991077,0.08830754790902923,Medium,63
00-0040663,Harold Fannin Jr.,TE,CLE,609.3428403681903,8.652958161301907,9.091014168217814,0.3384425383531153,0.7396953323846037,0.04142359104591559,High,64
00-0036358,CeeDee Lamb,WR,DAL,605.0647354320951,11.56826615205397,10.3484745707871,0.4578810181219962,0.8412370031709686,0.13419575041705337,Medium,65
00-0032268,Marcus Mariota,QB,WAS,603.2582057419271,12.95408459467137,11.77629170609961,0.1397797351319537,0.31921028790128514,0.34600059045280934,Low,66
00-0038120,Breece Hall,RB,NYJ,600.1586366771493,12.442461710773337,8.597950175893656,0.08934169454992207,0.6923794942804411,0.10361053222915469,Medium,67
00-0041056,Cade Klubnik,QB,NYJ,590.6313879224399,9.273388659410614,9.459783771464767,0.05050365218843448,0.15719239784583275,0.17663813220880625,Rookie-Low,68
00-0033119,Jacoby Brissett,QB,ARI,581.7482076030067,10.87753191843462,9.2846684562263,0.03939025164996553,0.09748234360317516,0.17152185482551904,Low,69
00-0037664,Alec Pierce,WR,IND,577.3350158417212,9.357494487771955,9.166859833782688,0.06771282959059725,0.3436313941386807,0.1312180400518086,High,70
00-0038544,Quentin Johnston,WR,LAC,577.2478091123329,9.70749036804858,9.70749036804858,0.18442336734683148,0.6355079387756286,0.08460152089160147,Medium,71
00-0036970,Kyle Pitts,TE,ATL,576.3933287287182,8.131075297622107,8.131075297622107,0.3273535115064778,0.5092220659553626,0.05702893834592416,High,72
00-0040128,Tyler Warren,TE,IND,571.6768519627153,8.064540822269247,8.064540822269247,0.3447978136744374,0.6062846536794092,0.17223513152233513,High,73
00-0038134,Kenneth Walker III,RB,KC,570.8506585135794,12.352884100557418,7.505564386314525,0.2094705950853973,0.7637462641751469,0.10907100785578444,Medium,74
00-0041194,Jack Strand,QB,ATL,569.9456402081829,8.94860575388374,9.128472729536805,0.02764144658918566,0.1027401903029289,0.14404118675643457,Rookie-Low,75
00-0036972,Mac Jones,QB,SF,559.8388564631808,10.248721720055393,10.248721720055393,0.07475327818312918,0.1895421922638439,0.23913634713007983,Low,76
00-0041438,Carnell Tate,WR,TEN,559.5103467917614,8.660391224684576,9.098823530434233,0.0621724182745371,0.23305325414693903,0.20061129095955132,Rookie-Medium,77
00-0040126,Colston Loveland,TE,CHI,559.0423202648624,7.938666850875042,8.34056186020059,0.23068115336038836,0.5426663027510079,0.12307708277907374,High,78
00-0038559,Michael Wilson,WR,ARI,558.1521645427819,8.448182400928545,8.179896899903436,0.08965559005966021,0.350225829362457,0.07953731531671092,High,79
00-0036912,DeVonta Smith,WR,PHI,547.5772594605862,9.218365126473394,7.851020510575766,0.06563601820540828,0.2956952441205029,0.06049387996327051,High,80
00-0030565,Geno Smith,QB,NYJ,543.566478212703,10.964344240420202,8.01738448331544,0.03939025164996553,0.09748234360317516,0.18632351171023237,Low,81
00-0039361,Bucky Irving,RB,TB,541.3904183566289,12.273231701841224,10.963374156448266,0.15325010257128538,0.345335879129681,0.07015788856262306,Medium,82
00-0041414,Matthew Caldwell,QB,LA,538.7682145547082,8.459095051613854,8.629122862151293,0.05050365218843448,0.15719239784583275,0.13011619601416635,Rookie-Low,83
00-0041029,Jordyn Tyson,WR,NO,537.7343869826142,8.436811841172839,8.647732137202158,0.0621724182745371,0.23305325414693903,0.16970498929629352,Rookie-Medium,84
00-0041117,Athan Kaliakmanis,QB,WAS,536.7392614860823,8.427238853718153,8.596626354677888,0.02764144658918566,0.1027401903029289,0.1630249848722429,Rookie-Low,85
00-0039917,Michael Penix Jr.,QB,ATL,536.1476713519669,10.814125940890175,10.922267200299077,0.06430641048811452,0.17469328302972492,0.14580187428064034,Low,86
00-0041511,Omar Cooper Jr.,WR,NYJ,530.2439224740793,8.319289805775213,8.527272050919592,0.03429867257819892,0.19900272979163416,0.1565319427910622,Rookie-Medium,87
00-0035676,A.J. Brown,WR,NE,530.0144181329686,10.95780968298154,7.872809528089084,0.4037885615752464,0.6706670666100123,0.02836617251172512,High,88
00-0039868,Troy Franklin,WR,DEN,528.8563661758963,7.460480058794912,7.460480058794912,0.02313956534558353,0.3613902930230892,0.16860642277439356,High,89
00-0038994,Jordan Addison,WR,MIN,525.0490223699029,8.41620867380963,8.41620867380963,0.1001095459187864,0.3457257374476817,0.16715258417660792,High,90
00-0040730,RJ Harvey,RB,DEN,522.8349129259911,10.886904917934055,7.036047051242816,0.1718582572072442,0.5204293409076777,0.162272173290228,Medium,91
00-0036613,Jaylen Waddle,WR,DEN,517.232863234446,9.02746194379872,7.717141344450619,0.04836809823088802,0.29337628618452,0.02810863016413853,High,92
00-0033280,Christian McCaffrey,RB,SF,516.0497411697205,16.990993493502252,4.111014402107779,0.4040746865244904,0.7313601555720038,0.2021736518776499,Medium,93
00-0041547,KC Concepcion,WR,CLE,514.4495865581217,7.962917416125554,8.366040110316908,0.03984218202945458,0.15076868165845683,0.1263285204990158,Rookie-Medium,94
00-0036997,Javonte Williams,RB,DAL,513.4076849947442,12.276270199236372,6.73104897012491,0.06579070964691017,0.5501492520005359,0.19328815965989912,Medium,95
00-0040867,Makai Lemon,WR,PHI,508.6072899516532,7.9798207260821314,8.179316244234185,0.03173360999749166,0.1567915947910262,0.1379512241046126,Rookie-Medium,96
00-0035228,Kyler Murray,QB,MIN,507.1408898036407,13.22483678918966,13.22483678918966,0.1340487070887558,0.371583039352884,0.15357504852308854,Low,97
00-0040715,Cam Skattebo,RB,NYG,502.99108966340555,13.842671924930295,11.049614537110212,0.4055619524127528,0.7408941674375519,0.0867865696343116,Medium,98
00-0040735,Luther Burden III,WR,CHI,494.9430959009284,7.419206023124152,7.604686173702255,0.01678121125007118,0.30307035871118543,0.18532179649372724,High,99
00-0041035,De'Zhaun Stribling,WR,SF,493.7669465957905,7.894210703738371,7.894210703738371,0.03442609148503509,0.3696364633373261,0.20634696055712656,Rookie-Medium,100
00-0035700,Josh Jacobs,RB,GB,492.1973810000326,15.437260429108624,5.322808410691858,0.5675072160125894,0.8714947742889495,0.14021719528012253,Medium,101
00-0040189,Oronde Gadsden II,TE,LAC,492.0331525405357,7.375585919146185,7.559975567124839,0.2031430147679524,0.5511547091495664,0.06711531676526958,High,102
00-0023459,Aaron Rodgers,QB,PIT,485.4679012065336,12.776979915719611,5.732312115447317,0.05809192578395987,0.11891263640479888,0.27847865742012545,Low,103
00-0034844,Saquon Barkley,RB,PHI,483.5977878313989,15.817304962637792,4.413159666943689,0.4264907684359574,0.8187433173094855,0.1395005087377097,Medium,104
00-0041092,Taylen Green,QB,CLE,479.01304684174215,7.520890774052898,7.672060678611361,0.02964158027599815,0.10388176007688626,0.132179227069241,Rookie-Low,105
00-0041251,Jalon Daniels,QB,TB,478.71804959974247,7.516259079675565,7.667335887177044,0.02964158027599815,0.10388176007688626,0.12662071462283797,Rookie-Low,106
00-0039919,Rome Odunze,WR,CHI,478.1123449960053,8.359550168376375,8.359550168376375,0.07990301448236192,0.22835887273357944,0.07943073886046213,Medium,107
00-0039165,Zach Charbonnet,RB,SEA,476.63559870286326,10.421552242033185,6.631194205859255,0.08622163703808061,0.35333345545724937,0.14322594617879952,Medium,108
00-0040236,Kyle Monangai,RB,CHI,475.1281360358446,8.147720633598958,6.973975373867525,0.05887375684259203,0.21687665159204908,0.19609400026546,Medium,109
00-0035640,DK Metcalf,WR,PIT,469.6561436167741,9.324667503945925,7.089447155370701,0.0912331381353604,0.6730309321536126,0.03520386927362763,High,110
00-0032764,Derrick Henry,RB,BAL,469.4666578076623,16.507498467294663,3.3427684396271693,0.49455781052011055,0.7747012085104539,0.11394265656059484,Medium,111
00-0036040,Juwan Johnson,TE,NO,465.9522597863004,7.735544043987327,6.6555877726571,0.43010831249368503,0.5289258454141513,0.08564797460704239,High,112
00-0036275,D'Andre Swift,RB,CHI,464.29639586136955,12.799007486644204,5.360233604107907,0.19434555861881816,0.7777638703643054,0.113254061607035,Medium,113
00-0036973,Travis Etienne,RB,NO,462.09163943295994,12.21009537951217,5.149121418409977,0.19285758341611625,0.6840136617105559,0.1437156095554006,Medium,114
00-0039067,Rashee Rice,WR,KC,457.99596379388,10.469411230516284,10.238764417257956,0.4405941008188253,0.7190561266061534,0.0859057875935818,Medium,115
00-0033537,Deshaun Watson,QB,CLE,457.9000305058933,8.022819125690868,8.022819125690868,0.07251117847525762,0.18133484751880743,0.1780936221624473,Low,116
00-0038606,Parker Washington,WR,JAX,448.2286674313727,6.604095785336502,6.604095785336502,0.01183824196120591,0.26018573725015914,0.07431074263949983,High,117
00-0041032,Kenyon Sadiq,TE,NYJ,447.4478671896404,6.865775431248695,7.213355312455659,0.02096149334757396,0.09813300541411318,0.2327759657085439,Rookie-Medium,118
00-0037816,Romeo Doubs,WR,NE,445.6155926199008,6.956816509172265,6.7931889254102975,0.0181294794640756,0.21764837812481155,0.04104196702963132,High,119
00-0040891,Cole Payton,QB,PHI,444.65044131390823,6.9813701814706075,7.121695722118167,0.02964158027599815,0.10388176007688626,0.12765338365450524,Rookie-Low,120
00-0038041,Jake Ferguson,TE,DAL,444.5550550745222,6.421555250730162,6.421555250730162,0.03209311174970122,0.15414185475398445,0.02859787373797856,High,121
00-0041037,Denzel Boston,WR,CLE,444.5066448692493,6.974110296268152,7.148463053674855,0.01179894468864918,0.09259939391732594,0.17262651529522072,Rookie-Medium,122
00-0036252,Michael Pittman,WR,PIT,443.3385398996192,8.269555109051389,6.139897071360634,0.02986862571498036,0.3193852674135192,0.04794990053567647,High,123
00-0037077,Sam Howell,QB,DAL,440.8952108234219,7.4549120674897775,7.604755800046323,0.02870229426802241,0.09023282536269515,0.12662071462283797,Low,124
00-0034348,Courtland Sutton,WR,DEN,439.9458635206947,9.66762615127545,5.6127067832104185,0.1245943052617096,0.5128657663292383,0.04715759250080922,High,125
00-0040906,Garrett Nussmeier,QB,KC,436.98555926910024,6.872415154331847,7.010550698933917,0.02767030374363118,0.13628121313124733,0.12662071462283797,Rookie-Low,126
00-0039849,Marvin Harrison Jr.,WR,ARI,435.86267794143066,7.606373307873864,7.606373307873864,0.02304952752309493,0.10634200795201908,0.1429423720665037,Medium,127
00-0038996,Tucker Kraft,TE,GB,435.07488562963,9.357656647872677,9.357656647872677,0.4046167894254771,0.5546150933727946,0.0225010823121271,Medium,128
00-0041123,Behren Morton,QB,NE,434.29711683865855,6.830134369283895,6.967420070106501,0.02767030374363118,0.13628121313124733,0.12765338365450524,Rookie-Low,129
00-0040130,Jayden Higgins,WR,HOU,433.31276376785775,6.112663929313877,6.112663929313877,0.01372291556452633,0.10128578597317751,0.2002220596397703,High,130
00-0037261,Khalil Shakir,WR,BUF,427.70829611616904,6.7526740948938535,6.516117382273534,0.00961727258795719,0.3194165996182969,0.08031085958686036,High,131
00-0039847,Theo Johnson,TE,NYG,425.94244682755755,6.5062272401076715,6.5062272401076715,0.09562255385697084,0.36061901913377054,0.09174393255336652,High,132
00-0038563,Tre Tucker,WR,LV,423.1543994761027,6.116729833956939,6.116729833956939,0.02142023236794189,0.32644880075346644,0.08943769732810121,High,133
00-0040242,Jacory Croskey-Merritt,RB,WAS,422.78833983432435,8.58774363501286,5.768866894473128,0.07306877959734179,0.13087460945403023,0.12950128169362726,Medium,134
00-0040170,Elic Ayomanor,WR,TEN,418.8654081224719,6.143766441744285,6.143766441744285,0.00841799712432292,0.1434122184000325,0.12862692396784134,High,135
00-0040162,Dylan Sampson,RB,CLE,418.6753311316329,6.353752887702797,6.544365474333881,0.02237845026433834,0.05236678396210003,0.137977426419942,Medium,136
00-0039890,Adonai Mitchell,WR,NYJ,418.5053324023696,6.138484981201703,6.138484981201703,0.00841799712432292,0.20574335606669863,0.25451419011774146,High,137
00-0040014,Kyle McCord,QB,MIA,418.414939096054,7.038698205884192,7.180176039822464,0.02952512930575262,0.08690859249662629,0.12765338365450524,Low,138
00-0041149,Haynes King,QB,CAR,414.57910882556814,6.542614534576961,6.674121086721958,0.02870229426802241,0.09023282536269515,0.12765338365450524,Rookie-Low,139
00-0041489,Germie Bernard,WR,PIT,414.4848378344865,6.503081581691112,6.66565862123339,0.00841799712432292,0.1373882317792402,0.16430328006071662,Rookie-Medium,140
00-0038997,Josh Downs,WR,IND,414.3829956488632,6.1484600102944,6.1484600102944,0.00841799712432292,0.15243716883330705,0.11103560883226428,High,141
00-0040981,Joe Fagnano,QB,BAL,413.6267881315639,6.527585636396777,6.658790107688353,0.02767030374363118,0.13628121313124733,0.12765338365450524,Rookie-Low,142
00-0040704,Dillon Gabriel,QB,CLE,412.33039365108135,7.839911797901511,7.997494025039331,0.02870229426802241,0.09023282536269515,0.23123921876761505,Low,143
00-0033090,Hunter Henry,TE,NE,411.4295624011155,7.8256663481432,5.615889021302828,0.2379222994136232,0.4961391116365895,0.05222747339467826,High,144
00-0034351,Dallas Goedert,TE,PHI,409.965480875155,8.39805958557812,6.072528629906458,0.2230210014563289,0.371368132549585,0.02563580900468405,High,145
00-0037809,Chig Okonkwo,TE,WAS,409.1893621348541,5.819158933526976,5.819158933526976,0.05493890075782483,0.1359557482736453,0.01806375603268816,High,146
00-0036259,Jauan Jennings,WR,MIN,408.65408007690655,8.42860643037999,6.076216012154056,0.08054454102566758,0.3872455816834068,0.0374215147970553,High,147
00-0039793,AJ Barner,TE,SEA,405.3291746159334,5.717904553812658,5.717904553812658,0.14961277220124003,0.2664946372524725,0.05856850859500506,High,148
00-0034383,Dalton Schultz,TE,HOU,404.4337370236691,6.8097986912774635,5.754706472762295,0.2809846899985536,0.41851709134523535,0.05222747339467826,High,149
00-0038129,Cade Otton,TE,TB,400.7039812701096,6.230668113597435,6.230668113597435,0.00783558736736372,0.05307169190889669,0.01608898368189851,High,150
00-0039337,Malik Nabers,WR,NYG,394.0504891834832,11.052581217707598,11.052581217707598,0.24616292519599264,0.632980221857553,0.10831139501457202,Low,151
00-0038555,Tank Bigsby,RB,PHI,393.5623152054094,7.040654713951667,6.329282014198879,0.0124905672808719,0.05135724317204824,0.1851192816737534,Medium,152
00-0040719,Bhayshul Tuten,RB,JAX,393.5155868084372,7.662520857842711,6.148283161531585,0.01604912256679097,0.18165710497801832,0.15242091789704074,Medium,153
00-0039065,Sam LaPorta,TE,DET,392.462040084416,7.976155430033538,7.976155430033538,0.22367808272390843,0.3931397576650514,0.01929386840557622,Medium,154
00-0038933,Dalton Kincaid,TE,BUF,391.69182458390463,6.880858845360834,6.880858845360834,0.2670521762141726,0.49494270031114934,0.05127451853708553,Medium,155
00-0036894,Pat Freiermuth,TE,PIT,391.5700908194922,6.159328860439871,6.159328860439871,0.08817187420660708,0.32854368003601797,0.01929386840557622,High,156
00-0039901,Keon Coleman,WR,BUF,389.8854696947641,6.800053203567262,6.800053203567262,0.00986789249870311,0.13768441784695465,0.09244511626724232,Medium,157
00-0026158,Joe Flacco,QB,CIN,389.7337511502067,11.14567999554466,5.417883654101703,0.04319249784938138,0.1057980598428848,0.18783251112599716,Low,158
00-0038124,Christian Watson,WR,GB,389.4013890488701,8.531835445652588,7.720642204329895,0.09127264204882148,0.29860795976475174,0.08196110591235191,Medium,159
00-0033288,George Kittle,TE,SF,388.9249574130939,10.41551995509289,6.635277573944827,0.48090987844248606,0.6564435447425377,0.02608239302027733,Medium,160
00-0034960,Jakobi Meyers,WR,JAX,387.01860640740375,8.111448078492208,5.3854235566184885,0.10198875731875764,0.3763313413340989,0.10388280471114436,High,161
00-0040583,Woody Marks,RB,HOU,386.8065107888703,8.488144846799509,5.3699046664379475,0.03221318843906569,0.11458329036895584,0.14923644222542148,Medium,162
00-0036139,Rico Dowdle,RB,PIT,385.64270809474584,10.829125941422706,4.008502832393617,0.10034812250390004,0.4523949211979065,0.09479517199319194,Medium,163
00-0039894,Xavier Worthy,WR,KC,385.51814833727445,6.143081626821381,6.143081626821381,0.0135154722719477,0.25752488278500846,0.30170877177065103,High,164
00-0036407,Jerry Jeudy,WR,CLE,383.9511007589597,6.1911304812922445,5.568424346745999,0.01275150770041523,0.1688086485717718,0.10698316927561025,High,165
00-0040668,Shedeur Sanders,QB,CLE,383.21546150556577,8.107775526563678,8.270741814647609,0.02952512930575262,0.08690859249662629,0.1840091415480842,Low,166
00-0038476,Tommy DeVito,QB,NE,382.6425194444911,6.554554069766957,6.554554069766957,0.02870229426802241,0.09023282536269515,0.12765338365450524,Low,167
00-0036879,Sam Ehlinger,QB,DEN,380.6006467869363,6.519577390340553,6.519577390340553,0.02870229426802241,0.09023282536269515,0.12662071462283797,Low,168
00-0031381,Davante Adams,WR,LA,379.9479188198005,11.417722599621454,4.6918623541924624,0.2341549144826781,0.49577912686247105,0.06931475300055653,High,169
00-0037228,Jaylen Warren,RB,PIT,377.6515723152676,10.624958837783815,4.263768898131005,0.09825577145347544,0.18311459950535217,0.104892077504337,Medium,170
00-0038608,Kayshon Boutte,WR,HOU,373.1414734031463,5.965039217027353,5.965039217027353,0.01481834298024132,0.1361492125372188,0.19506465244419993,High,171
00-0039107,Stetson Bennett,QB,LA,371.6827439097784,6.3668163310570165,6.3668163310570165,0.02870229426802241,0.09023282536269515,0.12662071462283797,Low,172
00-0037327,Skylar Thompson,QB,BAL,367.6866086132932,6.307268618446774,6.307268618446774,0.02870229426802241,0.09023282536269515,0.12765338365450524,Low,173
00-0039384,Tyrone Tracy Jr.,RB,NYG,363.7899898632509,9.519522033791064,4.775799470326544,0.06991684396198473,0.2473507196583268,0.0792772487972817,Medium,174
00-0038935,Brenton Strange,TE,JAX,363.4476453984233,6.338946992190811,6.338946992190811,0.2108054729314166,0.34343685949426506,0.01929386840557622,Medium,175
00-0037740,Garrett Wilson,WR,NYJ,363.1101153104584,8.684035135463336,8.624658520309312,0.17511408646661417,0.44318486918884664,0.09711159033207468,Low,176
00-0040718,Travis Hunter,WR,JAX,360.635342797756,6.177577591921913,6.177577591921913,0.00920653780899234,0.2659520618213746,0.23353796357483267,Low,177
00-0033869,Mitchell Trubisky,QB,TEN,358.11603112829613,10.67007559171346,10.27254668724957,0.07613855539248987,0.22437113190835775,0.2554720981939282,Low,178
00-0040705,Chimere Dike,WR,TEN,358.00659954629805,5.086368062735555,5.086368062735555,0.00841799712432292,0.02429227950500554,0.10507315619832051,High,179
00-0039376,Spencer Rattler,QB,NO,355.8172053533227,7.138058724282144,7.281533704640215,0.03939025164996553,0.09748234360317516,0.2143568574563861,Low,180
00-0034753,Mark Andrews,TE,BAL,352.80711503987936,6.3470068377670055,4.917749380608939,0.1551930116246058,0.34401194528006807,0.1040117459441405,High,181
00-0035719,Deebo Samuel Sr.,WR,SF,352.24392628150383,7.8849949877176995,4.730716059639514,0.03169902779797374,0.4287744448027455,0.0631113578891654,High,182
00-0038951,Sean Tucker,RB,TB,351.6055170360539,6.619033678788248,4.978685503496227,0.01178788722872258,0.16304355681646157,0.13687514407950296,Medium,183
00-0039032,Tyjae Spears,RB,TEN,349.62960470126364,8.183008413756303,5.7037426784617455,0.09945065708841178,0.2445822718661045,0.11781765731874196,Medium,184
00-0040211,Graham Mertz,QB,HOU,348.9031950242992,5.899457683186544,6.018036782618593,0.02870229426802241,0.09023282536269515,0.12765338365450524,Low,185
00-0036919,Kenny Gainwell,RB,TB,348.6700068939253,9.09136544422121,3.939301730001552,0.10848413672554191,0.20277500671425144,0.110123853591693,Medium,186
00-0037545,Rashid Shaheed,WR,SEA,347.70193899431024,5.969465031015677,4.956462553553963,0.00841799712432292,0.23110047784169013,0.16054230464702451,High,187
00-0034827,DJ Moore,WR,BUF,345.82890451167924,6.724432758344857,4.706863127862861,0.02901866152303144,0.37476435522470414,0.02463705024894858,High,188
00-0040237,Tez Johnson,WR,TB,343.70454314674555,5.265400642436032,5.265400642436032,0.00841799712432292,0.02429227950500554,0.10603178999299788,High,189
00-0039534,Carter Bradley,QB,JAX,341.6049774040013,5.8074457376806485,5.865520195057455,0.02870229426802241,0.09023282536269515,0.12765338365450524,Low,190
00-0035229,T.J. Hockenson,TE,MIN,340.6868763328416,5.729767645036527,5.352693516468221,0.00823284074469057,0.21391810107184792,0.07562904527214866,High,191
00-0040589,Kurtis Rourke,QB,SF,339.6625921468393,5.74321220759292,5.858650772965539,0.02870229426802241,0.09023282536269515,0.132179227069241,Low,192
00-0039344,Jonathon Brooks,RB,CAR,339.22880229501226,6.268486518128794,6.192553042357387,0.17754678527740528,0.6310259937812872,0.34534893287073537,Low,193
00-0039164,Anthony Richardson,QB,IND,337.09860389093603,9.940323704971426,10.140124211441352,0.06860048725520128,0.19398030365016747,0.4699476735429755,Low,194
00-0038128,Malik Willis,QB,MIA,332.5766326120704,9.328323004174775,9.328323004174775,0.03182756902347463,0.09696424625721056,0.31793020875561706,Low,195
00-0032950,Carson Wentz,QB,MIN,331.6941271637111,10.115668509556064,8.666432832737495,0.03817448691633588,0.17154651159322667,0.237542881088698,Low,196
00-0035261,Tony Pollard,RB,TEN,330.55352902290383,10.221884026133893,2.986705836925342,0.14411177909158887,0.2956355636213364,0.07331998064333624,Medium,197
00-0040203,Will Howard,QB,PIT,329.5503640479185,5.55299548714721,5.664610696438869,0.02952512930575262,0.08690859249662629,0.132179227069241,Low,198
00-0040736,Mason Taylor,TE,NYJ,327.78371643941693,5.285006564452149,5.552560021777539,0.01485823345877521,0.3709870281806624,0.02856032116479455,Medium,199
00-0031588,Stefon Diggs,WR,WAS,325.4371754479828,8.16156150299613,3.7632922272951546,0.12843505498933488,0.37798143741083984,0.07580674473572693,High,200
00-0030506,Travis Kelce,TE,KC,325.23302872832363,8.522217414861402,3.597755753715489,0.28913056645504104,0.699346807611967,0.05661270038444604,High,201
00-0039391,Kimani Vidal,RB,LAC,324.8199378727875,7.3870371417249405,5.373512111699567,0.06489395445144804,0.1363234339178787,0.09134068593137352,Medium,202
00-0035685,David Montgomery,RB,HOU,324.3839900204535,9.948289694355632,2.9711938717554873,0.03175803236978843,0.11430998289289626,0.07288210489126803,Medium,203
00-0040134,Pat Bryant,WR,DEN,324.0363627387294,5.396463142447545,5.396463142447545,0.00841799712432292,0.0282850905378907,0.15996187388283442,Medium,204
00-0039738,Blake Corum,RB,LA,320.96945299493865,6.857390199523101,4.253963974272418,0.06146923517684589,0.4274918713944296,0.2461218030812952,Medium,205
00-0036875,Rhamondre Stevenson,RB,NE,317.57801667390584,10.359934838986902,3.596948997162362,0.15969387246557257,0.5381967193522598,0.06885584098249395,Medium,206
00-0036555,Chuba Hubbard,RB,CAR,316.59961268529935,8.710811246747758,3.9732699518783408,0.09879966868103882,0.19068913658919365,0.07257443169058997,Medium,207
00-0038621,DeMario Douglas,WR,NE,314.18829256757226,4.756291489460857,4.756291489460857,0.00841799712432292,0.02429227950500554,0.07732820715525711,High,208
00-0039916,Ricky Pearsall,WR,SF,313.58526108910485,6.624334727953645,6.624334727953645,0.04495612115344907,0.2523109834049352,0.15931808630637018,Medium,209
00-0036244,Colby Parkinson,TE,LA,312.0904658616881,5.09598150997113,5.09598150997113,0.08857398045986158,0.1617548224821516,0.098148969110947,High,210
00-0038102,Kenny Pickett,QB,CAR,311.59841426872697,7.586421477039928,7.586421477039928,0.04705020049725884,0.14647656337154444,0.2434928792571975,Low,211
00-0038393,Dontayvion Wicks,WR,PHI,311.2476147213382,5.2683406984483385,5.2683406984483385,0.00841799712432292,0.02429227950500554,0.08879867281551493,Medium,212
00-0040667,Matthew Golden,WR,GB,311.04727070067304,4.956417180242753,4.956417180242753,0.0111537297382739,0.1514955954295678,0.13201150629229794,High,213
00-0041496,Jonah Coleman,RB,DEN,310.47376448022607,5.311725244791334,5.292988581283524,0.01492814626619858,0.04019793245138137,0.09875466548870548,Rookie-Low,214
00-0041052,Kaelon Black,RB,SF,309.95617115096434,6.634194935707273,4.967111352080015,0.04237960546941171,0.14662661670113922,0.14271850809990833,Rookie-Low,215
00-0029604,Kirk Cousins,QB,LV,306.65836211399744,8.673844897693039,5.445122790538759,0.04899954688579862,0.1533418111318085,0.13593496566645344,Low,216
00-0037525,Jordan Mason,RB,MIN,306.3616151823782,8.136964663128815,3.673177548636192,0.07306877959734179,0.13087460945403023,0.0957273042509502,Medium,217
00-0035659,Terry McLaurin,WR,WAS,303.42359528884913,9.151917420244237,5.268488096180821,0.15159513402474642,0.3674535834873297,0.03350840721787543,Medium,218
00-0038976,Marvin Mims Jr.,WR,DEN,302.593868066576,4.643179845032319,4.643179845032319,0.00841799712432292,0.0276158418743433,0.2101698037126616,High,219
00-0039798,Isaiah Davis,RB,NYJ,302.5617347739945,5.640768398258258,4.54437686599803,0.01178788722872258,0.03799729364846573,0.131420361007776,Medium,220
00-0039342,Xavier Legette,WR,CAR,301.95230271288546,4.740618122296925,4.740618122296925,0.01239642627533662,0.14167291255750958,0.16472915253849268,High,221
00-0036898,Davis Mills,QB,HOU,301.203645955024,7.33334222511562,7.33334222511562,0.03939025164996553,0.09748234360317516,0.2459578391925684,Low,222
00-0039491,Jalen Coker,WR,CAR,299.9785248384835,5.537393732228982,5.537393732228982,0.00841799712432292,0.03390345575058491,0.09162937674121983,Medium,223
00-0037256,Rachaad White,RB,WAS,299.79135813749133,7.952642211256427,3.326731567584724,0.0593584979632184,0.11382222195992953,0.10507986095255044,Medium,224
00-0040584,Gunnar Helm,TE,TEN,298.41709967896566,4.29544102944569,4.402827055181832,0.01600112696921399,0.09861185797277502,0.02438414252325143,High,225
00-0035704,Drew Lock,QB,SEA,297.4391479540401,8.957913760349442,8.957913760349442,0.02870229426802241,0.09023282536269515,0.2989499388764592,Low,226
00-0036290,Cole Kmet,TE,CHI,296.39831652315,4.436386054167456,4.436386054167456,0.03449633046282639,0.06695224469516321,0.04181826986506059,High,227
00-0037263,Tyler Allgeier,RB,ARI,291.6238560537337,6.728703238430635,3.668108240522075,0.063937444594929893,0.29836249769524714,0.1588684981466111,Medium,228
00-0037112,Jake Tonges,TE,SF,290.97299149654384,5.672766353653109,5.672766353653109,0.08702364262216913,0.35884963482543614,0.02101983719561385,Medium,229
00-0038618,Xavier Hutchinson,WR,HOU,289.31502909420647,4.480878510012732,4.411957677265861,0.00841799712432292,0.02429227950500554,0.0415604458647379,High,230
00-0040206,Riley Leonard,QB,IND,289.15111670896573,7.402019837075553,7.550800435800771,0.02857635344976068,0.12794795287463112,0.2311227168793248,Low,231
00-0035993,Tyler Huntley,QB,BAL,288.9754046846809,7.5327059058755825,7.5327059058755825,0.03182756902347463,0.09696424625721056,0.30272682724166566,Low,232
00-0033858,Jonnu Smith,TE,GB,286.2755150944367,5.166235221358232,3.9860424434605246,0.04722187609469202,0.1948653000510669,0.05178271040638681,High,233
00-0040782,Isaiah Bond,WR,CLE,285.52646895667806,4.280046970629505,4.3870481448952425,0.00841799712432292,0.02429227950500554,0.1267686089812809,High,234
00-0031503,Jameis Winston,QB,NYG,284.82477176763865,9.41394967050102,8.672312472708489,0.0618466222034251,0.17445751224516287,0.29877129044973055,Low,235
00-0034771,Mason Rudolph,QB,PIT,282.4336184943156,7.569140902019825,7.535071048156968,0.02870229426802241,0.09023282536269515,0.26605093045409983,Low,236
00-0036158,J.K. Dobbins,RB,DEN,281.91478946961917,10.285520373625005,4.238558392383528,0.06440418657716203,0.28719532766080397,0.10697356809151806,Medium,237
00-0037291,Jalen Nailor,WR,LV,281.70204079791887,4.607964403644515,4.07073524898585,0.00841799712432292,0.02429227950500554,0.03905574455079965,High,238
00-0040727,Tre Harris,WR,LAC,276.9355185321989,4.082622921502519,4.082622921502519,0.00841799712432292,0.03673320801347403,0.15362788449425482,High,239
00-0040142,Kaleb Johnson,RB,GB,276.4609461209253,5.707798382509401,5.677829089146876,0.05236104691131248,0.21316216628412396,0.17386352943046787,Medium,240
00-0040078,Brashard Smith,RB,KC,275.6651644586722,4.307509777856,4.133141898625214,0.06749473820134609,0.09187352097083532,0.06957737979458986,Medium,241
00-0033885,David Njoku,TE,LAC,275.64497848607914,6.024347308017027,5.08952117359886,0.0066882212938757,0.12240433406645916,0.01929386840557622,Medium,242
00-0040964,EJ Smith,RB,KC,275.500665670758,4.171540889435727,4.425587729602364,0.02237845026433834,0.05236678396210003,0.09092406138170632,Rookie-Low,243
00-0038104,Tyquan Thornton,WR,KC,274.5833904877142,5.001437626741889,4.980722489352793,0.00841799712432292,0.05332561984736656,0.15422780156031962,Medium,244
00-0040202,Devin Neal,RB,NO,274.3415763577511,5.979261521334696,5.944436417061941,0.01492814626619858,0.04019793245138137,0.11448128412106802,Medium,245
00-0038619,Andrei Iosivas,WR,CIN,272.1233466231959,4.553013380330322,4.3116703766460605,0.00841799712432292,0.02429227950500554,0.04096388792718797,High,246
00-0033881,Evan Engram,TE,DEN,271.1196724018186,5.464664594325034,3.817251085303576,0.03174059549770419,0.2420204955747041,0.0169839308650146,High,247
00-0037012,Trey Lance,QB,LAC,270.82307032851423,7.538909830696688,7.614298929003655,0.08580818771432246,0.17401149374179603,0.29119771935546007,Low,248
00-0040234,Quinn Ewers,QB,JAX,269.22791620534485,7.415956491463062,7.565017216941469,0.05041363070846145,0.14596497165319627,0.1848674197857809,Low,249
00-0040729,Jack Bech,WR,LV,267.57663266586155,4.263729484554229,4.263729484554229,0.00841799712432292,0.03161879097000354,0.07098906869860931,High,250
00-0039880,Malik Washington,WR,MIA,264.86631147428994,3.871270222844066,3.871270222844066,0.00841799712432292,0.02365028586273381,0.08419098726193294,High,251
00-0030279,Keenan Allen,WR,IND,261.62192513967574,7.238502827608111,2.74127657425425,0.03569894149000845,0.3393617985619054,0.03226996556888746,High,252
00-0037013,Zach Wilson,QB,NO,261.12176324699095,7.324110933039677,7.324110933039677,0.06960064634071113,0.21295407576850556,0.24005677081489277,Low,253
00-0040198,Ollie Gordon II,RB,MIA,259.5957826568671,3.839466018095928,3.839466018095928,0.01307665153137191,0.03924898174258359,0.07491596499330311,Medium,254
00-0037837,Calvin Austin III,WR,NYG,256.43407719719016,4.710109343281109,4.192102532591765,0.00841799712432292,0.02429227950500554,0.08018721925681373,High,255
00-0037838,Isaiah Likely,TE,NYG,256.33263194860046,4.484583012662177,4.484583012662177,0.0066882212938757,0.02695998689276634,0.01773221922196824,Medium,256
00-0040131,Kyle Williams,WR,NE,255.99699636231256,4.079212487550568,4.079212487550568,0.00841799712432292,0.02813303911767363,0.09062298923960724,High,257
00-0039146,Jayden Reed,WR,GB,253.9033903500404,7.027386539127935,6.879558461250211,0.02773195030635388,0.18606781946655424,0.111505765111715,Low,258
00-0035689,Dawson Knox,TE,BUF,253.81028538236583,4.320990590502065,3.783045491185423,0.01500562498164761,0.0503188580743177,0.0169839308650146,High,259
00-0040937,Dominic Richardson,RB,NYJ,251.70247504971044,3.811196477822123,4.04329834332149,0.02237845026433834,0.05236678396210003,0.09092406138170632,Rookie-Low,260
00-0041525,Chris Bell,WR,MIA,250.85597136380795,3.935817907251516,4.034213354932803,0.04841037517634036,0.07276989826087965,0.03183416287353982,Rookie-Medium,261
00-0040669,Isaac TeSlaa,WR,DET,250.76001500666916,4.016927630501751,4.016927630501751,0.00841799712432292,0.02411490185716993,0.12006502201997078,High,262
00-0039410,Ryan Flournoy,WR,DAL,250.06774134070696,4.176180687636087,3.962860359416713,0.00841799712432292,0.02429227950500554,0.05012603124864257,High,263
00-0040737,Terrance Ferguson,TE,LA,249.46528244682756,4.4816778098681596,4.593719755114863,0.0066882212938757,0.02328516780667057,0.0189644209553846,Medium,264
00-0041523,Caleb Douglas,WR,MIA,248.9143564457175,3.905354838255943,4.0029887092123415,0.01071181427010586,0.03790121533831749,0.1066219346991038,Rookie-Medium,265
00-0041395,Eli Raridon,TE,NE,247.64338663878985,3.833152728623185,4.027206085509733,0.0066882212938757,0.02328516780667057,0.02146912414951519,Rookie-Medium,266
00-0037746,Brian Robinson,RB,ATL,247.13944575152905,6.429295427019184,2.7987103147804984,0.01178788722872258,0.04623000512989713,0.11231548832634364,Medium,267
00-0039874,Jaylen Wright,RB,MIA,247.12379360725996,5.577520982988938,5.3363276176089895,0.01492814626619858,0.04019793245138137,0.08952901302601482,Medium,268
00-0041042,Malachi Fields,WR,NYG,244.27206293664727,3.905354838255943,3.905354838255943,0.01071181427010586,0.03790121533831749,0.08493893814732038,Rookie-Medium,269
00-0041077,Justin Joly,TE,MIA,243.4891094128687,3.768850671943499,3.9596487372106384,0.00683545124618517,0.03495530659933948,0.02146912414951519,Rookie-Medium,270
00-0040870,Ja'Kobi Lane,WR,BAL,243.2463470277512,3.816426307496159,3.9118369651835625,0.00841799712432292,0.03369782056563513,0.0408205144110949,Rookie-Medium,271
00-0035662,Marquise Brown,WR,PHI,242.4250505734591,4.842610204396487,3.4487345172382526,0.00981248957693295,0.11248765356627564,0.02507180775738181,High,272
00-0040648,Tory Horton,WR,SEA,240.384263352898,5.170221206293937,5.170221206293937,0.00841799712432292,0.02885953863054032,0.07613952975871399,Medium,273
00-0041048,Ted Hurst III,WR,TB,240.27398576336765,3.7697912896906014,3.864036071932866,0.00841799712432292,0.03369782056563513,0.07925263819814536,Rookie-Medium,274
00-0037157,Bam Knight,RB,ARI,239.09671368884912,6.0067382346614195,4.032734209838501,0.05322007403608751,0.09064583058362366,0.10104129995515045,Medium,275
00-0037614,John Metchie III,WR,CAR,237.5334771684335,4.144971618636423,4.113842025380785,0.00841799712432292,0.04379276140837356,0.12356571152477558,Medium,276
00-0039921,Trey Benson,RB,ARI,237.45975587440725,7.93249305403701,6.976378506532919,0.01425259921165323,0.31702655898212684,0.16380720835528242,Low,277
00-0039066,Michael Mayer,TE,LV,236.55832349534592,3.9396142549937303,3.9396142549937303,0.01196603520641852,0.0366941831418085,0.01773221922196824,Medium,278
00-0028118,Tyrod Taylor,QB,GB,236.5412734356954,8.075326945103146,5.426561780119836,0.02613505591858624,0.08440169673430485,0.23252735719409787,Low,279
00-0028986,Case Keenum,QB,CHI,235.89023076542813,6.074809919004966,3.679082590554677,0.02870229426802241,0.09023282536269515,0.12662071462283797,Low,280
00-0036309,Darnell Mooney,WR,NYG,235.63504995726572,4.731468281029361,3.541655628996427,0.00841799712432292,0.09093455480749162,0.14815474009179697,High,281
00-0041558,Sam Roush,TE,CHI,234.7396871048933,3.6334225773398248,3.817364595317653,0.0066882212938757,0.02328516780667057,0.0189644209553846,Rookie-Medium,282
00-0041044,Zachariah Branch,WR,ATL,234.40132931816655,3.677651938673769,3.769593237140613,0.00841799712432292,0.030392272039686,0.04879609106964356,Rookie-Medium,283
00-0035644,Noah Fant,TE,NO,234.25312915671853,4.19127237453746,4.026835541400483,0.0066882212938757,0.05547631798088545,0.01773221922196824,Medium,284
00-0039373,Audric Estimé,RB,NO,230.98670742173573,6.418122412851851,6.418122412851851,0.02320142613108779,0.12732147692629764,0.06635580551112254,Low,285
00-0040878,Mike Washington Jr.,RB,LV,230.9027076500239,4.001431207722063,3.93248798826787,0.01492814626619858,0.04019793245138137,0.05308398521046392,Rookie-Low,286
00-0038679,Tyrell Shavers,WR,BUF,228.4366247360359,4.630099641363999,4.33133117166141,0.00841799712432292,0.0666020393125863,0.03022664077668603,Medium,287
00-0038797,Emanuel Wilson,RB,SEA,228.20624900989932,5.856719001614508,2.6195398462710666,0.02183905167073409,0.119097118604104,0.11717492670879008,Medium,288
00-0040673,Jalen Milroe,QB,SEA,226.8165592669522,6.677255110431385,6.811467938151055,0.02752095366765935,0.08555926090980917,0.17806973551133448,Low,289
00-0033921,Chris Godwin Jr.,WR,TB,225.94541470293953,6.943772683344373,4.227154695064725,0.06922909472597676,0.2054478454985779,0.03935455633730588,Medium,290
00-0033906,Alvin Kamara,RB,NO,224.67077062904036,10.044865254039104,2.138269015997864,0.02451412067477949,0.1404277507685449,0.10366542879051271,Medium,291
00-0038611,Chris Rodriguez Jr.,RB,JAX,222.67795820900332,6.774007113860185,3.2865817168509053,0.06773474863206783,0.1156714389018378,0.08589595888250941,Medium,292
00-0038454,Keaton Mitchell,RB,LAC,222.42698158798825,4.777209367997536,3.77173302371339,0.01178788722872258,0.03799729364846573,0.06878349317180746,Medium,293
00-0038579,Aidan O'Connell,QB,LV,222.39893202066384,6.666849772556019,6.666849772556019,0.02870229426802241,0.09023282536269515,0.12371234725182498,Low,294
00-0040398,Brady Cook,QB,MIA,222.27187126874787,5.6994144466895005,5.81397267706796,0.02952512930575262,0.08690859249662629,0.15521279342317187,Low,295
00-0040644,Trevor Etienne,RB,CAR,220.9211283184718,3.191885071954303,3.191885071954303,0.01454213576549715,0.0545244204804235,0.06217726078071657,Medium,296
00-0033949,Joshua Dobbs,QB,DET,220.68126398478455,6.4708987274476595,6.334598836687443,0.02870229426802241,0.09023282536269515,0.4002838973208433,Low,297
00-0035250,Devin Singletary,RB,NYG,220.6187642329889,6.634573304723835,2.0847037522118304,0.0198949344710599,0.16505535094085047,0.07285935849939532,Medium,298
00-0037005,Tommy Tremble,TE,CAR,219.1648747434433,3.3546603448920864,3.3546603448920864,0.0066882212938757,0.02328516780667057,0.01773221922196824,High,299
00-0041483,Eli Stowers,TE,PHI,218.70523079882568,3.431387178498645,3.517171857961111,0.0066882212938757,0.02328516780667057,0.0189644209553846,Rookie-Medium,300
00-0038558,Darnell Washington,TE,PIT,217.31393281291693,3.619120455659473,3.619120455659473,0.0066882212938757,0.02695998689276634,0.02504346723907324,Medium,301
00-0039356,Ja'Tavion Sanders,TE,CAR,216.28914961873576,3.701978123153447,3.794527576232283,0.0066882212938757,0.02328516780667057,0.0189644209553846,Medium,302
00-0033293,Aaron Jones,RB,MIN,213.58809050617967,9.285381854484235,1.880289825533058,0.10106961469650988,0.3632826956196531,0.07331998064333624,Medium,303
00-0040138,Jaylin Noel,WR,HOU,213.1356656668647,3.0066658647288778,3.0066658647288778,0.00841799712432292,0.02377727643978876,0.04890948606568744,High,304
00-0027973,Andy Dalton,QB,PHI,212.51889124370035,9.087386338085924,5.385691742580486,0.02870229426802241,0.09023282536269515,0.29670144360073414,Low,305
00-0041047,Chris Brazzell II,WR,CAR,212.0391555880883,3.3267994421857803,3.4099694282404247,0.00841799712432292,0.030392272039686,0.09795817374464204,Rookie-Medium,306
00-0041041,Oscar Delp,TE,NO,211.8729573106949,3.3241918656040337,3.4072966622441343,0.0066882212938757,0.02328516780667057,0.0189644209553846,Rookie-Medium,307
00-0041510,Max Klare,TE,LA,211.8729573106949,3.3241918656040337,3.4072966622441343,0.0066882212938757,0.02328516780667057,0.0189644209553846,Rookie-Medium,308
00-0037197,Isiah Pacheco,RB,DET,210.1279507612807,6.49036507987878,2.792882117980909,0.01258183210724283,0.044724477541038,0.1021692895339379,Medium,309
00-0031610,Darren Waller,TE,CAR,209.009813637964,6.664736363326235,3.80423528152834,0.2335681923096939,0.5772209177836858,0.02101983719561385,Medium,310
00-0040886,Nicholas Singleton,RB,TEN,208.98753431002353,3.507156410386409,3.507156410386409,0.01492814626619858,0.04019793245138137,0.05308398521046392,Rookie-Low,311
00-0031408,Mike Evans,WR,SF,208.0108396885312,8.096698644532026,3.6090115811648698,0.06386950888324595,0.21332522802624576,0.06892189905862425,Medium,312
00-0034829,Mike Gesicki,TE,CIN,204.9136126744356,4.532054047921408,3.5382289913688068,0.0066882212938757,0.02854522990318268,0.01773221922196824,Medium,313
00-0037252,Greg Dulcich,TE,MIA,204.38971062890343,4.168921521036759,4.168921521036759,0.01001716636112873,0.10260298540958612,0.05596851694804711,Medium,314
00-0041116,Jack Endries,TE,CIN,202.92860331351176,3.1410341300228337,3.3000489828552393,0.0066882212938757,0.02328516780667057,0.05040136783035073,Rookie-Medium,315
00-0039855,Jalen McMillan,WR,TB,202.08064944090168,5.70959797438523,5.70959797438523,0.00841799712432292,0.1478814941260829,0.03890149189136097,Low,316
00-0033908,Cooper Kupp,WR,SEA,202.04215126804652,5.42641663442179,2.3644753864600205,0.00841799712432292,0.11866322582511796,0.0634309205830751,High,317
00-0038400,Tanner McKee,QB,PHI,201.1881791292123,5.600481301749319,5.656486114766812,0.02870229426802241,0.09023282536269515,0.27696567364255836,Low,318
00-0040177,Jordan James,RB,SF,200.63977343949625,3.5687009252973567,3.5687009252973567,0.01492814626619858,0.04019793245138137,0.05308398521046392,Low,319
00-0039875,Ray Davis,RB,BUF,198.62850960190096,4.8046811650020835,2.4062671935707485,0.01178788722872258,0.03704464257765289,0.09935246816798216,Medium,320
00-0041490,Eli Heidenreich,RB,PIT,197.65576013650045,3.402544812446866,3.368122146796179,0.01454213576549715,0.0545244204804235,0.05308398521046392,Rookie-Low,321
00-0039041,Elijah Higgins,TE,ARI,197.63628126973532,2.788018883026626,2.788018883026626,0.0066882212938757,0.02328516780667057,0.0169839308650146,High,322
00-0036637,Noah Gray,TE,KC,197.29224247711025,3.196983036622981,3.196983036622981,0.0066882212938757,0.02328516780667057,0.01773221922196824,High,323
00-0041472,Marlin Klein,TE,HOU,196.85220999637295,3.0885230635476137,3.1657361401363042,0.0066882212938757,0.02328516780667057,0.0189644209553846,Rookie-Medium,324
00-0036988,Josh Palmer,WR,BUF,196.4321015444657,3.7661020969827192,3.5526020364582287,0.00841799712432292,0.0244189133073239,0.03601384103571837,Medium,325
00-0041040,Antonio Williams,WR,WAS,196.30989249700036,3.080014344724449,3.15701470334256,0.00841799712432292,0.04062927864389099,0.06293134591786467,Rookie-Medium,326
00-0041524,Will Kacmarek,TE,MIA,194.2039140532212,3.04697248558014,3.123146797719643,0.0066882212938757,0.02328516780667057,0.0189644209553846,Rookie-Medium,327
00-0040194,Jackson Hawes,TE,BUF,193.7478194502233,3.226653199522985,3.226653199522985,0.0066882212938757,0.02328516780667057,0.01773221922196824,Medium,328
00-0041013,Emmett Johnson,RB,KC,193.245005183008,3.2793732456297784,3.2793732456297784,0.01492814626619858,0.04019793245138137,0.05308398521046392,Rookie-Low,329
00-0035208,Olamide Zaccheaus,WR,ATL,190.8793242784445,4.094226235055282,2.9645729160244096,0.00841799712432292,0.02429227950500554,0.18601598379664025,High,330
00-0038115,Daniel Bellinger,TE,TEN,190.8382806322114,3.178198085225885,3.178198085225885,0.0066882212938757,0.02328516780667057,0.01773221922196824,Medium,331
00-0039074,Davis Allen,TE,LA,190.23209094375255,2.9057757010584155,2.9057757010584155,0.0066882212938757,0.02328516780667057,0.01773221922196824,High,332
00-0035249,Josh Oliver,TE,MIN,189.88707976076736,3.735019487445765,3.3887726566643095,0.0066882212938757,0.02328516780667057,0.01773221922196824,Medium,333
00-0036550,Rashod Bateman,WR,BAL,189.55638339812108,3.433639436505216,3.2765141697876956,0.02606637707427452,0.10231826532522814,0.1493894201900083,Medium,334
00-0035537,Ty Johnson,RB,BUF,189.2445779658421,5.673030646598169,1.797025508643498,0.01350504634445611,0.20393633106332917,0.08335207260035843,Medium,335
00-0040238,LeQuint Allen Jr.,RB,JAX,188.581939169397,2.822468537811788,2.822468537811788,0.02237845026433834,0.05236678396210003,0.06217726078071657,Medium,336
00-0040739,Elijah Arroyo,TE,SEA,188.1432736820331,3.074878907194179,3.151750879874033,0.0066882212938757,0.02328516780667057,0.0189644209553846,Medium,337
00-0038416,Tyson Bagent,QB,CHI,186.2811372148368,5.5420175899137485,5.597437765812886,0.02870229426802241,0.09023282536269515,0.2170926586721438,Low,338
00-0038551,Kendre Miller,RB,NO,185.9626285544538,5.151949251825675,4.422508009400911,0.02622352940172714,0.12773470217539912,0.12777136546015866,Low,339
00-0035264,Jarrett Stidham,QB,DEN,185.44507587602197,5.59753078101987,5.59753078101987,0.02870229426802241,0.09023282536269515,0.1651271956690788,Low,340
00-0041323,Myles Montgomery,RB,NE,182.5145954037503,3.2380296451162844,3.100686968369242,0.06749473820134609,0.09187352097083532,0.05308398521046392,Rookie-Low,341
00-0041577,Connor Hulstein,TE,NYJ,182.2946311187484,2.785395260485942,2.9264058955480423,0.0066882212938757,0.24092910962816763,0.05040136783035073,Rookie-Medium,342
00-0041084,Tanner Koziol,TE,JAX,182.140002648781,2.8192573911248977,2.9619822965505955,0.0066882212938757,0.02328516780667057,0.02146912414951519,Rookie-Medium,343
00-0037741,Jahan Dotson,WR,ATL,181.9844869901802,2.969228039311238,2.888604709057972,0.02606637707427452,0.10231826532522814,0.22393369965719195,High,344
00-0041070,Reggie Virgil,WR,ARI,181.57669958526785,2.848857142534946,2.920078571098319,0.00841799712432292,0.02365028586273381,0.03390254469680583,Rookie-Medium,345
00-0041096,Kaytron Allen,RB,WAS,181.51898337240328,3.2910983223901376,3.074284978260615,0.01178788722872258,0.03799729364846573,0.04993928467341206,Rookie-Low,346
00-0035535,Darius Slayton,WR,NYG,181.4848561954508,4.072230946475921,2.7629376195921407,0.00841799712432292,0.02623462115903429,0.08334668051756143,High,347
00-0038977,Tank Dell,WR,HOU,179.15038341727094,3.354096177030971,3.1838466664778036,0.00972087701313018,0.0472926209662367,0.05726659248568474,Low,348
00-0040187,Mitchell Evans,TE,CAR,177.5037225051416,2.7757016164957493,2.845094156908143,0.0066882212938757,0.02328516780667057,0.0189644209553846,High,349
00-0040164,Jaylin Lane,WR,WAS,177.03596616077024,2.713371248613898,2.713371248613898,0.00841799712432292,0.02365028586273381,0.0379304657498383,High,350
00-0039794,Braelon Allen,RB,NYJ,176.27841965041335,5.180534303969184,5.180534303969184,0.01492814626619858,0.04019793245138137,0.16222396357935512,Low,351
00-0041004,Chase Roberts,WR,LV,176.21048515313058,2.692431736367137,2.828736093020723,0.07134878151248232,0.1371022280641759,0.05934437368086514,Rookie-Medium,352
00-0036626,Dyami Brown,WR,WAS,175.3142191086251,3.5061327667507034,3.3298579388871064,0.00841799712432292,0.02898391119955746,0.16493043837315668,Medium,353
00-0032392,Austin Hooper,TE,ATL,175.198225261481,3.964678622119127,2.814154919271617,0.0415696763122417,0.09973563793888358,0.01773221922196824,Medium,354
00-0039355,Luke McCaffrey,WR,WAS,173.8444874463945,3.613016469703456,3.613016469703456,0.00841799712432292,0.02429227950500554,0.04622809732470938,Medium,355
00-0037666,Jalen Tolbert,WR,MIA,172.9525063877314,3.5006014811050252,3.0893348451655043,0.00841799712432292,0.02365028586273381,0.12161111608476376,Medium,356
00-0033110,Tyler Higbee,TE,LA,172.66960697053466,5.119183908563112,3.0137193333911303,0.0066882212938757,0.07011682490289309,0.01929386840557622,Medium,357
00-0039144,Luke Musgrave,TE,GB,171.60656860775194,2.8579154347572984,2.8579154347572984,0.0066882212938757,0.02328516780667057,0.01773221922196824,Medium,358
00-0040888,Adam Randall,RB,BAL,170.4458951912098,2.7890528063309072,2.7890528063309072,0.01492814626619858,0.04019793245138137,0.06217726078071657,Rookie-Low,359
00-0040876,Elijah Sarratt,WR,BAL,169.01016360737836,2.702088205353586,2.702088205353586,0.00841799712432292,0.02365028586273381,0.01838048484786746,Rookie-Medium,360
00-0041069,Colbie Young,WR,CIN,168.82786699194972,2.702088205353586,2.702088205353586,0.00841799712432292,0.02365028586273381,0.01838048484786746,Rookie-Medium,361
00-0039424,Devaughn Vele,WR,NO,168.45394517734204,4.452114109086461,3.3826028778009687,0.00841799712432292,0.02429227950500554,0.08524203397224013,Medium,362
00-0041446,Kendrick Law,WR,DET,166.94402680407737,2.619277056200711,2.6847589826057288,0.00841799712432292,0.02703791078305182,0.06517228531495815,Rookie-Medium,363
00-0041067,Bryce Lance,WR,NO,166.56555273863106,2.6638905538263424,2.6638905538263424,0.00841799712432292,0.02365028586273381,0.01838048484786746,Rookie-Medium,364
00-0041104,Demond Claiborne,RB,MIN,165.79957951467512,2.813975210669901,2.813975210669901,0.01454213576549715,0.0545244204804235,0.05308398521046392,Rookie-Low,365
00-0040930,Camden Brown,WR,DAL,165.108981050781,2.590486009700266,2.6552481599427726,0.00841799712432292,0.02365028586273381,0.0304349016685427,Rookie-Medium,366
00-0034577,Kyle Allen,QB,BUF,164.11139878200473,4.990217737370004,4.990217737370004,0.02870229426802241,0.09023282536269515,0.17434000657204576,Low,367
00-0037805,Jeremy Ruckert,TE,NYJ,163.84164664812036,2.611982782001556,2.611982782001556,0.0066882212938757,0.02328516780667057,0.01773221922196824,High,368
00-0041051,Zavion Thomas,WR,CHI,162.9428138664933,2.556499816157934,2.6204123115618825,0.00841799712432292,0.02365028586273381,0.03183416287353982,Rookie-Medium,369
00-0041100,Josh Cameron,WR,JAX,161.54052085513678,2.5826656029003705,2.5826656029003705,0.00841799712432292,0.02365028586273381,0.01838048484786746,Rookie-Medium,370
00-0041503,Nate Boerkircher,TE,JAX,161.53236520521588,2.5825352126031964,2.5825352126031964,0.0066882212938757,0.02328516780667057,0.0189644209553846,Rookie-Medium,371
00-0039751,Jordan Whittington,WR,LA,161.32165592228512,2.556910974817815,2.556910974817815,0.00841799712432292,0.02365028586273381,0.01838048484786746,High,372
00-0039739,Roman Wilson,WR,PIT,158.50244710661573,3.273233916538349,3.273233916538349,0.00841799712432292,0.02377727643978876,0.07885378722422569,Medium,373
00-0041374,Sincere Brown,WR,LAC,158.30760841754864,2.4188823306478295,2.5413382486368756,0.07134878151248232,0.1371022280641759,0.05934437368086514,Rookie-Medium,374
00-0037801,KaVontae Turpin,WR,DAL,157.90574443862914,3.524104868291027,2.262575368706943,0.00841799712432292,0.02429227950500554,0.02829438850477124,High,375
00-0040879,Matthew Hibner,TE,BAL,156.1161570000179,2.4959423592704044,2.4959423592704044,0.0066882212938757,0.02328516780667057,0.0189644209553846,Rookie-Medium,376
00-0041239,Chip Trayanum,RB,NYJ,153.4196741728328,3.182875739660604,2.4913115275452333,0.01178788722872258,0.03799729364846573,0.04993928467341206,Rookie-Low,377
00-0036422,Adam Trautman,TE,DEN,152.0513176321693,2.8845919968705793,2.585037724027242,0.0066882212938757,0.02328516780667057,0.01773221922196824,Medium,378
00-0033555,Mack Hollins,WR,NE,151.04363859473744,4.335771280668221,1.9497207105952352,0.00841799712432292,0.08965471666958123,0.09087295515459606,High,379
00-0038046,Charlie Kolar,TE,LAC,150.83917913770156,2.5682885073145107,2.5682885073145107,0.0066882212938757,0.02328516780667057,0.01773221922196824,Medium,380
00-0040948,J. Michael Sturdivant,WR,GB,150.81599879287697,2.4112048815214733,2.4112048815214733,0.00841799712432292,0.02365028586273381,0.01838048484786746,Rookie-Medium,381
00-0040953,Jeff Caldwell,WR,KC,150.81599879287697,2.4112048815214733,2.4112048815214733,0.00841799712432292,0.02365028586273381,0.01838048484786746,Rookie-Medium,382
00-0041451,Brock Rechsteiner,WR,NO,150.77000803609266,2.4112048815214733,2.4112048815214733,0.00841799712432292,0.02365028586273381,0.01838048484786746,Rookie-Medium,383
00-0033307,Kendrick Bourne,WR,ARI,150.4715524861118,3.7872498747897434,2.1494028897001876,0.00841799712432292,0.02623462115903429,0.04194555327371303,High,384
00-0036849,Tutu Atwell,WR,LA,150.13240504910502,3.5413772687248506,3.349116426417562,0.00841799712432292,0.0276158418743433,0.0583558701226819,Medium,385
00-0033662,Cooper Rush,QB,ATL,149.7683913150995,4.666395238069129,4.260369532394437,0.02870229426802241,0.09023282536269515,0.1858055636503994,Low,386
00-0040901,Jaren Kanak,TE,TEN,149.68675811866152,2.316929246966746,2.4342237900944372,0.0066882212938757,0.02328516780667057,0.05040136783035073,Rookie-Medium,387
00-0033526,Samaje Perine,RB,CIN,149.4276779367676,5.5390721672479355,1.197277832856535,0.01178788722872258,0.03799729364846573,0.10948634165909182,Medium,388
00-0032775,Demarcus Robinson,WR,SF,148.45472725386088,3.979903547669101,2.0287186132771065,0.00841799712432292,0.02365028586273381,0.04170774420369674,High,389
00-0040894,Malik Benson,WR,LV,148.44865963201283,2.3733565114110062,2.3733565114110062,0.00841799712432292,0.02365028586273381,0.01838048484786746,Rookie-Medium,390
00-0038547,Luke Schoonmaker,TE,DAL,148.2459988159827,2.4369373278748196,2.4369373278748196,0.0066882212938757,0.02328516780667057,0.01773221922196824,High,391
00-0034775,Christian Kirk,WR,SF,147.9613310575749,3.8625361102157783,2.572280469969544,0.00841799712432292,0.04172338784500706,0.0311108967576865,Medium,392
00-0040581,Dont'e Thornton Jr.,WR,LV,147.74286051817074,2.704663040256967,2.704663040256967,0.00841799712432292,0.02365028586273381,0.04692212231784226,Medium,393
00-0041399,CJ Daniels,WR,LA,147.26010976402293,2.3698197629480644,2.3698197629480644,0.00841799712432292,0.02365028586273381,0.01838048484786746,Rookie-Medium,394
00-0034837,Calvin Ridley,WR,TEN,147.22395986177807,5.559205649406872,2.921493696411728,0.01170316910436892,0.10851197205692292,0.02547177610692247,Low,395
00-0041106,C.J. Williams,WR,JAX,144.76692664642292,2.3144939728317615,2.3144939728317615,0.00841799712432292,0.02365028586273381,0.01838048484786746,Rookie-Medium,396
00-0041550,Brenen Thompson,WR,LAC,144.13876552254823,2.3044511048310747,2.3044511048310747,0.00841799712432292,0.02365028586273381,0.02354417419680337,Rookie-Medium,397
00-0039451,Isaiah Williams,WR,NYJ,143.7609942553129,2.2570318839203796,2.2570318839203796,0.00841799712432292,0.02365028586273381,0.01838048484786746,High,398
00-0040466,Raheim Sanders,RB,CLE,143.69181081587908,4.895135848048649,4.194789162111843,0.01178788722872258,0.03799729364846573,0.11694010945581178,Low,399
00-0040887,Josh Cuevas,TE,BAL,142.55508097345745,2.2366254126409517,2.292541047956975,0.0066882212938757,0.02328516780667057,0.0189644209553846,Rookie-Medium,400
00-0039792,Devontez Walker,WR,BAL,141.26679942606378,3.087367418515473,3.087367418515473,0.00841799712432292,0.02365028586273381,0.03039857747626876,Medium,401
00-0036980,Elijah Moore,WR,PHI,141.24556350695383,3.0637411579393143,2.9830771971938943,0.02816411291174189,0.09865714619940924,0.1727352033517401,Medium,402
00-0039811,MarShawn Lloyd,RB,GB,140.98209780741826,3.603894965912747,2.289179242818543,0.04237960546941171,0.14662661670113922,0.16767352013312967,Low,403
00-0041443,Skyler Bell,WR,BUF,138.9882336417472,2.2256702576106777,2.2256702576106777,0.00841799712432292,0.02365028586273381,0.01838048484786746,Rookie-Medium,404
00-0033553,James Conner,RB,ARI,138.47151958080366,10.235634182500744,2.1285582126438465,0.02718948145016028,0.14100545409723125,0.07245035685380732,Low,405
00-0039912,Ben Sinnott,TE,WAS,137.6177919569635,2.7968587697058815,2.7968587697058815,0.0066882212938757,0.02328516780667057,0.0189644209553846,Medium,406
00-0041398,Riley Nowakowski,TE,PIT,136.5303553734962,2.182809927244826,2.182809927244826,0.0066882212938757,0.02328516780667057,0.0189644209553846,Rookie-Medium,407
00-0036754,Brock Wright,TE,DET,136.41677931756274,3.014848064489448,3.014848064489448,0.0066882212938757,0.02328516780667057,0.01773221922196824,Medium,408
00-0037324,Chris Oladokun,QB,KC,136.2483954269247,4.084316304085119,4.084316304085119,0.02870229426802241,0.09023282536269515,0.24879614610135536,Low,409
00-0038359,Xavier Smith,WR,LA,136.18547713416436,2.6502358563967654,1.958409271572352,0.00841799712432292,0.02365028586273381,0.03039857747626876,High,410
00-0041087,Joe Royer,TE,CLE,135.87306904473036,2.172301413445477,2.172301413445477,0.0066882212938757,0.02328516780667057,0.0189644209553846,Rookie-Medium,411
00-0038090,Skyy Moore,WR,GB,134.57415096919266,1.9730928378586925,1.9730928378586925,0.00841799712432292,0.03673320801347403,0.09248673802072808,High,412
00-0033955,Jeremy McNichols,RB,WAS,134.44841042107302,4.727258871611024,1.0520110442663235,0.01178788722872258,0.03799729364846573,0.13599364097111694,Medium,413
00-0041081,Max Bredeson,RB,MIN,133.77109280542297,2.482939854527258,2.256019535393491,0.01178788722872258,0.03799729364846573,0.04993928467341206,Rookie-Low,414
00-0041094,Bauer Sharp,TE,TB,133.29150565317437,2.091284062253613,2.143566163809953,0.0066882212938757,0.02328516780667057,0.0189644209553846,Rookie-Medium,415
00-0037091,Bo Melton,WR,GB,132.93607167429653,2.5141054926320385,2.279697988014531,0.00841799712432292,0.02365028586273381,0.01818415184632818,Medium,416
00-0040590,Konata Mumpfield,WR,LA,132.91224804436297,2.560198335222291,2.560198335222291,0.00841799712432292,0.02365028586273381,0.01838048484786746,Medium,417
00-0041579,Seydou Traore,TE,MIA,131.47552397120148,2.101994667258916,2.101994667258916,0.0066882212938757,0.02328516780667057,0.0189644209553846,Rookie-Medium,418
00-0034975,Justice Hill,RB,BAL,130.69259857697196,5.278853494570852,1.729063226494017,0.01178788722872258,0.03799729364846573,0.11207429793377112,Medium,419
00-0041125,Seth McGowan,RB,IND,130.6867288756501,2.7904629188860004,2.096501847974099,0.01178788722872258,0.03799729364846573,0.04993928467341206,Rookie-Low,420
00-0039746,Will Shipley,RB,PHI,129.34646918587225,2.414961299891088,2.169706658943068,0.01178788722872258,0.03799729364846573,0.04993928467341206,Medium,421
00-0038705,Emari Demercado,RB,DAL,129.08853828476143,4.224303316040473,1.7752758463102898,0.01178788722872258,0.03799729364846573,0.13868822416974028,Medium,422
00-0041005,Corey Rucker,WR,LV,128.0096256219989,2.0513303183598475,2.0513303183598475,0.00841799712432292,0.02365028586273381,0.01838048484786746,Rookie-Medium,423
00-0041131,Carsen Ryan,TE,CLE,127.6038805146654,2.0020477696185353,2.0520989638589984,0.0066882212938757,0.02328516780667057,0.0189644209553846,Rookie-Medium,424
00-0040009,Savion Williams,WR,GB,126.88143981497193,2.2300578778378544,2.2300578778378544,0.00841799712432292,0.02365028586273381,0.05002246808214913,Medium,425
00-0040277,Jahdae Walker,WR,CHI,124.61212017544396,3.038771890355106,3.038771890355106,0.00841799712432292,0.02365028586273381,0.02903977807698396,Low,426
00-0041099,Barion Brown,WR,NO,124.51187460143608,1.9535355808256825,2.002373970346324,0.00841799712432292,0.02365028586273381,0.01838048484786746,Rookie-Medium,427
00-0037563,Malik Davis,RB,DAL,123.842922846215,4.544551666687704,1.850211199406035,0.01178788722872258,0.03799729364846573,0.1623758015761162,Medium,428
00-0035289,Gardner Minshew,QB,ARI,123.8163817580512,3.511126950972124,3.511126950972124,0.02870229426802241,0.09023282536269515,0.13728290086347722,Low,429
00-0035406,Lil'Jordan Humphrey,WR,DEN,123.2947187165386,3.546864460574682,2.8142568585986045,0.00841799712432292,0.02429227950500554,0.03001726513753819,Low,430
00-0037742,Treylon Burks,WR,WAS,121.97370926867404,2.801756030283577,2.726141845438096,0.01259924767495705,0.08148131918273455,0.11891872858939224,Medium,431
00-0039920,Malachi Corley,WR,CLE,121.70097702230284,2.132175054048064,2.132175054048064,0.00841799712432292,0.03161879097000354,0.11316125375603672,Medium,432
00-0038720,Julian Hill,TE,NE,120.80481374651971,2.2142348792822077,2.2142348792822077,0.0066882212938757,0.02328516780667057,0.01773221922196824,Medium,433
00-0041397,Kaden Wetjen,WR,PIT,119.81474427054556,1.924826810745039,1.924826810745039,0.00841799712432292,0.02365028586273381,0.01838048484786746,Rookie-Medium,434
00-0032464,Kalif Raymond,WR,CHI,119.229084686259,3.0899763604093193,1.5517797991988402,0.00841799712432292,0.02365028586273381,0.02329533707709679,High,435
00-0041529,Kevin Coleman Jr.,WR,MIA,117.88767360818204,1.8496048322421788,1.895844953048233,0.00841799712432292,0.02365028586273381,0.01838048484786746,Rookie-Medium,436
00-0037004,Hunter Long,TE,ARI,117.73482271499768,2.784015901256189,2.778937943761598,0.0066882212938757,0.02328516780667057,0.01773221922196824,Low,437
00-0041366,Jameson Geers,TE,ARI,117.72558839166707,1.847061787744605,1.89323833243822,0.0066882212938757,0.02328516780667057,0.0189644209553846,Rookie-Medium,438
00-0033375,Tim Patrick,WR,NYJ,117.6144037157534,3.48595988512529,1.6041102274937684,0.00841799712432292,0.02365028586273381,0.02903977807698396,Medium,439
00-0036893,Najee Harris,RB,NYG,116.5175910159272,7.125826371056383,2.4941367015273705,0.01736283708668251,0.14020904213523042,0.1813370654998916,Low,440
00-0040955,John Michael Gyllenborg,TE,KC,115.5299868898257,1.847061787744605,1.847061787744605,0.0066882212938757,0.02328516780667057,0.0189644209553846,Rookie-Medium,441
00-0036887,Luke Farrell,TE,SF,112.93766745162182,2.030607161961057,1.94082917677637,0.0066882212938757,0.02328516780667057,0.01773221922196824,Medium,442
00-0037086,Grant Calcaterra,TE,PHI,112.4821280225878,2.347856971000141,2.347856971000141,0.0066882212938757,0.02328516780667057,0.01773221922196824,Medium,443
00-0041314,Tanner Arkin,TE,NE,112.18879739630104,1.7601920153018882,1.8041968156844352,0.0066882212938757,0.02328516780667057,0.0189644209553846,Rookie-Medium,444
00-0035631,Drew Sample,TE,CIN,111.5762320079344,2.3667483352849334,1.952319080931756,0.0066882212938757,0.02328516780667057,0.01773221922196824,Medium,445
00-0032104,Ameer Abdullah,RB,JAX,111.33051773810892,4.621438416418092,0.9358412793246638,0.01178788722872258,0.05865344206579425,0.1138173934085016,Medium,446
00-0034270,Tyler Conklin,TE,DET,110.30522711457256,3.4520330819667193,2.646288426460223,0.0066882212938757,0.02328516780667057,0.01773221922196824,Low,447
00-0041170,Hayden Large,TE,CHI,109.43917162444318,1.7496835015025392,1.7496835015025392,0.0066882212938757,0.02328516780667057,0.0189644209553846,Rookie-Medium,448
00-0040154,Tai Felton,WR,MIN,108.35137175206006,1.88977315099824,1.88977315099824,0.00841799712432292,0.02365028586273381,0.02562501539909508,Medium,449
00-0040785,Dohnte Meyers,WR,CIN,108.0493997567178,1.8136312402834551,1.796355028962536,0.00841799712432292,0.02365028586273381,0.01838048484786746,Rookie-Medium,450
00-0038840,Brycen Tremayne,WR,CAR,107.92177616235756,1.7961287502344083,1.7107460090398112,0.00841799712432292,0.02365028586273381,0.01838048484786746,High,451
00-0038685,Chris Brooks,RB,GB,107.46876574705912,2.5572461274967964,1.3197164588355907,0.01178788722872258,0.03799729364846573,0.04993928467341206,Medium,452
00-0040184,KeAndre Lambert-Smith,WR,LAC,107.337730104196,2.085599699501802,2.085599699501802,0.00841799712432292,0.02365028586273381,0.01838048484786746,Medium,453
00-0040938,DJ Rogers,TE,DAL,107.03973012174067,1.71132188794331,1.71132188794331,0.0066882212938757,0.02328516780667057,0.0189644209553846,Rookie-Medium,454
00-0036628,John Bates,TE,WAS,106.6288292076031,2.2107242436025003,2.119818753386423,0.0066882212938757,0.02328516780667057,0.01773221922196824,Medium,455
00-0035359,David Sills,WR,TB,105.30353816314803,2.941011654709744,1.6316686744134223,0.00841799712432292,0.02365028586273381,0.03859884225704478,Medium,456
00-0039236,Johnny Wilson,WR,PHI,104.8370933386588,1.8362962115135124,1.8362962115135124,0.00841799712432292,0.02365028586273381,0.01838048484786746,Low,457
00-0041436,DJ Herman,RB,MIA,104.64048880593204,2.1051487994399243,1.7196187632497943,0.01178788722872258,0.03799729364846573,0.04993928467341206,Rookie-Low,458
00-0038589,Josh Whyle,TE,GB,104.18047622274472,2.557024642393047,2.557024642393047,0.0066882212938757,0.02328516780667057,0.01773221922196824,Low,459
00-0034981,Foster Moreau,TE,HOU,104.06282505191858,2.6522791388375873,2.437697547827875,0.0066882212938757,0.02328516780667057,0.01773221922196824,Low,460
00-0040890,Cyrus Allen,WR,KC,104.05248058165016,1.6635625604777866,1.6635625604777866,0.00841799712432292,0.02365028586273381,0.01838048484786746,Rookie-Medium,461
00-0040218,Jimmy Horn Jr.,WR,CAR,103.70062090159752,1.997514607571548,1.997514607571548,0.00841799712432292,0.02365028586273381,0.01838048484786746,Medium,462
00-0039796,Rasheen Ali,RB,BAL,103.07886879085504,2.3139064881003213,1.5058328295101926,0.01178788722872258,0.03704464257765289,0.04993928467341206,Medium,463
00-0031235,Odell Beckham Jr.,WR,NYG,102.48500823963116,3.33781120421972,1.349017223704606,0.01536231520548509,0.12668129407808149,0.06769752885424139,Low,464
00-0040853,Carson Towt,TE,IND,102.4382635387907,1.637754900516437,1.637754900516437,0.0066882212938757,0.02328516780667057,0.01773221922196824,Rookie-Medium,465
00-0041133,Dallen Bentley,TE,DEN,102.4382635387907,1.637754900516437,1.637754900516437,0.0066882212938757,0.02328516780667057,0.01773221922196824,Rookie-Medium,466
00-0041180,Quentin Moore,TE,WAS,102.42530861764348,1.637754900516437,1.637754900516437,0.0066882212938757,0.02328516780667057,0.01773221922196824,Rookie-Medium,467
00-0040120,Jimmy Holiday,WR,KC,102.25594209547144,1.7640178030617482,1.7640178030617482,0.00841799712432292,0.02365028586273381,0.01838048484786746,Low,468
00-0041132,Deion Burks,WR,IND,101.1995381794031,1.6179504987465572,1.6179504987465572,0.00841799712432292,0.02365028586273381,0.01838048484786746,Rookie-Medium,469
00-0040179,DJ Giddens,RB,IND,100.63505421286894,2.8025906334964454,2.797542440917278,0.01492814626619858,0.04019793245138137,0.0793591162960181,Low,470
00-0039530,Brevyn Spann-Ford,TE,DAL,100.3865084715918,1.480751245621245,1.480751245621245,0.0066882212938757,0.02328516780667057,0.0169839308650146,High,471
00-0040582,Arian Smith,WR,NYJ,100.3640435828922,1.6862466910203753,1.6862466910203753,0.00841799712432292,0.02365028586273381,0.02023673003675561,Medium,472
00-0037085,Tyler Badie,RB,DEN,98.08757547322888,2.685782077246506,1.1404900482893243,0.01178788722872258,0.03799729364846573,0.04993928467341206,Medium,473
00-0039626,Cole Burgess,WR,PIT,97.46338988280112,1.794756547783601,1.7342321422964633,0.00841799712432292,0.02365028586273381,0.01838048484786746,Low,474
00-0038824,Ryan Miller,WR,MIA,96.61898163143366,2.107892012373383,2.0399155579413013,0.00841799712432292,0.02365028586273381,0.01838048484786746,Medium,475
00-0033246,Johnny Mundt,TE,PHI,96.46536389558736,2.2748583164009557,1.626087224661732,0.0066882212938757,0.02328516780667057,0.01773221922196824,Medium,476
00-0039379,Jamari Thrash,WR,CLE,96.37163813341766,2.137427333047607,2.137427333047607,0.00841799712432292,0.02365028586273381,0.01838048484786746,Medium,477
00-0034365,Ian Thomas,TE,LV,96.3675008335677,2.355667283576443,1.9712131707244676,0.0066882212938757,0.02328516780667057,0.01773221922196824,Medium,478
00-0039062,Jonathan Mingo,WR,DAL,96.1169571363063,2.5583983370031698,2.5583983370031698,0.00841799712432292,0.04390561268659108,0.09480670067435364,Low,479
00-0039359,Cade Stover,TE,HOU,94.90244899166764,2.3148323592053757,2.3148323592053757,0.0066882212938757,0.02328516780667057,0.01773221922196824,Low,480
00-0038783,Nate Adkins,TE,DEN,94.40596104065246,2.3261879532637866,2.3261879532637866,0.0066882212938757,0.02328516780667057,0.01773221922196824,Low,481
00-0039589,Kameron Johnson,WR,TB,90.99816143258028,1.2896215104175843,1.2896215104175843,0.00841799712432292,0.02365028586273381,0.01860357285084174,High,482
00-0036862,Ben Skowronek,WR,PIT,90.9133366183861,1.8061590403941223,1.2963448563108355,0.00841799712432292,0.02365028586273381,0.02598171474309159,High,483
00-0040498,Dontae Fleming,WR,MIN,86.88654667433622,1.4996011069748438,1.4996011069748438,0.00841799712432292,0.02365028586273381,0.01838048484786746,Low,484
00-0040317,Jacoby Jones,WR,WAS,86.76331073400111,2.6365098141736474,2.6365098141736474,0.00841799712432292,0.02429227950500554,0.03039857747626876,Low,485
00-0040570,Jeremiah Webb,WR,NE,86.31768811320154,1.5065064830890913,1.5065064830890913,0.00841799712432292,0.02365028586273381,0.01838048484786746,Low,486
00-0033217,Mo Alie-Cox,TE,IND,86.21769752169652,2.3174934051034852,1.468104836094375,0.0066882212938757,0.02328516780667057,0.01773221922196824,Medium,487
00-0039623,Mason Tipton,WR,NO,86.10786616007567,1.922323309324478,1.922323309324478,0.00841799712432292,0.02365028586273381,0.01838048484786746,Medium,488
00-0036265,AJ Dillon,RB,CAR,86.09427250784927,4.218671216441349,1.5233182055314172,0.01476353009354591,0.17050917012482297,0.1173872348568638,Low,489
00-0040208,Tahj Brooks,RB,CIN,86.08424597429212,1.844087722706612,1.5567273358154832,0.01178788722872258,0.03799729364846573,0.04993928467341206,Medium,490
00-0038728,Jared Wayne,WR,HOU,84.4214755831419,2.62471114099041,2.62471114099041,0.00841799712432292,0.07536660622222138,0.06877300001993215,Low,491
00-0037594,Julius Chestnut,RB,TEN,83.91340360162877,1.8840313861869504,1.1486995417177095,0.01178788722872258,0.03799729364846573,0.04993928467341206,Medium,492
00-0035645,Gunner Olszewski,WR,NYG,83.90677828446134,1.7517961473325263,1.169786177922213,0.00841799712432292,0.02365028586273381,0.02598171474309159,High,493
00-0036630,Tylan Wallace,WR,CLE,83.34716474273098,1.7350635564836323,1.5706285505682729,0.00841799712432292,0.02365028586273381,0.01838048484786746,Medium,494
00-0036590,Quintin Morris,TE,JAX,83.2301434819021,1.5598595638333277,1.5598595638333277,0.0066882212938757,0.02328516780667057,0.01773221922196824,Medium,495
00-0039364,Sione Vaki,RB,DET,83.01808139945796,2.4661266580389247,1.7641570749953497,0.01178788722872258,0.03799729364846573,0.04993928467341206,Medium,496
00-0035021,Ashton Dulin,WR,IND,82.96337868749305,1.9799693217972756,1.4005410258435755,0.00841799712432292,0.02365028586273381,0.01860357285084174,Medium,497
00-0040621,Montorie Foster Jr,WR,SEA,82.00611807301385,1.4220841381036782,1.4220841381036782,0.00841799712432292,0.02365028586273381,0.01838048484786746,Low,498
00-0040506,Myles Price,WR,MIN,82.00594338775197,1.211351042280334,1.211351042280334,0.00841799712432292,0.02365028586273381,0.01838048484786746,High,499
00-0036876,Kylen Granson,TE,TEN,80.83248868456253,1.4890179144717557,1.4563427245072835,0.0066882212938757,0.02328516780667057,0.01773221922196824,Medium,500
00-0038738,Hunter Luepke,RB,DAL,80.30952090644688,2.1255218591434346,1.1277174184928656,0.01178788722872258,0.03799729364846573,0.04993928467341206,Medium,501
00-0039021,Roschon Johnson,RB,CHI,79.70458399015422,2.868611349767076,1.849668071543825,0.01178788722872258,0.03799729364846573,0.04993928467341206,Low,502
00-0037292,Andrew Ogletree,TE,IND,79.69416278621435,1.5150936374039496,1.507664968381518,0.0066882212938757,0.02328516780667057,0.01773221922196824,Medium,503
00-0040024,Darius Cooper,WR,PHI,78.72759333453772,1.931574572001766,1.931574572001766,0.00841799712432292,0.02365028586273381,0.02329533707709679,Low,504
00-0039050,Payne Durham,TE,TB,78.55181462804481,1.6925052229816206,1.6925052229816206,0.0066882212938757,0.02328516780667057,0.01773221922196824,Medium,505
00-0040172,Jordan Watkins,WR,SF,78.0877530222187,2.353551813571978,2.353551813571978,0.00841799712432292,0.02365028586273381,0.01838048484786746,Low,506
00-0040075,LaJohntay Wester,WR,BAL,77.97554058998813,1.2478406916653173,1.2478406916653173,0.00841799712432292,0.02365028586273381,0.01838048484786746,High,507
00-0036331,Devin Duvernay,WR,ARI,76.8029185935388,1.4406114850847325,1.0613081741737538,0.00841799712432292,0.02365028586273381,0.01908358263361093,High,508
00-0038640,Jalen Brooks,WR,ARI,76.03563546277599,2.1013967436188663,2.060330660226824,0.00841799712432292,0.02365028586273381,0.01838048484786746,Low,509
00-0040244,Moliki Matavao,TE,NO,75.6351657178644,2.2250285544721673,2.2806542683339712,0.0066882212938757,0.02328516780667057,0.0189644209553846,Low,510
00-0034407,Ray-Ray McCloud,WR,CHI,74.90612419128395,2.6207479472241544,1.7253139388702423,0.00841799712432292,0.02365028586273381,0.01860357285084174,Low,511
00-0037093,Dareke Young,WR,LV,74.03262154069978,1.7998319955456188,1.6414483910588151,0.00841799712432292,0.02365028586273381,0.02598171474309159,Medium,512
00-0040556,Corey Kiner,RB,NE,73.99836143958626,2.6723182987244014,2.1147404480130985,0.01178788722872258,0.03799729364846573,0.0739660942145588,Low,513
00-0040432,Beaux Collins,WR,ATL,73.70653726411203,2.0673682986046553,2.0673682986046553,0.00841799712432292,0.02365028586273381,0.01838048484786746,Low,514
00-0037329,Brittain Brown,RB,CHI,73.6965652831378,4.670015567822961,1.4990640558895774,0.01178788722872258,0.03799729364846573,0.1634369001790611,Low,515
00-0039407,Dylan Laube,RB,LV,73.07730714051881,1.7544063446931308,0.8908873053335222,0.01178788722872258,0.03799729364846573,0.04993928467341206,Medium,516
00-0037524,Tay Martin,WR,DET,72.4242510764809,2.8219351258678733,2.14548775516754,0.00841799712432292,0.02365028586273381,0.02560957708790412,Low,517
00-0040563,Efton Chism III,WR,NE,72.1265323985702,1.5644181949558087,1.5644181949558087,0.00841799712432292,0.02365028586273381,0.02598171474309159,Medium,518
00-0037156,Irvin Charles,WR,SEA,71.25246864623519,1.682740097519321,1.1774590553638715,0.00841799712432292,0.02365028586273381,0.01838048484786746,Low,519
00-0039365,Jacob Cowing,WR,SF,70.90873901418487,1.2478406916653173,1.2478406916653173,0.00841799712432292,0.02365028586273381,0.01838048484786746,Low,520
00-0038573,Derius Davis,WR,LAC,70.72864121434644,1.3456278408664977,1.3456278408664977,0.00841799712432292,0.02365028586273381,0.01860357285084174,Medium,521
00-0035045,D.J. Montgomery,WR,IND,70.13137246762265,1.7134788422411742,1.1407155718277069,0.00841799712432292,0.02365028586273381,0.01838048484786746,Low,522
00-0040215,Gavin Bartholomew,TE,MIN,70.01131968970002,1.1769067165469018,1.2063293844605742,0.0066882212938757,0.02328516780667057,0.0189644209553846,Low,523
00-0038519,Nikko Remigio,WR,KC,69.91763679913555,1.216548219466805,1.155972204091933,0.00841799712432292,0.02365028586273381,0.02598171474309159,High,524
00-0040363,Keleki Latu,TE,BUF,69.18061159567513,2.073826256679415,2.073826256679415,0.0066882212938757,0.02328516780667057,0.0189644209553846,Low,525
00-0039648,David Martin-Robinson,TE,TEN,67.98906004693261,1.2517049131803668,1.2517049131803668,0.0066882212938757,0.02328516780667057,0.01773221922196824,Medium,526
00-0040534,Ke'Shawn Williams,WR,CIN,65.6770846275222,1.2104786891340156,1.2104786891340156,0.00841799712432292,0.02365028586273381,0.01838048484786746,Medium,527
00-0036646,Simi Fehoko,WR,ARI,65.47302195541904,1.962391504527985,1.4724008502936368,0.00841799712432292,0.02365028586273381,0.01838048484786746,Low,528
00-0038809,Ben Sims,TE,MIA,65.39134901908612,1.965058252372583,1.965058252372583,0.0066882212938757,0.02328516780667057,0.01773221922196824,Low,529
00-0039814,Erick All,TE,CIN,64.69668722932494,1.1082352666793178,1.1082352666793178,0.0066882212938757,0.02328516780667057,0.01773221922196824,Low,530
00-0040240,Caleb Lohner,TE,DEN,64.38795793622033,1.1029468244865557,1.1029468244865557,0.0066882212938757,0.02328516780667057,0.0189644209553846,Low,531
00-0036670,Jermar Jefferson,RB,MIN,63.86578264433166,1.7893588712486834,0.9754572000428158,0.01178788722872258,0.03799729364846573,0.04993928467341206,Low,532
00-0038394,Will Mallory,TE,IND,63.47062493790732,1.9278487751982265,1.9278487751982265,0.0066882212938757,0.02328516780667057,0.01773221922196824,Low,533
00-0039299,George Holani,RB,SEA,63.34405079411554,2.0751945760950328,1.0550001311093604,0.01178788722872258,0.03799729364846573,0.08492583155005232,Medium,534
00-0036556,Brevin Jordan,TE,HOU,62.949538781297115,1.0794579773341573,1.0794579773341573,0.0066882212938757,0.02328516780667057,0.01773221922196824,Low,535
00-0040390,Jackson Meeks,TE,DET,62.86848315476668,1.0568339578784718,1.0832548068254335,0.0066882212938757,0.02328516780667057,0.0189644209553846,Low,536
00-0040081,Jake Briningstool,TE,KC,62.7472249676633,1.0547955792923978,1.0811654687747076,0.0066882212938757,0.02328516780667057,0.0189644209553846,Low,537
00-0040504,Bryson Nesbit,TE,MIN,62.7472249676633,1.0547955792923978,1.0811654687747076,0.0066882212938757,0.02328516780667057,0.0189644209553846,Low,538
00-0037078,Cole Turner,TE,MIA,61.55094406716822,1.0584037671676405,1.0584037671676405,0.0066882212938757,0.02328516780667057,0.01773221922196824,Low,539
00-0038564,Cameron Latu,TE,NE,61.19943645907033,1.1839358775978086,1.1839358775978086,0.0066882212938757,0.02328516780667057,0.01773221922196824,Medium,540
00-0038710,Blake Whiteheart,TE,CLE,60.397065467564566,1.2320256256047473,1.2320256256047473,0.0066882212938757,0.02328516780667057,0.01773221922196824,Medium,541
00-0032951,Laquon Treadwell,WR,IND,59.9207226228609,2.3285419840426855,1.29889368305459,0.01044948131795593,0.06498581558261816,0.03683713119128893,Low,542
00-0039737,Tip Reiman,TE,ARI,59.63586769113405,1.7877035979465812,1.7877035979465812,0.0066882212938757,0.02328516780667057,0.0189644209553846,Low,543
00-0036429,Charlie Woerner,TE,ATL,59.361569345770306,1.4633596351750804,1.3990539084894786,0.0066882212938757,0.02328516780667057,0.01773221922196824,Low,544
00-0040646,Jalen Royals,WR,KC,59.07408239336063,1.7708629676851997,1.7708629676851997,0.00841799712432292,0.02365028586273381,0.01838048484786746,Low,545
00-0039244,Chris Collier,RB,LV,58.72349301239896,1.6572228899730377,0.8920300713200874,0.01178788722872258,0.03799729364846573,0.04993928467341206,Low,546
00-0040629,Dalevon Campbell,WR,LAC,58.4147924551139,1.7640178030617482,1.7640178030617482,0.00841799712432292,0.02365028586273381,0.01838048484786746,Low,547
00-0039363,Isaac Guerendo,RB,SF,58.139716289513906,2.11882941390766,1.2054460661511823,0.01178788722872258,0.03799729364846573,0.04993928467341206,Low,548
00-0040598,Mark Redman,TE,GB,57.61485912164063,0.9869256293917504,0.9869256293917504,0.0066882212938757,0.02328516780667057,0.0189644209553846,Low,549
00-0038614,Scott Matlock,RB,LAC,57.52132192108163,1.5722196020831951,0.8944683899595706,0.01178788722872258,0.03799729364846573,0.04993928467341206,Low,550
00-0038590,Justin Shorter,WR,LV,56.88903861954038,1.813951178805503,1.7724868673122998,0.00841799712432292,0.02365028586273381,0.01838048484786746,Low,551
00-0039603,British Brooks,RB,HOU,56.37104900996104,2.080294497572549,1.0406459255337912,0.01178788722872258,0.03799729364846573,0.05516606665497105,Medium,552
00-0038896,Jacob Saylors,RB,DET,53.9995362516345,1.6371322933227137,0.8731190771160683,0.01178788722872258,0.03799729364846573,0.04993928467341206,Medium,553
00-0039263,McCallan Castles,TE,GB,53.90484775279312,0.9290879255117968,0.9290879255117968,0.0066882212938757,0.02328516780667057,0.01773221922196824,Low,554
00-0039936,Thomas Yassmin,TE,GB,53.85336963038222,0.9290879255117968,0.9290879255117968,0.0066882212938757,0.02328516780667057,0.01773221922196824,Low,555
00-0037755,Jelani Woods,TE,NYJ,53.438448080750454,1.651378643870991,1.651378643870991,0.0066882212938757,0.02328516780667057,0.01773221922196824,Low,556
00-0039686,Colson Yankoff,TE,WAS,53.4052860268053,1.0330143761154091,1.0330143761154091,0.0066882212938757,0.02328516780667057,0.01773221922196824,Medium,557
00-0039710,Jeshaun Jones,WR,MIN,52.6459027058833,1.7103342027981885,1.638439830668564,0.00841799712432292,0.02365028586273381,0.01838048484786746,Low,558
00-0037304,Connor Heyward,RB,LV,51.587399519081366,1.6570761811760677,0.6971951120831404,0.01178788722872258,0.03799729364846573,0.04993928467341206,Low,559
00-0033576,Eric Saubert,TE,SEA,51.575938371353224,1.473226253031965,0.9961095736484928,0.0066882212938757,0.02328516780667057,0.01773221922196824,Medium,560
00-0038145,Thomas Odukoya,TE,KC,48.592792394439776,0.9290879255117968,0.8536806314642705,0.0066882212938757,0.02328516780667057,0.01773221922196824,Low,561
00-0039824,Jared Wiley,TE,KC,46.8523939597506,1.404493579066495,1.404493579066495,0.0066882212938757,0.02328516780667057,0.01773221922196824,Low,562
00-0036984,Trey Sermon,RB,ATL,46.44105474254995,2.6047390937713057,1.1009827689848422,0.02870984852508982,0.13334860777446703,0.1029873770624954,Low,563
00-0038752,Jake Bobo,WR,SEA,46.41086844812055,1.4826738927367005,1.2198577040731238,0.00841799712432292,0.02365028586273381,0.01838048484786746,Low,564
00-0040352,Coleman Owen,WR,IND,46.35241953340563,1.4220841381036782,1.4220841381036782,0.00841799712432292,0.02365028586273381,0.01838048484786746,Low,565
00-0040509,Ben Yurosek,TE,MIN,45.94790656143509,1.118684079252324,1.118684079252324,0.0066882212938757,0.02328516780667057,0.0189644209553846,Low,566
00-0034798,Durham Smythe,TE,BAL,44.93412914210666,1.3164379800896873,1.0120044466170075,0.0066882212938757,0.02328516780667057,0.01773221922196824,Low,567
00-0029892,Kyle Juszczyk,RB,SF,44.88701390269123,1.9165409931385509,0.38809955111055655,0.01178788722872258,0.03799729364846573,0.04993928467341206,Low,568
00-0037557,Ronnie Rivers,RB,LA,43.89477877268846,1.9989720912986677,0.8454220658360748,0.01178788722872258,0.03799729364846573,0.04993928467341206,Low,569
00-0037276,Ty Chandler,RB,NO,43.85033750267619,2.6388559271492995,0.9583765443668444,0.01178788722872258,0.03799729364846573,0.1095172998503425,Low,570
00-0036825,Feleipe Franks,TE,CAR,43.64840534039853,0.8994385225055306,0.8680428310710863,0.0066882212938757,0.02328516780667057,0.01773221922196824,Medium,571
00-0036463,Chris Blair,WR,ATL,41.698813087290794,1.652432410897776,1.2272973416467172,0.00841799712432292,0.02365028586273381,0.01838048484786746,Low,572
00-0040649,Robbie Ouzts,RB,SEA,40.700505372208795,1.3342330806334468,1.2025429583273817,0.01178788722872258,0.03799729364846573,0.04993928467341206,Low,573
00-0040225,Thomas Fidone II,TE,NYG,40.0064683941143,1.1769067165469018,1.2063293844605742,0.0066882212938757,0.02328516780667057,0.0189644209553846,Low,574
00-0040488,Carter Runyon,TE,LV,39.71619493796533,1.1905718376577583,1.1905718376577583,0.0066882212938757,0.02328516780667057,0.0189644209553846,Low,575
00-0033757,Robert Tonyan,TE,PIT,38.573480629943575,1.6279990042353207,1.0979788881887411,0.0066882212938757,0.02328516780667057,0.01773221922196824,Low,576
00-0036187,Reggie Gilliam,RB,NE,36.334860065984905,1.4224728765416768,0.443371307064857,0.01178788722872258,0.03799729364846573,0.04993928467341206,Medium,577
00-0031595,Michael Burton,RB,CLE,35.8886157675944,1.5323363557821643,0.31029811204588825,0.01178788722872258,0.03799729364846573,0.04993928467341206,Low,578
00-0035125,Alec Ingold,RB,LAC,35.52996159482801,1.4124060924435526,0.34810282398935183,0.01178788722872258,0.03799729364846573,0.04993928467341206,Low,579
00-0036842,Kene Nwangwu,RB,NYJ,32.11829235868969,1.270947770324154,0.43772081426764176,0.01178788722872258,0.03799729364846573,0.04993928467341206,Medium,580
00-0040058,Nick Kallerup,TE,SEA,32.08990462346193,0.9000782560991933,0.9000782560991933,0.0066882212938757,0.02328516780667057,0.01773221922196824,Low,581
00-0037311,Ko Kieft,TE,TB,32.01596598726385,1.0227346400967576,0.991063154053885,0.0066882212938757,0.02328516780667057,0.01773221922196824,Low,582
00-0034959,Andrew Beck,RB,NYJ,31.193400953401454,1.2522244607809925,0.2989851768369367,0.01178788722872258,0.03799729364846573,0.04993928467341206,Low,583
00-0038498,E.J. Jenkins,TE,PHI,30.80149343179606,0.9502687602752556,0.9502687602752556,0.0066882212938757,0.02328516780667057,0.01773221922196824,Low,584
00-0038488,Brady Russell,RB,SEA,30.39836685165392,1.1420085458513338,0.4421823306313892,0.01178788722872258,0.03799729364846573,0.04993928467341206,Medium,585
00-0038735,Princeton Fant,TE,DAL,30.37419868174088,0.9290879255117968,0.9290879255117968,0.0066882212938757,0.02328516780667057,0.01773221922196824,Low,586
00-0037031,Nikola Kalinic,TE,CHI,28.326461381928556,0.9705932210368308,0.866143920415182,0.0066882212938757,0.02328516780667057,0.01773221922196824,Low,587
00-0031484,Chris Manhertz,TE,NYG,26.3051621272356,1.1888553586390989,0.6495083028894408,0.0066882212938757,0.02328516780667057,0.01773221922196824,Low,588
00-0033376,Patrick Ricard,RB,NYG,17.328735131286706,1.1259120567671987,0.22799719149535777,0.01178788722872258,0.03799729364846573,0.04993928467341206,Low,589
