player_id,player_name,position,talent_rank_position_24,talent_prior_fppg_24,draft_round_24,draft_overall_24,age_at_draft_24,combine_athleticism_z_24,college_production_score_z_24,college_breakout_age_24,combine_missing_24,college_missing_24
00-0041562,Fernando Mendoza,QB,1,13.250583818532448,1,1,22.91854893908282,NA,0,NA,1,1
00-0041568,Ty Simpson,QB,2,10.666248939643586,1,13,23.696098562628336,NA,0,NA,1,1
00-0041565,Drew Allar,QB,3,7.972896702091074,3,76,22.483230663928815,NA,0,NA,1,1
00-0041561,Carson Beck,QB,4,7.3115482182981815,3,65,24.78302532511978,NA,0,NA,1,1
00-0041056,Cade Klubnik,QB,5,6.485464499302528,4,110,22.89390828199863,NA,0,NA,1,1
00-0041092,Taylen Green,QB,6,4.459537965330149,6,182,23.871321013004792,0.7071067811865474,0,NA,0,1
00-0040891,Cole Payton,QB,7,3.201361870657482,5,178,23.849418206707735,-0.7071067811865477,0,NA,0,1
00-0041123,Behren Morton,QB,8,2.3776072402605672,7,234,24.621492128678987,NA,0,NA,1,1
00-0040906,Garrett Nussmeier,QB,9,2.0261244523718744,7,249,24.566735112936346,NA,0,NA,1,1
00-0041117,Athan Kaliakmanis,QB,10,0.8459994679167105,7,223,23.033538672142367,NA,0,NA,1,1
00-0041027,Jeremiyah Love,RB,1,16.437381453232817,1,3,21.253935660506503,0.8500647681210789,0,NA,0,1
00-0041512,Jadarian Price,RB,2,9.710517227178926,1,32,22.89664613278576,-0.5469605757022509,0,NA,0,1
00-0040878,Mike Washington Jr.,RB,3,5.479059539551129,4,122,23.16495550992471,1.0751108484738157,0,NA,0,1
00-0041052,Kaelon Black,RB,4,4.982865026717259,3,90,24.87337440109514,NA,0,NA,1,1
00-0041496,Jonah Coleman,RB,5,4.36137016679768,4,108,23.033538672142367,NA,0,NA,1,1
00-0040888,Adam Randall,RB,6,4.336086298774829,5,174,22.132785763175907,-0.10134935660069301,0,NA,0,1
00-0041013,Emmett Johnson,RB,7,3.602182580349937,5,161,22.89390828199863,-0.47396858314070334,0,NA,0,1
00-0041125,Seth McGowan,RB,8,3.4192993580108983,7,237,24.856947296372347,0.7795806211480184,0,NA,0,1
00-0041081,Max Bredeson,RB,9,2.715541390370478,5,159,23.90965092402464,NA,0,NA,1,1
00-0041398,Riley Nowakowski,RB,10,2.3338808528737274,5,169,24.17248459958932,NA,0,NA,1,1
00-0040886,Nicholas Singleton,RB,11,2.2823642907859107,5,165,22.652977412731005,NA,0,NA,1,1
00-0041104,Demond Claiborne,RB,12,2.1149460637958635,6,198,22.89664613278576,-0.4970969930223359,0,NA,0,1
00-0041096,Kaytron Allen,RB,13,1.7659459728085394,6,187,23.64681724845996,NA,0,NA,1,1
00-0041490,Eli Heidenreich,RB,14,1.629793236482113,7,230,23.096509240246405,-0.752457442005857,0,NA,0,1
00-0041032,Kenyon Sadiq,TE,1,6.893797272049869,1,16,21.49486652977413,2.0312816931244058,0,NA,0,1
00-0041510,Max Klare,TE,2,4.486779288151391,2,61,23.15126625598905,NA,0,NA,1,1
00-0041041,Oscar Delp,TE,3,4.2066465993258975,3,73,23.077344284736483,NA,0,NA,1,1
00-0041483,Eli Stowers,TE,4,4.182209323689469,2,54,23.381245722108144,1.6870788467981859,0,NA,0,1
00-0041503,Nate Boerkircher,TE,5,4.085053888304122,2,56,24.99110198494182,-0.3382407126012859,0,NA,1,1
00-0041472,Marlin Klein,TE,6,3.6528024449821133,2,59,23.956194387405887,-0.500340247004776,0,NA,0,1
00-0041558,Sam Roush,TE,7,3.620613578834693,3,69,22.986995208761122,0.5929288735602197,0,NA,0,1
00-0041524,Will Kacmarek,TE,8,3.00688039548497,3,87,23.550992470910334,-0.612802403216859,0,NA,0,1
00-0041077,Justin Joly,TE,9,2.946974910427526,5,152,22.146475017111566,NA,0,NA,1,1
00-0041395,Eli Raridon,TE,10,2.5118999737756194,3,95,22.55167693360712,NA,0,NA,1,1
00-0041087,Joe Royer,TE,11,2.2219019992781424,5,170,24.514715947980836,NA,0,NA,1,1
00-0040879,Matthew Hibner,TE,12,2.120702625608376,4,133,24.48186173853525,-0.1524233329350017,0,NA,0,1
00-0041084,Tanner Koziol,TE,13,1.846686658628784,5,164,22.5927446954141,-0.5031285729173678,0,NA,0,1
00-0041094,Bauer Sharp,TE,14,1.4958672659825918,6,185,23.33196440793977,-0.4311304754967686,0,NA,0,1
00-0040887,Josh Cuevas,TE,15,1.4479995700902848,5,173,23.93429158110883,-0.4501810876012895,0,NA,0,1
00-0041116,Jack Endries,TE,16,1.2300291419320544,7,221,22.43394934976044,-0.4262888785386271,0,NA,0,1
00-0040901,Jaren Kanak,TE,17,1.2208570494509,7,225,22.55715263518138,-0.22077860687168965,0,NA,0,1
00-0041579,Seydou Traore,TE,18,0.8686397972360672,5,180,24.05475701574264,NA,0,NA,1,1
00-0041131,Carsen Ryan,TE,19,0.24116768543675687,7,248,23.030800821355236,NA,0,NA,1,1
00-0041133,Dallen Bentley,TE,20,0.05727538561735887,7,256,25.66735112936345,-0.6223905097532686,0,NA,0,1
00-0041438,Carnell Tate,WR,1,11.200918292320228,1,4,21.61533196440794,-1.375772287018689,0,NA,0,1
00-0041029,Jordyn Tyson,WR,2,8.624442767800389,1,8,22.053388090349078,NA,0,NA,1,1
00-0040867,Makai Lemon,WR,3,7.0702579683083755,1,20,22.247775496235455,NA,0,NA,1,1
00-0041511,Omar Cooper Jr.,WR,4,6.999473938825583,1,30,22.715947980835043,0.16962157812985668,0,NA,0,1
00-0041547,KC Concepcion,WR,5,6.8209973656105864,1,24,21.935660506502394,NA,0,NA,1,1
00-0041035,De'Zhaun Stribling,WR,6,5.561891220706807,2,33,23.704312114989733,NA,0,NA,1,1
00-0041489,Germie Bernard,WR,7,5.5379434668957614,2,47,22.748802190280628,-0.030363481466767338,0,NA,0,1
00-0041037,Denzel Boston,WR,8,4.90866965964584,2,39,22.7378507871321,-0.16442406972346016,0,NA,0,1
00-0041040,Antonio Williams,WR,9,4.757731143381569,3,71,22.132785763175907,-0.22745085201165263,0,NA,0,1
00-0041042,Malachi Fields,WR,10,4.744494334639635,3,74,23.017111567419576,-0.38369930395873536,0,NA,0,1
00-0040870,Ja'Kobi Lane,WR,11,4.7149262686071065,3,80,22.072553045859,0.4057974282458735,0,NA,0,1
00-0041044,Zachariah Branch,WR,12,4.5525692622711365,3,79,22.425735797399042,-0.13433762774812635,0,NA,0,1
00-0041523,Caleb Douglas,WR,13,4.459551709900472,3,75,22.978781656399725,-0.19427999967774529,0,NA,0,1
00-0041051,Zavion Thomas,WR,14,4.423899382700698,3,89,22.546201232032853,0.6203795404100408,0,NA,0,1
00-0041048,Ted Hurst III,WR,15,4.37853060670758,3,84,22.16563997262149,0.8040310990586798,0,NA,0,1
00-0041047,Chris Brazzell II,WR,16,4.20024623196241,3,83,22.858316221765914,0.9755847511473875,0,NA,0,1
00-0041525,Chris Bell,WR,17,4.170864899098547,3,94,22.234086242299796,-0.34649945360316275,0,NA,0,1
00-0041550,Brenen Thompson,WR,18,3.5592603737385606,4,105,23.104722792607802,-0.23956143687220996,0,NA,0,1
00-0041397,Kaden Wetjen,WR,19,3.467973760436933,4,121,24.48186173853525,-0.712401762025505,0,NA,0,1
00-0041070,Reggie Virgil,WR,20,3.3161484482982493,5,143,22.299794661190965,-0.7953436981689523,0,NA,0,1
00-0040876,Elijah Sarratt,WR,21,3.1342580295983353,4,115,23.263518138261464,NA,0,NA,1,1
00-0041443,Skyler Bell,WR,22,3.045330192695727,4,125,24.15879534565366,0.8847188166991603,0,NA,0,1
00-0041069,Colbie Young,WR,23,2.688828000760658,4,140,24.10677618069815,0.7986245160623693,0,NA,0,1
00-0041067,Bryce Lance,WR,24,2.631716019954116,4,136,24.032854209445585,1.0859212608304958,0,NA,0,1
00-0041446,Kendrick Law,WR,25,2.508565521886432,5,168,22.217659137577,0.6947077358960326,0,NA,0,1
00-0041529,Kevin Coleman Jr.,WR,26,2.481360578731415,5,177,22.976043805612594,-0.4999871723412225,0,NA,0,1
00-0041099,Barion Brown,WR,27,2.041581742330568,6,190,22.72142368240931,-0.9351750981994561,0,NA,0,1
00-0040895,Emmanuel Henderson Jr.,WR,28,1.9033910660727713,6,199,23.449691991786448,-0.9513719602580248,0,NA,0,1
00-0040894,Malik Benson,WR,29,1.676095404898503,6,195,23.874058863791923,-0.6925531703272141,0,NA,0,1
00-0040890,Cyrus Allen,WR,30,1.5710896189281849,5,176,23.55373032169747,NA,0,NA,1,1
00-0041100,Josh Cameron,WR,31,1.484288720372541,6,191,23.457905544147845,NA,0,NA,1,1
00-0041399,CJ Daniels,WR,32,1.2358962619415075,6,197,24.657084188911703,NA,0,NA,1,1
00-0041467,Lewis Bond,WR,33,1.08272579197735,6,204,23.260780287474333,NA,0,NA,1,1
00-0041106,C.J. Williams,WR,34,0.9920415255484365,6,203,23.857631759069132,NA,0,NA,1,1
00-0041132,Deion Burks,WR,35,0.7022098460789277,7,254,23.64681724845996,1.0312054834172923,0,NA,0,1
00-0040900,Anthony Smith,WR,36,0.5503284349567619,7,218,24.503764544832308,NA,0,NA,1,1
