position,feature,n,coverage,outcome_pearson,outcome_spearman,residual_correlation,year_sign_stability,median_year_abs_residual_cor,signal_score
QB,projected_opportunities_232,2624,1,0.5192570805615491,0.4805189738030519,0.07780887579735887,1,0.07805422642783451,0.34394796810904
QB,roll3_pass_attempt_share,2624,1,0.438496376729553,0.3856258904800311,0.09933866095464826,1,0.09176799009913347,0.32908365110842835
QB,ngs_available,2624,1,0.4300603602313921,0.42957296004396545,0.09224679574608494,1,0.08383573066636921,0.3288542511993015
QB,roll3_offense_snaps,2624,1,0.43593342905068816,0.3961948979777689,0.0972980285145882,1,0.09049031095464677,0.3288445489134855
QB,roll3_offense_pct,2624,1,0.43186273438839223,0.3687688339786389,0.09767055236552165,1,0.08950191480157066,0.32488949231198905
QB,roll5_offense_pct,2624,1,0.42773515393138134,0.367999434970391,0.09070796188342294,1,0.08291167402209067,0.320262010153845
QB,roll3_pass_attempts,2624,1,0.4164778048745872,0.3755220354210881,0.08945575924482758,1,0.09419547881999263,0.319703288670128
QB,roll5_pass_attempts,2624,1,0.4126343521244282,0.3666425667372305,0.083151542422844,1,0.0796633116431392,0.31365581664545844
QB,roll3_ngs_time_to_throw,2624,1,0.3978784932504871,0.31821908209353533,0.09439112518474625,1,0.08434061734411566,0.3107144867038593
QB,projected_td_points_232,2624,1,0.4414256587528436,0.45519988353155694,-0.025274929155150044,1,0.019015456073786546,0.29735586832649485
QB,roll3_ngs_air_yards,2624,1,0.3733942717738509,0.31344944873386443,0.07770230494060296,1,0.06467275701184189,0.29625821569181243
QB,prior_game_fppg,2624,1,0.4302280187930817,0.4312298527199877,0.030460058865243854,1,0.02624577855504094,0.29552023005401706
QB,roll3_ngs_aggressiveness,2624,1,0.29736294917374784,0.26751330297164444,0.07590485712086373,1,0.06135763923115361,0.275919876835376
QB,expected_fppg_232,2624,1,0.5186548519225734,0.49862953957220135,0.016988721614291,0.75,0.017594195769226585,0.275097762398081
QB,season_to_date_fppg,2624,1,0.504906833540864,0.49332334601103006,0.020479526285966356,0.75,0.03201849392858127,0.27499966778022206
QB,season_carries_prior,2624,1,0.33522560418156294,0.3802609765937386,0.03465973403256464,1,0.01968680375190184,0.2735374866337742
QB,season_to_date_pass_ypa,2624,1,0.29587004524140353,0.3292553322890593,0.04654235785909357,1,0.05643270493408145,0.26935457954813996
QB,season_to_date_rush_ypc,2624,1,0.2675393861175432,0.295787813733521,0.05595969995613707,1,0.04771477460697747,0.2636049695901397
QB,roll3_pass_ypa,2624,1,0.2903620043081697,0.3063778116501195,0.04043259491796386,1,0.04284253015134502,0.26150941890170315
QB,projected_touch_opportunities_232,2624,1,0.30163278482477224,0.3231534288172304,0.03006281713237282,1,0.012703867442786811,0.2578709671803731
QB,roll3_rush_ypc,2624,1,0.24424401626697298,0.2759675757201776,0.047650080234199615,1,0.04725083156377702,0.253247651276244
QB,preseason_prior_fppg,2624,1,0.43292903367359115,0.43485928199168494,0.00767003660501284,0.75,0.04251568895216515,0.2503134252677209
QB,roll5_carries,2624,1,0.33126275376190784,0.3445257913441468,0.054222885807842056,0.75,0.0657510014153895,0.2444457893935089
QB,roll3_carry_share,2624,1,0.33090285693842064,0.3378308294561105,0.04624741364554327,0.75,0.06279023340730427,0.23969257326487386
QB,roll3_carries,2624,1,0.32173915867873554,0.33303658450505785,0.045983832694165803,0.75,0.05908552215642667,0.2369787156307966
QB,prior_pass_td_rate,2624,1,0.16690948807581873,0.19826729606867388,-0.05016615350175854,1,0.05111250709690408,0.23152180316736998
QB,season_pass_attempts_prior,2624,1,0.31880536603721926,0.36748493881194677,0.027615817413595443,0.75,0.03634148114955452,0.23004442449520648
QB,roll5_fppg,2624,1,0.49447822099924926,0.48172246441169964,0.0042157057490224865,0.5,0.02496747035975784,0.22620659013230474
QB,roll3_fppg,2624,1,0.4932006056258505,0.48252864822249075,0.0029229034204560135,0.5,0.028894289548662563,0.22588428229342344
QB,direct_gap_vs_base_232,2624,1,-0.03570552088201948,0.0056215096434005345,0.11224877991795441,1,0.10025333426113145,0.2176388593051642
QB,prior_yards_per_attempt,2624,1,0.12470718450265696,0.167905238931922,-0.037550358175528445,1,0.0355449677361414,0.2130480798349108
QB,model_disagreement_23,2624,1,-0.07446849792368228,-0.08801040946313102,-0.06214067798304105,1,0.07063378733013045,0.20899226258722003
QB,opp_pos_residual_roll8,2624,1,0.07341795975716056,0.07671628698763445,0.060964062656052344,1,0.058726830465129956,0.2057276984365416
QB,season_to_date_pass_td_rate,2624,1,0.23705452092126778,0.3648349254034315,0.010118030746704703,0.75,0.021485039372843254,0.2056516225875414
QB,calibrated_matchup_delta_23,2624,1,0.102490325211331,0.11059836354658198,0.03777053756596799,1,0.06369076108605284,0.2050858801769203
QB,is_home,2624,1,0.05129385906267374,0.04992896164452795,0.06757269691600712,1,0.062417729679880754,0.2018738566088159
QB,favorite_rush_interaction,2624,1,0.248129847410313,0.2458239414038345,0.02488240757241461,0.75,0.0393777094782892,0.20179709985773198
QB,qb_pressure_matchup,2624,1,0.3102948138151136,0.3232791108787305,0.05626680872839447,0.5,0.06486479323430536,0.20145310304337616
QB,opportunity_per_snap,2624,1,0.18972618873257016,0.15655263129370953,0.05624523625881314,0.75,0.049295646662014,0.19567695070977506
QB,implied_team_total,2624,1,0.23472117458080025,0.2322539436859648,0.020758189531374392,0.75,0.024374326884854823,0.19439890264446377
QB,matchup_abs_232,2624,1,-0.057914438085275695,-0.0501793111190922,-0.04047236417293062,1,0.0225186803708915,0.1869105481045486
QB,prior_catch_rate,2624,1,-0.05689586106929098,-0.08689552085569122,-0.028499011476927835,1,0.02775977119698807,0.18626924977947165
QB,legacy_gap_vs_base_232,2624,1,-0.02594327307590579,-0.027082360597624255,0.05235882816525642,1,0.0421388687621748,0.18569503197596082
QB,def_pass_success_allowed_roll4,2624,1,0.0432520747986637,0.0400158851899172,0.04153692510723906,1,0.032830596027737566,0.18456195558758084
QB,games_played_prior,2624,1,0.28536998472527914,0.30229468340289717,0.031009937762825523,0.5,0.02693113039982139,0.17928954429215152
QB,rb_receiving_matchup,2624,1,0.03316802426801993,0.03169546682256797,0.029664323818483645,1,0.025819817537999702,0.17570462785906935
QB,model22_gap_vs_base_232,2624,1,0.009182308903175385,0.008395353400313534,0.03828924129503656,1,0.0173090302257407,0.1716213196159497
QB,injury_risk,2624,1,-0.00531849273881256,-0.002933542777533091,-0.03630705632880362,1,0.03520691577461844,0.1711682207517137
QB,roll3_fppg_sd,2624,1,0.24818268210966804,0.2705216750418959,0.024760418760005773,0.5,0.04661117516974561,0.16793878974374493
QB,matchup_role_interaction,2624,1,0.08289680002196832,0.08469307503380163,0.051130545207534905,0.75,0.07248859827032418,0.1678421981784336
QB,role_5_vs_prior_232,2624,1,0.2902067766121665,0.2864550751307173,-5.986321766215168e-4,0.5,0.038727157053721845,0.16575392899072788
QB,roll3_pass_td_rate,2624,1,0.23801748563051897,0.3550653748500582,0.0031973428167408695,0.5,0.03607523407278265,0.16549732007031204
QB,def_deep_epa_allowed_roll4,2624,1,0.01431651996442416,0.007875348509448425,0.01924571614968609,1,0.02106329854498524,0.16428891753658742
QB,underdog_points,2624,1,-0.14199256448424113,-0.13887575989208198,-0.011096442210856839,0.75,0.024168043132863835,0.16213395610238518
QB,opp_pos_residual_roll4,2624,1,0.05816756160357572,0.06542489033526915,0.05245886709259601,0.75,0.0741383727993204,0.16184147540047614
QB,snap_trend,2624,1,0.04753624999956878,-0.012117016520277399,0.05933456266296118,0.75,0.05623657037645289,0.15483477721833347
QB,season_to_date_catch_rate,2624,1,0.08067711314375806,0.08057959334929031,0.02487779095146025,0.75,0.05287330328940906,0.15317376782488928
QB,roll3_ngs_cpoe,2624,1,0.1085160596642934,0.110400028618532,-0.014055337949939451,0.75,0.01311474464556877,0.15291727071582628
QB,opp_pos_fppg_allowed_roll4,2624,1,0.04279913444711144,0.04535529022561185,0.04111584685589852,0.75,0.05363497976027344,0.14951210808873514
QB,roll3_interception_rate,2624,1,0.013930911688139347,0.16166251451531816,0.02591401189614412,0.75,0.030918512579257762,0.14916022245689387
QB,qb_pass_matchup,2624,1,0.0695188653059833,0.0735013593561334,0.026170399518009528,0.75,0.023320943456249535,0.14794233300654222
QB,season_targets_prior,2624,1,0.07314381472127156,0.08005005779971494,0.012795754203471817,0.75,0.04109329993636599,0.14513931297099358
QB,season_to_date_interception_rate,2624,1,0.013179734832107864,0.15924318072635563,0.016844747415043104,0.75,0.02471317523184504,0.14403298781689597
QB,def_qb_hit_rate_roll4,2624,1,-0.0371320253016174,-0.036854207254178824,-0.03430730249283886,0.75,0.03402908397623439,0.14244746394419353
QB,prior_rec_td_rate,2624,1,0.015631990857538487,-0.20146575145853396,-0.0025494164306932615,0.75,0.01520376773080954,0.1421572626962739
QB,prior_yards_per_carry,2624,1,0.16920419255607747,0.1921681833281354,-0.014403776527229399,0.5,0.07073113230438573,0.142071749327162
QB,season_to_date_rush_td_rate,2624,1,0.1448716572571162,0.2600781112832275,0.01104562653427012,0.5,0.026351406167516408,0.1398919442174414
QB,carry_trend,2624,1,-0.012967744657907539,-0.030649231725441085,-0.03227234178686548,0.75,0.04763728527749006,0.13779838417731474
QB,def_pass_epa_allowed_roll4,2624,1,0.029851652044871398,0.024654051901157617,0.030406691328506107,0.75,0.030591009075096515,0.13757389560155317
QB,def_sack_rate_roll4,2624,1,-0.026775841153375637,-0.024206095569064424,-0.03009805244842716,0.75,0.03799618253499933,0.13756812473118749
QB,def_pass_epa_allowed_roll8,2624,1,0.034743391596972546,0.027715876915348266,0.02496323294288409,0.75,0.02922207247802084,0.1362353777893968
QB,roll3_team_carries,2624,1,0.039313994441370195,0.05082064346349615,0.010958023301057692,0.75,0.04406876005586137,0.13501298270612827
QB,def_rush_epa_allowed_roll4,2624,1,-0.013277937873268954,-0.012514606462883757,-0.017832610513202174,0.75,0.07953144583693361,0.1323696009073688
QB,projection_spread_232,2624,1,-0.0037786364333113258,-0.0038732883325692715,-0.032334013558332986,0.75,0.04166527758142285,0.13236178301729645
QB,season_to_date_ypt,2624,1,0.026026637341980085,0.05177384195304732,-0.010911162500289404,0.75,0.03067147348965489,0.1313748262300178
QB,rb_rush_matchup,2624,1,-0.11967226098568573,-0.14012065590801306,-0.021172587331269126,0.5,0.05981119168454407,0.1288642691539105
QB,roll3_rush_td_rate,2624,1,0.13419781013158233,0.20605266086780513,-0.003947536853778427,0.5,0.02039983033432262,0.12769829974545396
QB,role_vs_prior_232,2624,1,0.2927972673684904,0.28961799566528734,-0.001907120686710821,0.25,0.015489865259613388,0.12736485844114395
QB,roll3_targets,2624,1,0.027952590605094495,0.02583745079405425,0.005334897103649527,0.75,0.04180359198660457,0.12721302329950623
QB,team_skill_out_count,2624,1,-0.05840893890782664,-0.050739286389348166,0.0071545225477377405,0.6666666666666666,0.062297430472763496,0.1260516015638889
QB,def_rush_success_allowed_roll4,2624,1,-0.009658433249646185,-0.01074325519342822,-0.012911625858410575,0.75,0.03602911383110442,0.1249408516275429
QB,underdog_target_interaction,2624,1,-0.011438525707851078,-0.0019403866460148583,-0.01821938548787224,0.75,0.01504642346039894,0.12449514684051737
QB,roll3_target_share,2624,1,0.0219282057450238,0.025565425435507747,0.0026939434472595305,0.75,0.03047579450063163,0.12377478208769516
QB,prior_rush_td_rate,2624,1,0.10017013687085276,0.1328711825583786,-0.021410694249240907,0.5,0.04445856195561275,0.12305583515147861
QB,team_spread_line,2624,1,0.14691192604154246,0.1452733076749809,0.005609109718768064,0.5,0.012398711179787926,0.12264091409989977
QB,def_deep_pass_rate_roll4,2624,1,-0.0017508628856047906,-0.0021547438825168254,-0.006901450465730917,0.75,0.05380574150917749,0.12155995144580753
QB,xfp_gap_vs_base_232,2624,1,-0.04734205533193592,-0.04617377312241736,0.050914034705607014,0.5,0.07278716969497401,0.1192524553214591
QB,prior_yards_per_target,2624,1,-0.10915494221221274,-0.11036944348768693,-0.015370742622607497,0.5,0.03656430216752045,0.11846548721364614
QB,favorite_points,2624,1,0.11575728755071786,0.12974959409493392,-0.0011321227037999198,0.5,0.024893942569429613,0.11440511252417421
QB,wr_redzone_matchup,2624,1,0.09401970807617246,0.09771334584741799,0.016709764446094698,0.5,0.030990000380477837,0.11426754299419159
QB,te_redzone_matchup,2624,1,0.09401970807617246,0.09771334584741799,0.016709764446094698,0.5,0.030990000380477837,0.11426754299419159
QB,practice_risk,2624,1,0.033795774601076675,0.03471469351080719,-0.006326195431056622,0.6666666666666666,0.011523716450266517,0.1142481622384928
QB,team_skill_questionable_count,2624,1,-0.0060699880436956306,-0.00902197455760304,0.005144925415189127,0.6666666666666666,0.026679828365464082,0.10715843406815909
QB,role_fppg_trend,2624,1,0.07205874280818286,0.057386781066191724,-0.003960403877544016,0.5,0.058484472650518905,0.10248761644336261
QB,season_week,2624,1,-0.03748456099267147,-0.040194444933815694,-0.00913363663245176,0.5,0.06410078068523893,0.09709076892386592
QB,expected_team_plays,2624,1,0.028223081540790028,0.06469816021352608,0.00629690679681075,0.5,0.061936357438197226,0.09687117770534988
QB,rest_days,2624,1,-0.009242751657234568,-0.02188610684857074,-0.017054272979394113,0.5,0.03462445165507285,0.09042689612636534
QB,expected_team_pass_rate,2624,1,-0.027198763151622635,-0.02189617520355584,-0.007895941968196589,0.5,0.03090866699456407,0.08916735897686365
QB,te_middle_matchup,2624,1,0.02934246127910361,0.03227217930002999,0.005562370814091593,0.5,0.01761020972831262,0.08841839238541473
QB,roll3_team_pass_attempts,2624,1,0.011591854843700962,0.023563107137251738,7.500055161526889e-4,0.5,0.06916983661342617,0.08716859287194771
QB,def_redzone_rush_td_rate_roll4,2624,1,-0.022500365513969965,-0.01983511246716546,-0.004572190925096671,0.5,0.028203989487846033,0.08630816415365256
QB,def_redzone_pass_td_rate_roll4,2624,1,0.008230969494179258,0.02039686622807104,0.006739083424210828,0.5,0.020956719635544928,0.08405745796077016
QB,def_rush_epa_allowed_roll8,2624,1,0.0043789993975310495,0.007772180728248663,1.7769276183293045e-4,0.5,0.06397889494841011,0.08319873281661125
QB,target_trend,2624,1,0.0017196158309363797,0.0017701653541018277,0.0019618825758228554,0.5,0.05394297258692622,0.08179909510987368
QB,season_to_date_rec_td_rate,2624,1,0.043709171140038826,0.04375342829681496,0.016252435673625266,0.3333333333333333,0.04529772628616127,0.07496143088257227
QB,roll5_targets,2624,1,0.02970769110652122,0.033075993793794424,0.004852555709277412,0.25,0.04485698449038041,0.053485852172642026
QB,def_explosive_pass_rate_roll4,2624,1,0.01739791356368667,0.016123781824738045,0.010431018654192685,0.25,0.012243765763868406,0.04848481323120571
QB,wr_volume_matchup,2624,1,0.004984110861643649,-0.0029462586030671633,-0.007233927947333367,0.25,0.023850996282187627,0.04439105819198269
RB,projected_opportunities_232,6166,1,0.6278979792205256,0.6967928704811588,0.06124540835323846,1,0.060419355855771906,0.3802391500619682
RB,projected_touch_opportunities_232,6166,1,0.6278979792205256,0.6967928704811588,0.06124540835323846,1,0.060419355855771906,0.3802391500619682
RB,season_to_date_fppg,6166,1,0.6067009589125031,0.6748567707179408,0.05294573719655529,1,0.05539364685446796,0.36955393151430016
RB,roll3_offense_pct,6166,1,0.5567343132432051,0.6057015019198175,0.07962220984581299,1,0.07485398583719965,0.3662117496284909
RB,roll3_carry_share,6166,1,0.566997611057091,0.6167816426902732,0.07113720093374631,1,0.0725292753025304,0.36533803506354806
RB,roll5_offense_pct,6166,1,0.553791167167981,0.6021801582318779,0.07745023437302564,1,0.07417563084124273,0.36421419763004775
RB,roll3_offense_snaps,6166,1,0.5507052057539087,0.6007168460322705,0.07573293697525217,1,0.0751146407335832,0.3628042442717978
RB,roll5_carries,6166,1,0.5623925550140065,0.6096628865812692,0.06335636282065614,1,0.06668141153053772,0.3595687107146225
RB,roll3_carries,6166,1,0.5616310857398158,0.6101716456110666,0.06084438552621563,1,0.0655965840604175,0.3582538247993336
RB,ngs_available,6166,1,0.5346836780262687,0.574602129878187,0.05461989382886098,1,0.057139542096128745,0.34548822406271107
RB,roll3_ngs_time_to_los,6166,1,0.4861887911250289,0.5136286230208424,0.05604957632097151,1,0.05491747457607202,0.3298634739670507
RB,expected_fppg_232,6166,1,0.6147063401522816,0.6868697685462126,0.0439069295921711,0.75,0.04197538213342338,0.32952716998277554
RB,roll5_targets,6166,1,0.46267853224275673,0.5311461212167945,0.05366008767721472,1,0.0691624754483536,0.32808295734929355
RB,roll5_fppg,6166,1,0.6023464700889671,0.6750689456694521,0.03497441107106726,0.75,0.05497715815858452,0.32316683889418707
RB,roll3_target_share,6166,1,0.45871097337940486,0.5260877445996409,0.04385503179060365,1,0.04989747127262288,0.3204230159932837
RB,season_carries_prior,6166,1,0.4515038534601671,0.5348431957956351,0.039795028935392045,1,0.043511247926550915,0.31771076493188777
RB,season_targets_prior,6166,1,0.40240127054352814,0.4802052957403332,0.039609376151557046,1,0.0442642869557349,0.3023075121504492
RB,preseason_prior_fppg,6166,1,0.5376681084426503,0.5822023817857342,0.03196548599541808,0.75,0.043079394264551915,0.2978369534583585
RB,roll3_ngs_box_rate,6166,1,0.3645727440797921,0.49758903188052284,0.038261358817361084,1,0.030232227940963773,0.2955746120219342
RB,roll3_targets,6166,1,0.44677475757563145,0.5194003403755335,0.044286228267826515,0.75,0.05055296918422669,0.2802315968476222
RB,roll3_fppg,6166,1,0.5888005545885072,0.665515238447991,0.02032546972871767,0.5,0.05589146508493695,0.2755815363261068
RB,favorite_rush_interaction,6166,1,0.3275484929023093,0.2619307218655975,0.04842323142509144,1,0.041233594128958925,0.2663042289004744
RB,prior_game_fppg,6166,1,0.5125883489135286,0.60854837435740194,0.04272265118802333,0.5,0.056225480637442225,0.2651394488256781
RB,season_to_date_rush_ypc,6166,1,0.23496311174765958,0.3041347367166836,0.042488933584040246,1,0.055310550473527564,0.2534406036807516
RB,projected_td_points_232,6166,1,0.5181505126300464,0.6070784974740854,0.007634855946909369,0.5,0.0482767484058679,0.2493798719869946
RB,roll3_rush_ypc,6166,1,0.22630937643109447,0.32498906880523437,0.033232683106876534,1,0.035154764163027784,0.24820455982862236
RB,roll3_fppg_sd,6166,1,0.378457524712201,0.42073926548321605,0.02676754522994544,0.75,0.047500034763646906,0.24790646513602224
RB,roll3_catch_rate,6166,1,0.25468185958754774,0.22650220067719332,0.044210993137793905,1,0.03748307610029128,0.24666625332905817
RB,opportunity_per_snap,6166,1,0.24241781690073946,0.3096505743824946,0.023836482327683046,1,0.020831354719500872,0.2436028284874399
RB,season_to_date_catch_rate,6166,1,0.23912349714776754,0.204476083967412,0.0456072681702888,1,0.04670688133126548,0.2427733183724441
RB,direct_gap_vs_base_232,6166,1,-0.08196659614067701,-0.08366527826124998,0.11354059814705222,1,0.10070868979061726,0.23595795884190707
RB,season_to_date_ypt,6166,1,0.21027630779743947,0.29600230503275937,0.0131570894709992,0.75,0.013561951350212407,0.1931468974044411
RB,model_disagreement_23,6166,1,0.35185639630892535,0.41464516062665135,5.858455242856982e-4,0.5,0.04663031053635742,0.193018232150369
RB,roll3_rush_td_rate,6166,1,0.11559634951357418,0.3527318929578615,-0.03294768990641537,0.75,0.018764415973458504,0.1923380721226195
RB,role_fppg_trend,6166,1,0.04325495164934899,0.03924093810233841,-0.04823074735911556,1,0.056759604807201616,0.1898746006614856
RB,role_5_vs_prior_232,6166,1,0.33756321960467767,0.3526836010764873,0.01889079176055457,0.5,0.032578803214562274,0.18984214827172624
RB,rb_rush_matchup,6166,1,-0.22246731129409777,-0.24332399682345976,-0.015081654731577916,0.75,0.011946442479748819,0.1897243845289377
RB,prior_rush_td_rate,6166,1,0.17729690915715357,0.2683219946995539,-0.018891078455624544,0.75,0.042332011076219124,0.18934626942488705
RB,projection_spread_232,6166,1,0.3276100105646579,0.37338847673211323,0.00889032070302013,0.5,0.03951541979817884,0.18672860540566896
RB,season_to_date_rush_td_rate,6166,1,0.1056953040952924,0.3655961573512214,-0.0166904427804376,0.75,0.016900779054885687,0.18459747077598468
RB,favorite_points,6166,1,0.0763531481480157,0.055370505117868896,0.026389724625884296,1,0.006019861827552307,0.18286538954519024
RB,wr_redzone_matchup,6166,1,0.1369401992701064,0.2693287373973657,0.013382929125204586,0.75,0.025883214485838364,0.17807932391122894
RB,te_redzone_matchup,6166,1,0.1369401992701064,0.2693287373973657,0.013382929125204586,0.75,0.025883214485838364,0.17807932391122894
RB,role_vs_prior_232,6166,1,0.32542871184712296,0.334092504760749,-4.444978364564921e-4,0.5,0.038013210787001164,0.17766961380887752
RB,snap_trend,6166,1,0.06241790721069027,0.05062263532823243,0.019510308251162678,1,0.010345544498114246,0.17712413270014676
RB,games_played_prior,6166,1,0.1660179768886803,0.1950384343337602,0.01841297844114003,0.75,0.0167403055552782,0.1757477188140545
RB,def_explosive_pass_rate_roll4,6166,1,0.0273444471971582,0.015049713845513436,0.028455325904629018,1,0.026482146029319267,0.17218107741696506
RB,def_rush_epa_allowed_roll8,6166,1,0.030821054031164967,0.02295689371481523,0.02407503886341415,1,0.021263545176679825,0.17126273897759187
RB,def_qb_hit_rate_roll4,6166,1,-0.02816259748657833,-0.02824034402821883,-0.019945648345132034,1,0.025788903818909248,0.1700125409681707
RB,def_rush_epa_allowed_roll4,6166,1,0.029558668459998588,0.02271103894891859,0.021026717200411233,1,0.024781578529715846,0.16998606558982662
RB,season_to_date_rec_td_rate,6166,1,0.09956730331321983,0.25957212932706364,-0.008060886968177772,0.75,0.03408089508553617,0.16860625875986082
RB,team_skill_out_count,6166,1,3.4577006534023944e-5,0.006672500639058286,0.0298470160784096,1,0.03840340951233504,0.16807842212438093
RB,roll3_team_carries,6166,1,0.017904785149080876,0.010413485281177793,-0.02372537964651781,1,0.02425185822901096,0.16757408622441
RB,def_rush_success_allowed_roll4,6166,1,0.020326380225592997,0.012164738561540924,0.02074183079999223,1,0.016491395649661067,0.16610148049295426
RB,injury_risk,6166,1,0.02484772462859273,0.03912005041215029,-0.012961447727825062,1,0.007183827762286811,0.1657180307363547
RB,expected_team_pass_rate,6166,1,-0.009848871080852941,-0.0020789973019460827,0.02447907759963821,1,0.017345407058835777,0.16477240209650784
RB,prior_catch_rate,6166,1,0.15964243735921765,0.15979510864863256,-0.0034709644153678113,0.75,0.024903114286252016,0.16446329717803582
RB,underdog_target_interaction,6166,1,0.12854761562032346,0.15199558606933838,-0.01147963672631784,0.75,0.033996306546548206,0.16244350832147667
RB,prior_yards_per_target,6166,1,0.13369994220176987,0.16978669440064717,-0.0029763047712285853,0.75,0.024320368501220588,0.16071176692157113
RB,xfp_gap_vs_base_232,6166,1,-0.008420289144835972,-0.013734917586599062,0.076663457063988,0.75,0.052212902819216395,0.1553836881171786
RB,roll3_ypt,6166,1,0.20600788733373854,0.320569637361889,0.0017592349301842945,0.5,0.017267118539165363,0.1530681437759991
RB,prior_pass_td_rate,6166,1,0.11954903975454143,-0.04760818258948387,0.011979542324208052,0.75,0.041384161503143155,0.14926101926276344
RB,season_pass_attempts_prior,6166,1,0.09194376924618244,0.09529152047145065,-0.013956111789820386,0.75,0.012556906897940043,0.1480208019161001
RB,qb_pass_matchup,6166,1,0.03732947133346196,0.0037470142147509548,0.034151045414510896,0.75,0.045970860697083615,0.13963400305203152
RB,qb_pressure_matchup,6166,1,0.051407522673192325,0.05671205114573086,-0.018538485797087667,0.75,0.02524536454672859,0.1394256552820246
RB,opp_pos_residual_roll8,6166,1,0.03411249330897416,0.030970471958157574,0.027889830308300445,0.75,0.026954337301254613,0.1376025627994549
RB,roll3_pass_attempt_share,6166,1,0.0533328978477553,0.05661863153773316,-0.013614370406512455,0.75,0.024980740922763995,0.13751869817233092
RB,prior_yards_per_carry,6166,1,0.17738778322115725,0.20443250273893634,0.008012323087236968,0.5,0.021566766005666017,0.13722392329830388
RB,roll3_pass_attempts,6166,1,0.0539052821330326,0.056609994551281025,-0.011357741077128152,0.75,0.018542420785679775,0.13596137569337524
RB,legacy_gap_vs_base_232,6166,1,-0.08869565653390693,-0.07680525305594543,0.01842848383107186,0.6666666666666666,0.022774492081227345,0.13575211547492175
RB,matchup_role_interaction,6166,1,0.042657866526855735,0.013746058260735852,0.017355449469973735,0.75,0.03748154146054201,0.13338604937366472
RB,opp_pos_residual_roll4,6166,1,0.03048694736561663,0.024983492028015666,0.01786917745735175,0.75,0.035252118848908165,0.132552011309872
RB,target_trend,6166,1,-0.0020734392038193623,0.01516329513247669,-0.028902570933749774,0.75,0.03392684270585027,0.13109165566335712
RB,is_home,6166,1,0.02586207763959294,0.024330882140088182,0.018488751649920247,0.75,0.016856399103708584,0.13008045798477227
RB,model22_gap_vs_base_232,6166,1,0.028981490165588413,0.038209104873229344,0.038502329178096845,0.6666666666666666,0.004358241534558917,0.1275636330981929
RB,expected_team_plays,6166,1,0.014648031650598182,0.01791765381685715,-0.013200286099121813,0.75,0.02684041597381395,0.12591093449711674
RB,rb_receiving_matchup,6166,1,0.03486156079516258,0.007250740221522359,0.006004307956003178,0.75,0.029428878079068167,0.1252899961578202
RB,roll3_rec_td_rate,6166,1,0.09973208814537012,0.2050552774076866,-0.014019793897502906,0.5,0.013365203089122795,0.1252038367178776
RB,def_redzone_pass_td_rate_roll4,6166,1,0.0037816645675721803,-0.012298074296402776,0.013791016241583989,0.75,0.0294215716600705,0.12380458301245116
RB,practice_risk,6166,1,0.0492059479125585,0.07505620276396373,-0.007458222850109481,0.6666666666666666,0.008084966312489174,0.12202851186973436
RB,wr_volume_matchup,6166,1,0.09035431514617405,0.09109789465970447,0.030834197532641362,0.5,0.04423216756881038,0.12049412973204551
RB,roll3_ngs_rush_yoe_pa,6166,1,0.13369377634973448,0.09584154963145321,0.01118175642150299,0.5,0.029534826015840454,0.11855113868998697
RB,prior_rec_td_rate,6166,1,0.08100173296666933,0.19434856890969462,-0.004925125312616481,0.5,0.027124819931703965,0.11783092858701164
RB,implied_team_total,6166,1,0.09290357055955575,0.05384097402213775,0.025374598241192804,0.5,0.02495915512906539,0.11209804430481986
RB,team_spread_line,6166,1,0.08322701445655821,0.05584197439432618,0.02190196095412103,0.5,0.01715394592896123,0.10825317655175021
RB,team_skill_questionable_count,6166,1,-0.0019487387903967901,0.007603010603981413,-9.793001660470461e-4,0.6666666666666666,0.026369356718871657,0.10434075500135752
RB,roll5_pass_attempts,6166,1,0.06458094169311678,0.0743083791179661,-0.01380216142151882,0.5,0.021814734728078603,0.10393402111140829
RB,te_middle_matchup,6166,1,0.052090810679045946,0.12117957001437393,0.002235420497568176,0.5,0.027048700056699793,0.1026287035535288
RB,def_pass_epa_allowed_roll8,6166,1,0.032000321990341904,0.02191350944552751,0.032419337354437396,0.5,0.042728956226125644,0.10225127652383423
RB,underdog_points,6166,1,-0.0694211163728788,-0.04852131392387567,-0.011839262890702997,0.5,0.029658023204940123,0.10161182923929363
RB,wr_deep_matchup,6166,1,0.012298605461640114,0.143397821520114,0.00991887528213692,0.5,0.01301540270951075,0.10018652171342159
RB,def_pass_epa_allowed_roll4,6166,1,0.028311389180093807,0.0150682601537266,0.03091113976245551,0.5,0.034917711903483084,0.09930602535431736
RB,opp_pos_fppg_allowed_roll4,6166,1,0.024846354308952764,0.021785006501307002,0.013327149934931495,0.5,0.03380944509975021,0.09146470653646252
RB,def_pass_success_allowed_roll4,6166,1,0.019506837338241406,0.015383799937318933,0.016889710939676346,0.5,0.014943614692981926,0.08945201810551427
RB,def_redzone_rush_td_rate_roll4,6166,1,0.013853003556474152,0.018633001168658864,0.01016912089930312,0.5,0.022818165247007548,0.08658742170979157
RB,matchup_abs_232,6166,1,0.07816304082971699,-0.062229835758345946,0.01810629493056012,0.3333333333333333,0.057491884247550105,0.08543394878385763
RB,calibrated_matchup_delta_23,6166,1,-0.07816304082971699,0.062229835758345946,-0.01810629493056012,0.3333333333333333,0.057491884247550105,0.08543394878385763
RB,def_sack_rate_roll4,6166,1,-0.0065045731158026015,-0.008584973101009093,0.004383533051819323,0.5,0.037575557961477185,0.08293116560243197
RB,season_to_date_interception_rate,6166,1,-0.014450338627855457,-0.011350804761167798,-0.006502012285630976,0.5,0.005382538389603254,0.08242731689184837
RB,roll3_team_pass_attempts,6166,1,0.008114237827463148,0.009225267955545353,-9.153900790181633e-4,0.5,0.027341946758933824,0.08071371517506036
RB,season_week,6166,1,-0.002665957574356155,0.001913816024572131,-0.003945973828138186,0.5,0.007812652934816549,0.0782664838024766
RB,rest_days,6166,1,-0.0017236215949703424,0.0025282748558594133,-0.0012090665450225468,0.5,0.011478614910946983,0.07730558630615263
RB,season_to_date_pass_td_rate,6166,1,0.06996188105349171,0.08027923309526654,-0.015703507649627885,0.25,0.0072581414833500675,0.06751903915172805
RB,season_to_date_pass_ypa,6166,1,0.06140158465339616,0.08978785456084425,-0.0046060814908741214,0.25,0.009648100934159883,0.06236437454922196
RB,carry_trend,6166,1,0.0650376930756309,0.058732889431289445,-0.004719358556435598,0.25,0.008781366058363861,0.05925657944160069
RB,prior_yards_per_attempt,6166,1,0.031300998279520445,-0.038617346804126616,0.015079262082514942,0.25,0.020463668613861955,0.05660029610532679
WR,projected_opportunities_232,9815,1,0.5734327429111371,0.6372102439936116,0.03254563083945863,1,0.022104254370308718,0.3465390823180253
WR,projected_touch_opportunities_232,9815,1,0.5734327429111371,0.6372102439936116,0.03254563083945863,1,0.022104254370308718,0.3465390823180253
WR,roll5_targets,9815,1,0.5159843401413966,0.5606783390854119,0.04543462998890388,1,0.04656551762232407,0.33526071717294
WR,roll5_offense_pct,9815,1,0.4549872267981801,0.5267180581705143,0.05573463161207069,1,0.05585276641319563,0.3257697286708855
WR,roll3_offense_pct,9815,1,0.4546124824917276,0.5255639581501708,0.056076293409395475,1,0.05507607834624681,0.32563986169538406
WR,roll3_offense_snaps,9815,1,0.4497188974977231,0.5180818264774781,0.0517666639914499,1,0.04920298371372494,0.3213345178944124
WR,roll3_ngs_air_yard_share,9815,1,0.4415194775424332,0.4975567829707133,0.030946302708408185,1,0.025189465936000414,0.3056251027265073
WR,roll3_target_share,9815,1,0.5115950331782977,0.5589138240530658,0.041736722624679506,0.75,0.04854156132806714,0.29529244617237393
WR,roll3_ngs_cushion,9815,1,0.3935454723858693,0.43596500664881754,0.038663826526520575,1,0.03751539976274538,0.29430424774052333
WR,roll3_targets,9815,1,0.5111749172516139,0.5569618194553784,0.038237807066385916,0.75,0.04688099585989213,0.29324201620579876
WR,preseason_prior_fppg,9815,1,0.5228714760755853,0.5547251003362159,0.024434365483914543,0.75,0.029582423620138507,0.2871375845637267
WR,ngs_available,9815,1,0.4796532780465455,0.5224056619305416,0.0352424446165852,0.75,0.03940318765012638,0.28132568832251914
WR,projected_td_points_232,9815,1,0.4396579688421138,0.51992570975309,-0.023050099635507783,0.75,0.02728149461945177,0.26713021385987495
WR,expected_fppg_232,9815,1,0.5606696113593299,0.6217765050849128,0.010336307924023756,0.5,0.017970219281396933,0.25698207114881927
WR,season_to_date_fppg,9815,1,0.5408946947256271,0.6021205159745054,0.015133508818520347,0.5,0.019648677029909755,0.2533904536388787
WR,roll3_ngs_separation,9815,1,0.3827299190432159,0.4454675095304414,0.031545665232865,0.75,0.033062713334684975,0.25234930725968957
WR,roll3_fppg,9815,1,0.5139194585470824,0.5803911402029613,-0.01825173100749734,0.5,0.03200202588242719,0.24856592090444674
WR,projection_spread_232,9815,1,0.27173817218149593,0.32143336271174966,-0.018435085555883902,1,0.013977833169288332,0.24717844633515582
WR,roll5_fppg,9815,1,0.5295065409250685,0.5936694056101162,-5.937702811240699e-4,0.5,0.03160811567544711,0.24497951423377684
WR,roll3_rec_td_rate,9815,1,0.06471822687321874,0.27232653040462507,-0.06135326730936103,1,0.05771978521051864,0.2277094132959987
WR,prior_yards_per_target,9815,1,0.1648328982180906,0.2542080771633951,-0.024811154162895564,1,0.02633679292371495,0.2239735896045382
WR,season_to_date_rec_td_rate,9815,1,0.0656033052877949,0.28590698530942793,-0.04388176753769158,1,0.04105310695074057,0.21996953927596968
WR,prior_game_fppg,9815,1,0.4287199620509791,0.5084569460120697,9.483441485006878e-4,0.5,0.039898839527729296,0.21760106551022285
WR,season_targets_prior,9815,1,0.39804964467768894,0.45646923062840816,0.026065739977984014,0.5,0.02851841693911994,0.21600666840139782
WR,model_disagreement_23,9815,1,0.3072296168021631,0.3551582735520426,-0.009088638268538552,0.75,0.006974194325252127,0.21520763050400202
WR,prior_rec_td_rate,9815,1,0.10808302656953693,0.2619543555618625,-0.026574703414644428,1,0.022448783767318924,0.21509296236326203
WR,opportunity_per_snap,9815,1,0.24991152228222893,0.34669483652986044,0.01626720285335305,0.75,0.03532050604204172,0.20993974628259748
WR,prior_catch_rate,9815,1,0.13471479595904076,0.15156890696149408,-0.02088317293374798,1,0.015620195275694542,0.20339637945576267
WR,role_vs_prior_232,9815,1,0.20894798960981262,0.2221367741589084,-0.04774438275864336,0.75,0.038793971656997064,0.2021314204359245
WR,role_5_vs_prior_232,9815,1,0.21499727958463152,0.23702179508258178,-0.026064669383998058,0.75,0.03529453047690956,0.19490068000563354
WR,roll3_ypt,9815,1,0.16612209120752414,0.28623002823234434,-0.02924125684042009,0.75,0.030278175167400872,0.1929359629001648
WR,role_fppg_trend,9815,1,0.03404608193425712,0.04498452552892415,-0.060157611335798084,1,0.03799489191693711,0.19239685210444002
WR,direct_gap_vs_base_232,9815,1,-0.08633180973913605,-0.08452003900828356,0.10978308998123719,0.75,0.03917199667716531,0.19150172059331177
WR,roll3_fppg_sd,9815,1,0.3171381210919045,0.36305348072711363,-0.02398283236225558,0.5,0.015343443818528566,0.1879778984286643
WR,practice_risk,9815,1,0.06937228747659033,0.08131466368551454,-0.024854534856224193,1,0.03258048239447748,0.18668736031279665
WR,roll3_pass_attempt_share,9815,1,0.07513976321160835,0.07440504921518053,0.02087852244809578,1,0.021838497898460367,0.1840329481754003
WR,season_to_date_ypt,9815,1,0.1592918086598897,0.26704664341517037,-0.016666254567702758,0.75,0.02988845103943139,0.18370678242800997
WR,roll3_pass_attempts,9815,1,0.07539431904037618,0.07442581201361621,0.01789093313087136,1,0.017744787177492442,0.182327473495543
WR,matchup_abs_232,9815,1,0.1014988876841694,-0.059077310367649766,-0.010665230222667573,1,0.014932032581078492,0.1816516338855767
WR,calibrated_matchup_delta_23,9815,1,-0.1014988876841694,0.059077310367649766,0.010665230222667573,1,0.014932032581078492,0.1816516338855767
WR,roll3_catch_rate,9815,1,0.188576552963882,0.206990678248444,0.015628931913044646,0.75,0.020066571342340113,0.18032233741841613
WR,legacy_gap_vs_base_232,9815,1,0.009397482693103988,0.015307663652666953,0.03741439738888031,1,0.06604055832202664,0.17696900118027756
WR,season_to_date_catch_rate,9815,1,0.17102389625452663,0.18790612465630188,0.017286078854916107,0.75,0.024561050586867878,0.17606787682797007
WR,is_home,9815,1,0.025704772858446637,0.029396004112635987,0.03139813583005962,1,0.03268562968948403,0.17555210370051194
WR,injury_risk,9815,1,0.021027311888412177,0.03616584704272601,-0.027785555328081895,1,0.03407700199428161,0.17403601788210632
WR,team_skill_out_count,9815,1,-0.001125652542291896,0.0064874324107812706,0.024923750989918773,1,0.02603241710713731,0.1648000390030835
WR,prior_rush_td_rate,9815,1,0.035928842711912296,0.010389524013964542,-0.010161567089579378,1,0.010198013389849271,0.1633064410991156
WR,roll3_team_carries,9815,1,-0.009303829564596352,-0.015250535511637795,-0.010518580188792617,1,0.009991620503448855,0.15923727671832544
WR,wr_redzone_matchup,9815,1,0.08832200528348343,0.21622031474635528,0.005093855628323103,0.75,0.015514997908183635,0.1581881335441534
WR,te_redzone_matchup,9815,1,0.08832200528348343,0.21622031474635528,0.005093855628323103,0.75,0.015514997908183635,0.1581881335441534
WR,def_qb_hit_rate_roll4,9815,1,-0.006750581708337771,-0.010763919784651717,-0.009882776451940922,1,0.012146214934185402,0.15816864597845096
WR,roll3_ngs_yac_oe,9815,1,0.13571027008081948,0.12665918303020904,-9.720715904712807e-5,0.75,0.027104432564411658,0.15488113705618495
WR,season_pass_attempts_prior,9815,1,0.10649485343923619,0.10827112866958241,0.011182074906850411,0.75,0.020796780230723733,0.15177322079056746
WR,implied_team_total,9815,1,0.09569424279105626,0.07058746169860781,0.019152918876202088,0.75,0.011016345120058238,0.1479159071125198
WR,season_to_date_pass_ypa,9815,1,0.08480388188419176,0.06389863200023406,0.022857073823818023,0.75,0.020788639288475144,0.1477970817287482
WR,te_middle_matchup,9815,1,0.06088371965614714,0.10439401257868822,0.015538975383967145,0.75,0.022437917731320395,0.1452226817434663
WR,roll5_pass_attempts,9815,1,0.08306779040971275,0.08749313462382718,0.0080475130461674,0.75,0.011748912525214542,0.14274765055190433
WR,season_to_date_rush_td_rate,9815,1,0.050358372608948786,0.08454873157478789,-0.015248777169218332,0.75,0.016602645496926503,0.14023256913442622
WR,qb_pressure_matchup,9815,1,0.06541992814637572,0.07434996250893064,0.011617371590972647,0.75,0.01711377635767626,0.14013677741912461
WR,season_to_date_rush_ypc,9815,1,0.04780834273138637,0.09843066795223908,-0.008641962056241102,0.75,0.012310920988516348,0.13803715687007836
WR,opp_pos_residual_roll8,9815,1,0.023006769818021473,0.021194203724799122,0.025572187288037493,0.75,0.03261944026320987,0.1339539513201576
WR,matchup_role_interaction,9815,1,0.018690066076845816,0.010707687565343446,0.02748574939458617,0.75,0.03199259149582699,0.1327169807788199
WR,prior_pass_td_rate,9815,1,0.013897610302562684,-0.0884293233051111,-0.012850082117929356,0.75,0.011666329724911648,0.13256225857663398
WR,rb_receiving_matchup,9815,1,0.0194094178970071,0.0059852365166671966,0.025443223016966453,0.75,0.03683212891583614,0.13184458685267983
WR,opp_pos_residual_roll4,9815,1,0.020552012474520036,0.017405270836068982,0.02276488166927148,0.75,0.024776234223533276,0.13100981491926736
WR,def_wr_residual_roll4,9815,1,0.020552012474520036,0.017405270836068982,0.02276488166927148,0.75,0.024776234223533276,0.13100981491926736
WR,rest_days,9815,1,-0.014014987049308205,-0.014687097936871459,-0.02184290759303619,0.75,0.02751159806709958,0.12936561764487628
WR,underdog_target_interaction,9815,1,0.16310628964958296,0.13573092987989024,0.016123768426481413,0.5,0.0029531981093214,0.12819785932536054
WR,preseason_deep_target_rate,9815,1,0.14420854270949,0.1972655365230916,-0.002148844875891253,0.5,0.013665540260437084,0.12696293629067396
WR,season_week,9815,1,-0.01481896370978393,-0.019301111723490003,-0.01569249178711038,0.75,0.02214278539291409,0.126759446718071
WR,snap_trend,9815,1,0.0325947381583832,0.021354185791154997,0.006507696804459689,0.75,0.028212890567163924,0.12667930778217082
WR,roll3_team_pass_attempts,9815,1,0.027945699647405543,0.033767277709060815,-0.00844407426228383,0.75,0.011197994190832073,0.12650193209873123
WR,def_explosive_pass_rate_roll4,9815,1,-0.01193632024351121,-0.01151801066495276,-0.01570117639750178,0.75,0.016856092108915914,0.12478183751339372
WR,expected_team_pass_rate,9815,1,0.036398758699313076,0.02846763156969315,0.003110659372116059,0.75,0.0032826330570996506,0.1241959523774017
WR,def_deep_pass_rate_roll4,9815,1,-0.012728288494233067,-0.01385849817552677,-0.009871096267355533,0.75,0.025455618660752202,0.12344166689641037
WR,expected_team_plays,9815,1,0.012716761575798246,0.016390228190017713,-0.010891728352254205,0.75,0.01229139042758085,0.12288626126771827
WR,def_pass_success_allowed_roll4,9815,1,0.012698279989863235,0.020188182769853336,0.006579422284402159,0.75,0.009997657298223335,0.12116877808836107
WR,def_rush_epa_allowed_roll4,9815,1,-3.8681484911643003e-4,-0.005543381061437614,-0.009864527179350121,0.75,0.021272313879905733,0.11980110101891159
WR,model22_gap_vs_base_232,9815,1,0.031982108588073245,0.06030654752340999,0.007803629935472801,0.6666666666666666,0.02913883229069308,0.11941908194869445
WR,def_redzone_rush_td_rate_roll4,9815,1,0.004162339549976002,0.005542365908009355,-0.007373306684734631,0.75,0.016030285569824675,0.11883532159306984
WR,def_sack_rate_roll4,9815,1,-0.0037436957029773478,-0.006881790369311702,-0.006937863642378926,0.75,0.013417027626501977,0.11846342147257402
WR,def_rush_epa_allowed_roll8,9815,1,0.0031278107999648873,-0.007071909282693791,-0.0032209287115332608,0.75,0.015623328135785201,0.11692338579168542
WR,def_redzone_pass_td_rate_roll4,9815,1,0.005145573792805864,0.008262757842458493,-0.0010250536274197782,0.75,0.00903233002110583,0.11578224135824954
WR,def_pass_epa_allowed_roll4,9815,1,0.00539636864608029,0.007278759806690663,0.0016263594806727347,0.75,0.004977314720487844,0.11557439077144885
WR,xfp_gap_vs_base_232,9815,1,-0.00543234479514379,0.003222689776862723,0.06277611280496932,0.5,0.060543989261279046,0.1106681945247135
WR,season_carries_prior,9815,1,0.09577988176096816,0.13355228583324474,-2.802834313067728e-4,0.5,0.01811863919004885,0.11020464448005657
WR,roll5_carries,9815,1,0.08727654556703777,0.12214320867157356,4.2587846629553086e-4,0.5,0.028627189731995552,0.10842132752568816
WR,roll3_carry_share,9815,1,0.0839235212808293,0.11405288527585941,0.00390627980106401,0.5,0.024689544528982112,0.10801936042702942
WR,wr_deep_matchup,9815,1,0.06936575058869641,0.13150539367414882,0.006478147115936214,0.5,0.010003988135248604,0.10718204736255936
WR,team_skill_questionable_count,9815,1,0.011798841434512836,0.02066200032489253,-0.0010073360356548453,0.6666666666666666,0.018443535661067212,0.1069008862793508
WR,roll3_carries,9815,1,0.0844602192609737,0.11295462846356692,0.0014262960978761467,0.5,0.024568465336036543,0.10685607466025122
WR,favorite_rush_interaction,9815,1,0.07611632981606115,0.09937284576159168,-0.002626281434150048,0.5,0.024582212146191995,0.10426572871826872
WR,target_trend,9815,1,0.0372215855710383,0.034503588569709503,-0.027844140833222886,0.5,0.019744924366391012,0.10034467184274143
WR,prior_yards_per_carry,9815,1,0.04367925072336248,0.08589080922437348,-0.004198234877934076,0.5,0.012236951939916016,0.09628206312619199
WR,rb_rush_matchup,9815,1,-0.04976417674043076,-0.06909216781449162,-0.0056756581613488675,0.5,0.007648850767857837,0.09556754320040929
WR,underdog_points,9815,1,-0.05587202340548369,-0.04277441281975248,-0.004246108331102642,0.5,0.014291517191395629,0.0935297942194931
WR,prior_yards_per_attempt,9815,1,0.04417579429799892,-0.024598405204359217,0.005788263582094094,0.5,0.009525362624282514,0.0894607064725335
WR,qb_pass_matchup,9815,1,0.03614115913797413,0.038860875454051855,0.005238912778167296,0.5,0.008880797953782542,0.08941430424487509
WR,season_to_date_pass_td_rate,9815,1,0.03910698655230739,0.037986837920047936,6.947538948290109e-4,0.5,0.01920800169615027,0.08883111755210917
WR,preseason_redzone_target_rate,9815,1,0.11847990869645471,0.21677720194584796,-0.0012813262917329045,0.25,0.01093759265830932,0.08651000389597434
WR,def_deep_epa_allowed_roll4,9815,1,0.017102222100093423,0.009215192595523326,0.011389550302089222,0.5,0.01636953815946287,0.08594647454136606
WR,opp_pos_fppg_allowed_roll4,9815,1,0.014776233757574796,0.01297727146355331,0.00892980942890044,0.5,0.021506236785036353,0.0853860325734987
WR,carry_trend,9815,1,0.0020740403006424455,0.02061600936621951,0.0032216484274600063,0.5,0.007930978036626669,0.08009008797408165
WR,def_rush_success_allowed_roll4,9815,1,0.005655914463483821,0.009546010936443255,0.003439334169890418,0.5,0.013012856366725518,0.08001257192892351
WR,games_played_prior,9815,1,0.12089796573282166,0.14002508727560906,0.004420034026391814,0.25,0.01163073386714109,0.07921673300357142
WR,def_pass_epa_allowed_roll8,9815,1,-6.202997172077258e-4,0.004660003099716766,-0.004497421914763568,0.5,0.012713725777123841,0.0789660667604194
WR,season_to_date_interception_rate,9815,1,0.031203297014797928,0.031240354584118446,0.00875898415193042,0.3333333333333333,0.016331665121569982,0.06494014539328352
WR,wr_volume_matchup,9815,1,0.06904974565120675,0.08233096334613661,-0.0011399191628938656,0.25,0.006731793311177547,0.060994812773173604
WR,team_spread_line,9815,1,0.05885280702413714,0.04643165060441201,0.005215985639390243,0.25,0.007974178312583216,0.056809914705858056
WR,favorite_points,9815,1,0.04731944412820868,0.04078167824665368,0.0048892001438564274,0.25,0.009736684075378204,0.05408510980494921
TE,roll5_targets,4905,1,0.4947060072716266,0.5129011027619621,0.07628678395896957,1,0.08801908632129332,0.3437261750539939
TE,roll3_offense_pct,4905,1,0.42333827251508466,0.4774359503192161,0.0847937891083024,1,0.094385736490738,0.331088981838831
TE,roll3_offense_snaps,4905,1,0.4239656078503775,0.47122681834940133,0.08473804642111141,1,0.0925060801876103,0.33024375652325727
TE,roll5_offense_pct,4905,1,0.42153796599135573,0.479405595601986,0.08308468789967458,1,0.08833688998500853,0.3296273039040368
TE,season_targets_prior,4905,1,0.40983934467944694,0.44902592004353903,0.06189965797661179,1,0.06986654644400342,0.31249569318140075
TE,projected_opportunities_232,4905,1,0.5272519960187807,0.5693423991558426,0.04413064996174876,0.75,0.05899116150943888,0.3014843558158125
TE,projected_touch_opportunities_232,4905,1,0.5272519960187807,0.5693423991558426,0.04413064996174876,0.75,0.05899116150943888,0.3014843558158125
TE,roll3_ngs_cushion,4905,1,0.39808366363013353,0.4297783340517277,0.04927303206320157,1,0.047618150513155495,0.3001631390193876
TE,roll3_target_share,4905,1,0.48747791299444954,0.5097049213103636,0.06343802744087602,0.75,0.07819913242970775,0.2977776404876095
TE,roll3_targets,4905,1,0.4820496286837666,0.5048770672368461,0.058449456843070555,0.75,0.06987817526692901,0.2931442543375742
TE,projected_td_points_232,4905,1,0.35175086272869804,0.3859042950647788,-0.05009033565404777,1,0.04692900690689304,0.28685722243394984
TE,season_to_date_fppg,4905,1,0.4865499222334643,0.5246037726677122,0.0207355824097701,0.75,0.05530278418521171,0.27789272922506675
TE,roll5_fppg,4905,1,0.4891955986390294,0.5204866196068186,0.015790638595735842,0.75,0.066317784598253,0.27675116793574994
TE,preseason_prior_fppg,4905,1,0.47439670341768325,0.5027640621475095,0.03134881129513597,0.75,0.04257041220968719,0.276587100376664
TE,ngs_available,4905,1,0.44284678936886723,0.46434645779996975,0.04609845839838515,0.75,0.056336221796871117,0.27431192548135286
TE,roll3_ngs_air_yard_share,4905,1,0.41468527793477034,0.4529759756833876,0.03062793553365654,0.75,0.055007987239136705,0.26078383682432427
TE,roll3_ngs_separation,4905,1,0.37862730469740163,0.4212159191255031,0.045980429984354955,0.75,0.04859928784189338,0.2567499474177417
TE,games_played_prior,4905,1,0.21523874896517534,0.23911305497640267,0.05175180861419174,1,0.05971235210465349,0.2466960904977515
TE,expected_fppg_232,4905,1,0.5071824317412863,0.5495048249757751,0.009562193987280667,0.5,0.04279842423450686,0.24081624642825156
TE,direct_gap_vs_base_232,4905,1,-0.055597786438650626,-0.05723727884168336,0.13309545445756724,1,0.09284873778548763,0.23605390330441312
TE,roll3_fppg,4905,1,0.45757332407452006,0.49770429194821053,-0.022368021972927383,0.5,0.037106109068750025,0.2308639341618912
TE,role_fppg_trend,4905,1,0.012513519171256347,0.024436425233948185,-0.11340565559081345,1,0.07934915928191676,0.21415226542295765
TE,wr_volume_matchup,4905,1,0.12043333781278207,0.09521489368095365,0.051939079607830084,1,0.056577202104943276,0.21213409408203307
TE,roll3_rec_td_rate,4905,1,0.015688146791138474,0.18385487026149896,-0.06716201783976677,1,0.04086396880747452,0.2091957557624273
TE,prior_yards_per_target,4905,1,0.12329460561180802,0.1555925578423869,-0.029897524956418578,1,0.030143893269643594,0.20733241150856457
TE,season_to_date_rec_td_rate,4905,1,-0.0012569638963229536,0.19022879508744533,-0.0504491800025653,1,0.04197856985503501,0.19995369689848946
TE,prior_game_fppg,4905,1,0.3692776346551517,0.4137636583020934,-0.009714809908432384,0.5,0.04439384050682128,0.1999326617436552
TE,prior_rec_td_rate,4905,1,0.04214672659223965,0.14035095969822106,-0.043243357035030724,1,0.03268822883429378,0.1971568594995829
TE,role_vs_prior_232,4905,1,0.19257822880673295,0.19010073895808022,-0.05455376480343422,0.75,0.022175123642105405,0.19674287638593746
TE,legacy_gap_vs_base_232,4905,1,-0.043162236584797495,-0.04779618648497761,0.057110734941021805,1,0.06659466916078177,0.19586404260299886
TE,target_trend,4905,1,0.02349833848949612,0.04146096515730942,-0.06389065519462155,1,0.05879881624943122,0.19383569320950925
TE,model_disagreement_23,4905,1,0.3538330115078637,0.40374289895775306,-0.004054769928762955,0.5,0.04730750308903424,0.1936944867231926
TE,calibrated_matchup_delta_23,4905,1,-0.04426400494434548,0.029786290682359384,-0.04767518722804685,1,0.06032245989892956,0.18902795601437936
TE,opportunity_per_snap,4905,1,0.286299302623286,0.35431915727237884,0.02579198641031036,0.5,0.060855719620955845,0.1867441391916122
TE,roll3_fppg_sd,4905,1,0.31669456313641803,0.3493711245296106,-0.006515437427897506,0.5,0.07820078567453813,0.18468158171811622
TE,preseason_redzone_target_rate,4905,1,0.04035473037682045,0.14067569833439786,-0.018279926377501015,1,0.01642763253375781,0.18401366539120664
TE,matchup_abs_232,4905,1,0.24563973446124124,0.17135523742654185,0.03567402144332785,0.6666666666666666,0.02977388843328559,0.18380847918703455
TE,projection_spread_232,4905,1,0.29264163771778157,0.3328223558941985,-0.02592102622821747,0.5,0.039615437064581385,0.18324018300566047
TE,team_spread_line,4905,1,0.07149837522431089,0.0549548921736431,0.02287258379254475,1,0.02431180734535228,0.18218813804239348
TE,roll3_team_carries,4905,1,0.04933621083091707,0.02963822483340378,0.0338309910599364,1,0.035604453419115445,0.18122149624845646
TE,wr_redzone_matchup,4905,1,0.03442358011923171,0.14837997804309452,-0.012985840967681983,1,0.012986902301701546,0.1811441604522601
TE,te_redzone_matchup,4905,1,0.03442358011923171,0.14837997804309452,-0.012985840967681983,1,0.012986902301701546,0.1811441604522601
TE,carry_trend,4905,1,-0.017783307285337967,0.018421231336489787,-0.04652505694188105,1,0.04505665077955402,0.1808534837735415
TE,season_to_date_ypt,4905,1,0.16132708463845985,0.23799893780714962,0.01809401736406225,0.75,0.02363445548465792,0.18060450113407453
TE,favorite_points,4905,1,0.07356536127609825,0.05331671131378865,0.018616318249965617,1,0.018055170846166067,0.17982263068445345
TE,expected_team_plays,4905,1,0.051665388039190324,0.035827811214503416,0.02786512097007147,1,0.029362998476913964,0.1790747114770182
TE,def_pass_epa_allowed_roll4,4905,1,0.03788191487189569,0.017466110600831704,0.031133211496344324,1,0.027142251357260668,0.17563884825812204
TE,def_pass_epa_allowed_roll8,4905,1,0.036799810660547085,0.02028885127247138,0.02923463867658316,1,0.03037235889522153,0.1752514513655796
TE,season_to_date_pass_td_rate,4905,1,0.013324895013186488,0.033872088607894105,-0.02744332119794021,1,0.02758963220478986,0.17157158949487294
TE,team_skill_questionable_count,4905,1,0.009005640769991483,0.0027260430600448125,0.03289018035210222,1,0.03388526434413887,0.17013724809866373
TE,season_to_date_catch_rate,4905,1,0.1454808988015719,0.11609397412785206,0.026870737116195982,0.75,0.031961543321023266,0.1679058247140157
TE,injury_risk,4905,1,0.010600017235767971,0.011516711163269095,-0.02545122986119132,1,0.02200059497894441,0.16694312137746106
TE,rest_days,4905,1,-0.014796940198173925,-1.7966956486132536e-4,-0.023477766395003274,1,0.026435641732905767,0.1658935686344967
TE,expected_team_pass_rate,4905,1,-0.011460252247402406,-0.008300386970467132,-0.019303554525834463,1,0.020310955312038873,0.16377658690881788
TE,underdog_target_interaction,4905,1,0.15642032315060161,0.10424448835483786,0.00844117665028215,0.75,0.041483422696402684,0.16111186853195608
TE,roll3_catch_rate,4905,1,0.13271685670010597,0.09884288014436765,0.015671824325769145,0.75,0.031927240332311,0.15849522480317038
TE,preseason_middle_target_rate,4905,1,0.0966641796945111,0.14159340452080657,-0.014194537592098821,0.75,0.014565964885833397,0.1547348992925366
TE,implied_team_total,4905,1,0.09095307876114637,0.06393422396674257,0.029766556575474737,0.75,0.033463048164043954,0.15328491632838345
TE,roll3_carry_share,4905,1,0.08044784934774257,0.14427739822677998,0.008131771159579896,0.75,0.0332241928026539,0.15127561697188358
TE,favorite_rush_interaction,4905,1,0.07854783652247023,0.10942092926489189,0.017152452312854307,0.75,0.03608551316634672,0.15109627694325078
TE,role_5_vs_prior_232,4905,1,0.21049706351781927,0.21172311832557839,-0.00811692039058321,0.5,0.03299700361060682,0.1452485601691
TE,prior_catch_rate,4905,1,0.04855449612339377,0.05622284339246745,-0.027019567582340892,0.75,0.02493505134151027,0.1426388610555114
TE,prior_rush_td_rate,4905,1,0.06571815812919066,-0.07311943433068077,0.009366345196334804,0.75,0.031398398002852684,0.14045829572157192
TE,underdog_points,4905,1,-0.051782761279675536,-0.04000166380006722,-0.021445800377320433,0.75,0.02309775355878455,0.1385814822120223
TE,def_sack_rate_roll4,4905,1,-0.03485814816419251,-0.027658351083269195,-0.02843196375674916,0.75,0.02915804318548936,0.137803656808633
TE,opp_pos_residual_roll8,4905,1,0.03796478336479186,0.03176380518729153,0.02529906437105371,0.75,0.010318278621807543,0.13556172445729242
TE,opp_pos_residual_roll4,4905,1,0.03605285691118467,0.035185201646740445,0.01831911756397102,0.75,0.02103035247127576,0.1335583765925366
TE,def_te_residual_roll4,4905,1,0.03605285691118467,0.035185201646740445,0.01831911756397102,0.75,0.02103035247127576,0.1335583765925366
TE,te_middle_matchup,4905,1,0.024630821427379844,0.05726575938592847,-0.016003354709267965,0.75,0.016099625052783645,0.13261691110768872
TE,season_week,4905,1,0.028048256709979687,0.0258169174386222,0.016883129659002714,0.75,0.028311526959924956,0.1310752773429747
TE,def_qb_hit_rate_roll4,4905,1,-0.022943280251868862,-0.015767432695336522,-0.02247465284228062,0.75,0.0213625476917937,0.1307717309169824
TE,rb_receiving_matchup,4905,1,0.0360086202957328,0.008857717945430955,0.015102968948671358,0.75,0.03451581860488537,0.13029239569407425
TE,prior_yards_per_carry,4905,1,0.04486522171428324,0.038383555838632566,0.006347156057918203,0.75,0.018896037694057233,0.1299275906046758
TE,def_explosive_pass_rate_roll4,4905,1,0.029269043463287327,0.018773031590965168,0.017175577644077174,0.75,0.010403921265278258,0.12879059368067008
TE,roll3_ngs_yac_oe,4905,1,0.13424783775793864,0.16499569107406703,-0.009990423122564075,0.5,0.03329988288932867,0.1267897724194037
TE,is_home,4905,1,0.011998883604395025,0.013940245120789499,0.013713012838395907,0.75,0.01824863918265205,0.1243283481588292
TE,season_carries_prior,4905,1,0.07953362602840035,0.20022604952105613,0.010512209407992457,0.5,0.03744188070350321,0.12181786093158573
TE,def_middle_epa_allowed_roll4,4905,1,-0.004609909925139839,-0.007571449211003697,-0.01185584233430836,0.75,0.013330347191640689,0.12090652146144844
TE,roll5_carries,4905,1,0.0865116171604348,0.1640428228242772,0.01401817050907195,0.5,0.030939672311162923,0.1196593737879902
TE,opp_pos_fppg_allowed_roll4,4905,1,0.01722871416896791,0.00865131313019793,0.002693935563176847,0.75,0.017138094149634617,0.11956540654443101
TE,xfp_gap_vs_base_232,4905,1,-0.02923685056633738,-0.03705761435483395,0.07005178429767497,0.5,0.01253751913103909,0.11748660167157844
TE,practice_risk,4905,1,0.04179219327830112,0.05271469412950834,0.001963697599644295,0.6666666666666666,0.025662606560062657,0.11729828266148139
TE,def_rush_epa_allowed_roll4,4905,1,0.0071131642303891955,-2.6083055882359475e-4,0.0014265267273927574,0.75,0.017674661558556855,0.1162210724117113
TE,prior_yards_per_attempt,4905,1,-0.06705031235262633,-0.12747620869086554,-0.016055187382894884,0.5,0.02538279545474035,0.11212931513415333
TE,roll3_carries,4905,1,0.07869730130189526,0.14406766164201482,0.0029462843442647243,0.5,0.03239684640561148,0.1110191462268632
TE,season_to_date_rush_ypc,4905,1,0.08241572360167461,0.10930904830601075,-0.00364199146864108,0.5,0.06041842783728249,0.11063265498963946
TE,wr_deep_matchup,4905,1,0.055564575871169926,0.13284185588974623,-0.004400829209929439,0.5,0.02159763686983898,0.10508278319503228
TE,prior_pass_td_rate,4905,1,-0.05027653725468101,-0.1288313768764882,-0.0016556702074005142,0.5,0.04013439729757308,0.1042680332541087
TE,snap_trend,4905,1,0.0512181914434684,0.05147713874148759,0.018995329320281293,0.5,0.045692819987158656,0.10351371130164527
TE,def_pass_success_allowed_roll4,4905,1,0.036230479174996326,0.022324591085638813,0.03368930419652881,0.5,0.03686075531829445,0.10304669960204339
TE,season_to_date_rush_td_rate,4905,1,0.03653878229700938,0.06561360498196571,0.012243446193562322,0.5,0.045518622668728415,0.09951202646527346
TE,rb_rush_matchup,4905,1,-0.06314883371584724,-0.07390734824831852,3.6947047696525483e-4,0.5,0.031007696086840425,0.09850270318196912
TE,matchup_role_interaction,4905,1,0.04474901754558698,0.022300106223852346,0.019521930420414762,0.5,0.023769133043194515,0.09689261789857403
TE,season_to_date_pass_ypa,4905,1,0.03416524251344757,0.04389285982838516,-0.011265603553693791,0.5,0.042409221125764104,0.0957273305435654
TE,roll3_ypt,4905,1,0.14782702263630795,0.22022197196554003,-0.006550401633471626,0.25,0.019680540147969633,0.09545123546025944
TE,roll3_pass_attempts,4905,1,0.04314090803799695,0.04271040092839166,-0.0069437190122546705,0.5,0.04014379069410024,0.09502966418317108
TE,qb_pass_matchup,4905,1,1.3873538155016765e-4,0.01344028541390918,-0.027645452969989066,0.5,0.05884689184751206,0.09496294963959442
TE,roll3_pass_attempt_share,4905,1,0.043091912719221935,0.042717762818103834,-0.007683459196828172,0.5,0.03541979965100617,0.09488221243130569
TE,season_pass_attempts_prior,4905,1,0.04529624208752396,0.057487371671614274,0.0012759064485974114,0.5,0.02951022365760795,0.09357698844397765
TE,roll3_team_pass_attempts,4905,1,0.03998291911187351,0.020944082171256147,0.015508469069872787,0.5,0.01736624907907653,0.09342565129003838
TE,qb_pressure_matchup,4905,1,0.04801539316376553,0.04277667963529856,0.00254194092165106,0.5,0.033774213626425145,0.09329726710309912
TE,roll5_pass_attempts,4905,1,0.043980665855416136,0.05141726462367258,-0.001627049070146065,0.5,0.02611423770456781,0.09243018746083813
TE,def_rush_epa_allowed_roll8,4905,1,0.013456332614329809,0.013610363887624193,0.008209606149828639,0.5,0.010869580671152158,0.08383666437163237
TE,def_redzone_rush_td_rate_roll4,4905,1,0.005577737223412862,0.012492430992819123,0.007347595345241958,0.5,0.01807673538948848,0.08261717586366034
TE,season_to_date_interception_rate,4905,1,0.007918050041051077,0.013775392564131204,-0.006007286801702045,0.5,0.012636433891796276,0.08204521856503048
TE,def_middle_pass_rate_roll4,4905,1,0.016133395184973198,-0.003242226013522305,0.003223139354663089,0.5,0.018793268557282708,0.08162281782024451
TE,def_redzone_pass_td_rate_roll4,4905,1,0.003671242186596771,0.01961026294773022,0.0019086464341465546,0.5,0.026876998196929076,0.08156064586237391
TE,team_skill_out_count,4905,1,0.008288083163401712,0.006032493244542119,0.023226063717826734,0.3333333333333333,0.006317230342995159,0.06329920586607891
TE,def_rush_success_allowed_roll4,4905,1,0.022393032743347127,0.010130411887083957,0.009567501050779224,0.25,0.004762484125851937,0.0475280192056884
