season,player_id,rec_context_targets,rec_avg_depth_target,rec_deep_targets,rec_short_targets,rec_left_targets,rec_middle_targets,rec_right_targets,rec_redzone_targets,rec_deep_target_rate,rec_short_target_rate,rec_left_target_rate,rec_middle_target_rate,rec_right_target_rate,rec_redzone_target_rate,rec_route_in_break,rec_route_other,rec_route_screen,rec_route_vertical,rec_route_out_break,rec_route_hitch
2019,00-0022127,85,6.578313253012048,5,24,19,25,39,12,0.058823529411764705,0.2823529411764706,0.2235294117647059,0.29411764705882354,0.4588235294117647,0.1411764705882353,0.03614457831325301,0.8795180722891566,0.012048192771084338,0.07228915662650602,0,0
2019,00-0022921,109,7.81651376146789,20,53,42,31,36,14,0.1834862385321101,0.48623853211009177,0.3853211009174312,0.28440366972477066,0.3302752293577982,0.12844036697247707,0.09174311926605505,0.5229357798165137,0.1743119266055046,0.21100917431192662,0,0
2019,00-0022943,24,8.916666666666666,5,9,7,6,11,3,0.20833333333333334,0.375,0.2916666666666667,0.25,0.4583333333333333,0.125,0.09090909090909091,0.5454545454545454,0.045454545454545456,0.3181818181818182,0,0
2019,00-0023500,16,0.875,0,15,6,4,6,0,0,0.9375,0.375,0.25,0.375,0,0,0.875,0.125,0,0,0
2019,00-0023564,10,1.5,0,9,4,2,4,2,0,0.9,0.4,0.2,0.4,0.2,0,0.9,0.1,0,0,0
2019,00-0024221,19,6.894736842105263,4,10,4,10,5,3,0.21052631578947367,0.5263157894736842,0.21052631578947367,0.5263157894736842,0.2631578947368421,0.15789473684210525,0.10526315789473684,0.7894736842105263,0.05263157894736842,0.05263157894736842,0,0
2019,00-0024243,19,5.7368421052631575,4,9,10,2,7,2,0.21052631578947367,0.47368421052631576,0.5263157894736842,0.10526315789473684,0.3684210526315789,0.10526315789473684,0,0.8947368421052632,0.05263157894736842,0.05263157894736842,0,0
2019,00-0024389,31,7.548387096774194,3,10,8,13,10,5,0.0967741935483871,0.3225806451612903,0.25806451612903225,0.41935483870967744,0.3225806451612903,0.16129032258064516,0.0967741935483871,0.6774193548387096,0.03225806451612903,0.1935483870967742,0,0
2019,00-0025394,23,-1.8695652173913044,0,21,7,1,15,2,0,0.9130434782608695,0.30434782608695654,0.043478260869565216,0.6521739130434783,0.08695652173913043,0,0.6956521739130435,0.30434782608695654,0,0,0
2019,00-0025396,56,15.910714285714286,22,8,20,7,29,6,0.39285714285714285,0.14285714285714285,0.35714285714285715,0.125,0.5178571428571429,0.10714285714285714,0,0.6785714285714286,0,0.32142857142857145,0,0
2019,00-0025418,83,9,15,26,24,20,38,15,0.18072289156626506,0.3132530120481928,0.2891566265060241,0.24096385542168675,0.4578313253012048,0.18072289156626506,0.024390243902439025,0.7560975609756098,0,0.21951219512195122,0,0
2019,00-0026035,97,8.814432989690722,17,26,35,26,36,9,0.17525773195876287,0.26804123711340205,0.36082474226804123,0.26804123711340205,0.3711340206185567,0.09278350515463918,0.020618556701030927,0.7938144329896907,0.05154639175257732,0.13402061855670103,0,0
2019,00-0026189,10,14.7,3,3,0,1,9,0,0.3,0.3,0,0.1,0.9,0,0,0.5,0.2,0.3,0,0
2019,00-0026986,5,5.2,0,2,0,2,3,1,0,0.4,0,0.4,0.6,0.2,0.4,0.4,0.2,0,0,0
2019,00-0027029,34,-0.7058823529411765,2,31,25,1,8,5,0.058823529411764705,0.9117647058823529,0.7352941176470589,0.029411764705882353,0.23529411764705882,0.14705882352941177,0,0.7058823529411765,0.20588235294117646,0.08823529411764706,0,0
2019,00-0027061,65,10.338461538461539,18,13,16,17,32,10,0.27692307692307694,0.2,0.24615384615384617,0.26153846153846155,0.49230769230769234,0.15384615384615385,0.06153846153846154,0.6,0,0.3384615384615385,0,0
2019,00-0027150,154,9.483660130718954,30,49,46,48,59,23,0.19480519480519481,0.3181818181818182,0.2987012987012987,0.3116883116883117,0.38311688311688313,0.14935064935064934,0.06535947712418301,0.738562091503268,0.058823529411764705,0.13725490196078433,0,0
2019,00-0027685,98,10.597938144329897,25,26,28,28,41,15,0.25510204081632654,0.2653061224489796,0.2857142857142857,0.2857142857142857,0.41836734693877553,0.15306122448979592,0.18556701030927836,0.6391752577319587,0.010309278350515464,0.16494845360824742,0,0
2019,00-0027691,7,15.571428571428571,3,1,1,2,4,0,0.42857142857142855,0.14285714285714285,0.14285714285714285,0.2857142857142857,0.5714285714285714,0,0,0.7142857142857143,0,0.2857142857142857,0,0
2019,00-0027696,60,8.883333333333333,15,27,18,14,28,10,0.25,0.45,0.3,0.23333333333333334,0.4666666666666667,0.16666666666666666,0.016666666666666666,0.7333333333333333,0.03333333333333333,0.21666666666666667,0,0
2019,00-0027793,8,11.5,2,1,5,2,1,5,0.25,0.125,0.625,0.25,0.125,0.625,0,0.5,0,0.5,0,0
2019,00-0027874,58,10.172413793103448,18,16,27,7,24,6,0.3103448275862069,0.27586206896551724,0.46551724137931033,0.1206896551724138,0.41379310344827586,0.10344827586206896,0.03508771929824561,0.6842105263157895,0.12280701754385964,0.15789473684210525,0,0
2019,00-0027891,85,9.611764705882353,23,26,24,36,25,9,0.27058823529411763,0.3058823529411765,0.2823529411764706,0.4235294117647059,0.29411764705882354,0.10588235294117647,0.07058823529411765,0.611764705882353,0.08235294117647059,0.23529411764705882,0,0
2019,00-0027944,158,12.452229299363058,55,38,65,38,54,18,0.34810126582278483,0.24050632911392406,0.41139240506329117,0.24050632911392406,0.34177215189873417,0.11392405063291139,0.10191082802547771,0.6050955414012739,0.05732484076433121,0.2356687898089172,0,0
2019,00-0027966,29,1.4827586206896552,2,24,9,4,16,6,0.06896551724137931,0.8275862068965517,0.3103448275862069,0.13793103448275862,0.5517241379310345,0.20689655172413793,0,0.8620689655172413,0.10344827586206896,0.034482758620689655,0,0
2019,00-0027973,1,-8,0,1,0,0,1,0,0,1,0,0,1,0,NA,NA,NA,NA,0,0
2019,00-0027981,49,6.416666666666667,6,25,22,14,12,12,0.12244897959183673,0.5102040816326531,0.4489795918367347,0.2857142857142857,0.24489795918367346,0.24489795918367346,0.020833333333333332,0.7708333333333334,0.10416666666666667,0.10416666666666667,0,0
2019,00-0027985,7,10.571428571428571,2,2,2,3,2,1,0.2857142857142857,0.2857142857142857,0.2857142857142857,0.42857142857142855,0.2857142857142857,0.14285714285714285,0,0.8571428571428571,0,0.14285714285714285,0,0
2019,00-0028002,83,9.927710843373495,25,24,25,24,34,8,0.30120481927710846,0.2891566265060241,0.30120481927710846,0.2891566265060241,0.40963855421686746,0.0963855421686747,0.04819277108433735,0.6506024096385542,0.0963855421686747,0.20481927710843373,0,0
2019,00-0028042,14,4.285714285714286,1,10,1,4,9,2,0.07142857142857142,0.7142857142857143,0.07142857142857142,0.2857142857142857,0.6428571428571429,0.14285714285714285,0,0.9285714285714286,0,0.07142857142857142,0,0
2019,00-0028063,1,-3,0,1,0,0,1,0,0,1,0,0,1,0,0,1,0,0,0,0
2019,00-0028064,12,1.75,1,9,5,3,4,2,0.08333333333333333,0.75,0.4166666666666667,0.25,0.3333333333333333,0.16666666666666666,0,0.75,0.16666666666666666,0.08333333333333333,0,0
2019,00-0028074,4,3.3333333333333335,0,2,0,1,2,2,0,0.5,0,0.25,0.5,0.5,0,0.6666666666666666,0.3333333333333333,0,0,0
2019,00-0028087,32,-0.71875,0,30,11,8,13,5,0,0.9375,0.34375,0.25,0.40625,0.15625,0,0.71875,0.28125,0,0,0
2019,00-0028097,5,6.4,0,1,2,2,1,1,0,0.2,0.4,0.4,0.2,0.2,0.2,0.8,0,0,0,0
2019,00-0028112,24,6.333333333333333,5,14,13,5,6,5,0.20833333333333334,0.5833333333333334,0.5416666666666666,0.20833333333333334,0.25,0.20833333333333334,0.08333333333333333,0.75,0.041666666666666664,0.125,0,0
2019,00-0028114,1,0,0,1,0,1,0,0,0,1,0,1,0,0,0,0,1,0,0,0
2019,00-0028118,1,-4,0,1,0,0,1,0,0,1,0,0,1,0,0,0,1,0,0,0
2019,00-0028142,13,4.846153846153846,1,9,3,4,6,3,0.07692307692307693,0.6923076923076923,0.23076923076923078,0.3076923076923077,0.46153846153846156,0.23076923076923078,0,0.7692307692307693,0.07692307692307693,0.15384615384615385,0,0
2019,00-0028237,15,8.133333333333333,3,7,4,5,6,1,0.2,0.4666666666666667,0.26666666666666666,0.3333333333333333,0.4,0.06666666666666667,0.2,0.6666666666666666,0,0.13333333333333333,0,0
2019,00-0028292,2,1,0,2,0,0,2,1,0,1,0,0,1,0.5,0,1,0,0,0,0
2019,00-0028411,21,13.619047619047619,8,5,7,7,7,1,0.38095238095238093,0.23809523809523808,0.3333333333333333,0.3333333333333333,0.3333333333333333,0.047619047619047616,0.14285714285714285,0.6190476190476191,0.047619047619047616,0.19047619047619047,0,0
2019,00-0028581,7,4.571428571428571,1,4,3,0,4,0,0.14285714285714285,0.5714285714285714,0.42857142857142855,0,0.5714285714285714,0,0,0.5714285714285714,0.2857142857142857,0.14285714285714285,0,0
2019,00-0029000,108,7.962264150943396,16,35,35,36,35,11,0.14814814814814814,0.32407407407407407,0.32407407407407407,0.3333333333333333,0.32407407407407407,0.10185185185185185,0.09433962264150944,0.7924528301886793,0.02830188679245283,0.08490566037735849,0,0
2019,00-0029119,19,8.68421052631579,5,9,7,4,8,4,0.2631578947368421,0.47368421052631576,0.3684210526315789,0.21052631578947367,0.42105263157894735,0.21052631578947367,0,0.6842105263157895,0,0.3157894736842105,0,0
2019,00-0029137,74,11,18,18,28,13,32,11,0.24324324324324326,0.24324324324324326,0.3783783783783784,0.17567567567567569,0.43243243243243246,0.14864864864864866,0.1643835616438356,0.4657534246575342,0.1095890410958904,0.2602739726027397,0,0
2019,00-0029239,11,6,2,6,8,0,3,0,0.18181818181818182,0.5454545454545454,0.7272727272727273,0,0.2727272727272727,0,0,0.6363636363636364,0.18181818181818182,0.18181818181818182,0,0
2019,00-0029269,16,12.9375,6,5,9,3,4,2,0.375,0.3125,0.5625,0.1875,0.25,0.125,0,0.6875,0.0625,0.25,0,0
2019,00-0029293,91,13.032967032967033,34,18,23,26,42,15,0.37362637362637363,0.1978021978021978,0.25274725274725274,0.2857142857142857,0.46153846153846156,0.16483516483516483,0.16483516483516483,0.5164835164835165,0.02197802197802198,0.2967032967032967,0,0
2019,00-0029319,3,7.666666666666667,0,1,0,1,2,0,0,0.3333333333333333,0,0.3333333333333333,0.6666666666666666,0,0,0.3333333333333333,0.3333333333333333,0.3333333333333333,0,0
2019,00-0029419,1,1,0,1,0,0,1,1,0,1,0,0,1,1,NA,NA,NA,NA,0,0
2019,00-0029492,2,17.5,1,1,1,0,1,0,0.5,0.5,0.5,0,0.5,0,0,0,0,1,0,0
2019,00-0029572,58,10.655172413793103,17,20,16,8,34,3,0.29310344827586204,0.3448275862068966,0.27586206896551724,0.13793103448275862,0.5862068965517241,0.05172413793103448,0.10344827586206896,0.6551724137931034,0.05172413793103448,0.1896551724137931,0,0
2019,00-0029587,28,5.214285714285714,3,18,4,4,20,2,0.10714285714285714,0.6428571428571429,0.14285714285714285,0.14285714285714285,0.7142857142857143,0.07142857142857142,0,0.8571428571428571,0.03571428571428571,0.10714285714285714,0,0
2019,00-0029604,1,12,0,0,0,0,1,0,0,0,0,0,1,0,0,1,0,0,0,0
2019,00-0029608,68,10.25,17,22,27,5,36,8,0.25,0.3235294117647059,0.39705882352941174,0.07352941176470588,0.5294117647058824,0.11764705882352941,0.04411764705882353,0.5882352941176471,0.14705882352941177,0.22058823529411764,0,0
2019,00-0029632,89,7.53932584269663,14,38,36,29,24,11,0.15730337078651685,0.42696629213483145,0.4044943820224719,0.3258426966292135,0.2696629213483146,0.12359550561797752,0.02247191011235955,0.797752808988764,0.06741573033707865,0.11235955056179775,0,0
2019,00-0029664,47,11.02127659574468,12,12,20,11,16,5,0.2553191489361702,0.2553191489361702,0.425531914893617,0.23404255319148937,0.3404255319148936,0.10638297872340426,0.19148936170212766,0.40425531914893614,0.10638297872340426,0.2978723404255319,0,0
2019,00-0029738,48,5.375,5,27,16,8,24,12,0.10416666666666667,0.5625,0.3333333333333333,0.16666666666666666,0.5,0.25,0.020833333333333332,0.7916666666666666,0,0.1875,0,0
2019,00-0029764,1,2,0,1,0,0,1,0,0,1,0,0,1,0,NA,NA,NA,NA,0,0
2019,00-0029892,24,5.583333333333333,4,16,9,2,13,7,0.16666666666666666,0.6666666666666666,0.375,0.08333333333333333,0.5416666666666666,0.2916666666666667,0.041666666666666664,0.625,0.125,0.20833333333333334,0,0
2019,00-0029931,10,3.1,1,7,2,2,6,0,0.1,0.7,0.2,0.2,0.6,0,0.1,0.7,0.1,0.1,0,0
2019,00-0030035,48,12.208333333333334,18,11,19,8,21,6,0.375,0.22916666666666666,0.3958333333333333,0.16666666666666666,0.4375,0.125,0.08333333333333333,0.5,0.08333333333333333,0.3333333333333333,0,0
2019,00-0030061,136,8.733333333333333,23,34,49,39,47,20,0.16911764705882354,0.25,0.3602941176470588,0.2867647058823529,0.34558823529411764,0.14705882352941177,0.1111111111111111,0.7185185185185186,0.014814814814814815,0.15555555555555556,0,0
2019,00-0030068,21,13.380952380952381,11,1,9,3,9,0,0.5238095238095238,0.047619047619047616,0.42857142857142855,0.14285714285714285,0.42857142857142855,0,0.09523809523809523,0.8095238095238095,0,0.09523809523809523,0,0
2019,00-0030085,55,10.472727272727273,14,20,10,25,20,4,0.2545454545454545,0.36363636363636365,0.18181818181818182,0.45454545454545453,0.36363636363636365,0.07272727272727272,0.07272727272727272,0.6909090909090909,0.05454545454545454,0.18181818181818182,0,0
2019,00-0030089,10,7.2,2,4,6,2,2,1,0.2,0.4,0.6,0.2,0.2,0.1,0,0.9,0,0.1,0,0
2019,00-0030097,1,1,0,1,0,1,0,1,0,1,0,1,0,1,NA,NA,NA,NA,0,0
2019,00-0030108,43,5.439024390243903,6,24,15,14,12,8,0.13953488372093023,0.5581395348837209,0.3488372093023256,0.32558139534883723,0.27906976744186046,0.18604651162790697,0.024390243902439025,0.7560975609756098,0.07317073170731707,0.14634146341463414,0,0
2019,00-0030147,8,9,1,3,5,1,2,3,0.125,0.375,0.625,0.125,0.25,0.375,0.125,0.625,0.125,0.125,0,0
2019,00-0030155,28,6.296296296296297,3,11,7,7,13,8,0.10714285714285714,0.39285714285714285,0.25,0.25,0.4642857142857143,0.2857142857142857,0.037037037037037035,0.5925925925925926,0.07407407407407407,0.2962962962962963,0,0
2019,00-0030181,73,6.819444444444445,9,24,31,22,19,15,0.1232876712328767,0.3287671232876712,0.4246575342465753,0.3013698630136986,0.2602739726027397,0.2054794520547945,0.041666666666666664,0.8055555555555556,0.041666666666666664,0.1111111111111111,0,0
2019,00-0030197,1,30,1,0,0,0,1,0,1,0,0,0,1,0,NA,NA,NA,NA,0,0
2019,00-0030216,35,4.942857142857143,4,21,12,6,17,12,0.11428571428571428,0.6,0.34285714285714286,0.17142857142857143,0.4857142857142857,0.34285714285714286,0,0.6857142857142857,0.08571428571428572,0.22857142857142856,0,0
2019,00-0030279,149,10.10738255033557,44,37,48,43,58,20,0.2953020134228188,0.24832214765100671,0.3221476510067114,0.28859060402684567,0.38926174496644295,0.1342281879194631,0.06040268456375839,0.6912751677852349,0.040268456375838924,0.2080536912751678,0,0
2019,00-0030288,38,3.236842105263158,2,27,15,7,16,4,0.05263157894736842,0.7105263157894737,0.39473684210526316,0.18421052631578946,0.42105263157894735,0.10526315789473684,0.07894736842105263,0.5789473684210527,0.23684210526315788,0.10526315789473684,0,0
2019,00-0030300,28,9.142857142857142,5,5,13,7,8,6,0.17857142857142858,0.17857142857142858,0.4642857142857143,0.25,0.2857142857142857,0.21428571428571427,0.03571428571428571,0.8214285714285714,0.03571428571428571,0.10714285714285714,0,0
2019,00-0030404,59,1.7413793103448276,3,40,18,15,25,7,0.05084745762711865,0.6779661016949152,0.3050847457627119,0.2542372881355932,0.423728813559322,0.11864406779661017,0,0.6206896551724138,0.3103448275862069,0.06896551724137931,0,0
2019,00-0030414,7,0.2857142857142857,1,6,3,0,4,2,0.14285714285714285,0.8571428571428571,0.42857142857142855,0,0.5714285714285714,0.2857142857142857,0,0.5714285714285714,0.42857142857142855,0,0,0
2019,00-0030431,139,8.410071942446043,33,51,58,20,61,10,0.23741007194244604,0.3669064748201439,0.4172661870503597,0.14388489208633093,0.43884892086330934,0.07194244604316546,0.02158273381294964,0.7266187050359713,0.11510791366906475,0.1366906474820144,0,0
2019,00-0030443,2,-1.5,0,2,0,2,0,1,0,1,0,1,0,0.5,0,0.5,0.5,0,0,0
2019,00-0030456,43,0.13953488372093023,1,37,14,10,19,7,0.023255813953488372,0.8604651162790697,0.32558139534883723,0.23255813953488372,0.4418604651162791,0.16279069767441862,0.023255813953488372,0.7674418604651163,0.18604651162790697,0.023255813953488372,0,0
2019,00-0030465,8,-0.375,0,8,5,1,2,0,0,1,0.625,0.125,0.25,0,0,0.625,0.375,0,0,0
2019,00-0030470,55,5.054545454545455,6,33,18,19,18,9,0.10909090909090909,0.6,0.32727272727272727,0.34545454545454546,0.32727272727272727,0.16363636363636364,0.03636363636363636,0.7090909090909091,0.14545454545454545,0.10909090909090909,0,0
2019,00-0030496,79,0.5512820512820513,3,65,30,8,40,11,0.0379746835443038,0.8227848101265823,0.379746835443038,0.10126582278481013,0.5063291139240507,0.13924050632911392,0.01282051282051282,0.782051282051282,0.16666666666666666,0.038461538461538464,0,0
2019,00-0030506,136,9,29,34,50,40,46,19,0.21323529411764705,0.25,0.36764705882352944,0.29411764705882354,0.3382352941176471,0.13970588235294118,0.08823529411764706,0.6985294117647058,0.03676470588235294,0.17647058823529413,0,0
2019,00-0030513,43,-1.1627906976744187,0,41,25,7,11,8,0,0.9534883720930233,0.5813953488372093,0.16279069767441862,0.2558139534883721,0.18604651162790697,0,0.813953488372093,0.18604651162790697,0,0,0
2019,00-0030525,24,12.458333333333334,7,7,9,4,11,1,0.2916666666666667,0.2916666666666667,0.375,0.16666666666666666,0.4583333333333333,0.041666666666666664,0.08333333333333333,0.625,0.08333333333333333,0.20833333333333334,0,0
2019,00-0030549,64,8.26984126984127,10,16,19,19,25,10,0.15625,0.25,0.296875,0.296875,0.390625,0.15625,0.09523809523809523,0.5714285714285714,0.015873015873015872,0.31746031746031744,0,0
2019,00-0030564,151,10.113333333333333,37,51,56,52,42,14,0.24503311258278146,0.33774834437086093,0.3708609271523179,0.3443708609271523,0.2781456953642384,0.09271523178807947,0.23333333333333334,0.4666666666666667,0.06,0.24,0,0
2019,00-0030578,17,4.9411764705882355,3,9,9,2,6,5,0.17647058823529413,0.5294117647058824,0.5294117647058824,0.11764705882352941,0.35294117647058826,0.29411764705882354,0.058823529411764705,0.35294117647058826,0.29411764705882354,0.29411764705882354,0,0
2019,00-0030663,46,8.891304347826088,7,17,13,19,14,7,0.15217391304347827,0.3695652173913043,0.2826086956521739,0.41304347826086957,0.30434782608695654,0.15217391304347827,0.13043478260869565,0.717391304347826,0,0.15217391304347827,0,0
2019,00-0030669,62,5.274193548387097,6,30,24,21,17,6,0.0967741935483871,0.4838709677419355,0.3870967741935484,0.3387096774193548,0.27419354838709675,0.0967741935483871,0.12903225806451613,0.7096774193548387,0.0967741935483871,0.06451612903225806,0,0
2019,00-0030670,37,10.277777777777779,6,12,7,10,19,5,0.16216216216216217,0.32432432432432434,0.1891891891891892,0.2702702702702703,0.5135135135135135,0.13513513513513514,0.027777777777777776,0.7777777777777778,0,0.19444444444444445,0,0
2019,00-0030710,24,5,3,14,6,7,11,2,0.125,0.5833333333333334,0.25,0.2916666666666667,0.4583333333333333,0.08333333333333333,0.08695652173913043,0.6086956521739131,0.17391304347826086,0.13043478260869565,0,0
2019,00-0030741,3,0.6666666666666666,0,2,0,0,3,1,0,0.6666666666666666,0,0,1,0.3333333333333333,0,0.6666666666666666,0,0.3333333333333333,0,0
2019,00-0030821,48,10.787234042553191,13,12,10,22,15,7,0.2708333333333333,0.25,0.20833333333333334,0.4583333333333333,0.3125,0.14583333333333334,0.0851063829787234,0.6382978723404256,0.02127659574468085,0.2553191489361702,0,0
2019,00-0030874,37,0.918918918918919,3,31,17,2,18,7,0.08108108108108109,0.8378378378378378,0.4594594594594595,0.05405405405405406,0.4864864864864865,0.1891891891891892,0,0.6216216216216216,0.21621621621621623,0.16216216216216217,0,0
2019,00-0030968,3,7,1,2,0,0,3,0,0.3333333333333333,0.6666666666666666,0,0,1,0,0,0.3333333333333333,0.3333333333333333,0.3333333333333333,0,0
2019,00-0031023,3,11.666666666666666,1,1,1,0,2,0,0.3333333333333333,0.3333333333333333,0.3333333333333333,0,0.6666666666666666,0,0,0.3333333333333333,0.3333333333333333,0.3333333333333333,0,0
2019,00-0031035,3,3,0,3,1,2,0,0,0,1,0.3333333333333333,0.6666666666666666,0,0,0,0.6666666666666666,0.3333333333333333,0,0,0
2019,00-0031045,16,1.375,0,13,9,5,2,4,0,0.8125,0.5625,0.3125,0.125,0.25,0,0.9375,0,0.0625,0,0
2019,00-0031051,115,14.495652173913044,46,14,48,24,43,10,0.4,0.12173913043478261,0.41739130434782606,0.20869565217391303,0.3739130434782609,0.08695652173913043,0.11304347826086956,0.6,0.017391304347826087,0.26956521739130435,0,0
2019,00-0031060,2,-0.5,0,2,2,0,0,0,0,1,1,0,0,0,0,1,0,0,0,0
2019,00-0031062,95,2.357894736842105,3,74,30,20,45,21,0.031578947368421054,0.7789473684210526,0.3157894736842105,0.21052631578947367,0.47368421052631576,0.22105263157894736,0.021052631578947368,0.7368421052631579,0.17894736842105263,0.06315789473684211,0,0
2019,00-0031068,9,3.888888888888889,0,5,2,4,3,2,0,0.5555555555555556,0.2222222222222222,0.4444444444444444,0.3333333333333333,0.2222222222222222,0.2222222222222222,0.5555555555555556,0.2222222222222222,0,0,0
2019,00-0031166,35,9.428571428571429,6,8,18,8,9,2,0.17142857142857143,0.22857142857142856,0.5142857142857142,0.22857142857142856,0.2571428571428571,0.05714285714285714,0.08571428571428572,0.8,0,0.11428571428571428,0,0
2019,00-0031167,2,4,0,1,0,2,0,1,0,0.5,0,1,0,0.5,0,1,0,0,0,0
2019,00-0031189,4,7.5,1,2,4,0,0,1,0.25,0.5,1,0,0,0.25,0,0.5,0,0.5,0,0
2019,00-0031209,1,-1,0,1,0,1,0,1,0,1,0,1,0,1,0,1,0,0,0,0
2019,00-0031228,48,11.583333333333334,14,13,19,4,25,3,0.2916666666666667,0.2708333333333333,0.3958333333333333,0.08333333333333333,0.5208333333333334,0.0625,0.041666666666666664,0.6458333333333334,0.10416666666666667,0.20833333333333334,0,0
2019,00-0031235,133,12.977443609022556,47,33,59,19,55,13,0.3533834586466165,0.24812030075187969,0.44360902255639095,0.14285714285714285,0.41353383458646614,0.09774436090225563,0.14285714285714285,0.48120300751879697,0.09022556390977443,0.2857142857142857,0,0
2019,00-0031236,73,13.944444444444445,30,14,33,14,25,6,0.410958904109589,0.1917808219178082,0.4520547945205479,0.1917808219178082,0.3424657534246575,0.0821917808219178,0.041666666666666664,0.625,0.06944444444444445,0.2638888888888889,0,0
2019,00-0031257,42,9.595238095238095,11,9,11,8,23,6,0.2619047619047619,0.21428571428571427,0.2619047619047619,0.19047619047619047,0.5476190476190477,0.14285714285714285,0.07142857142857142,0.6666666666666666,0.023809523809523808,0.23809523809523808,0,0
2019,00-0031260,28,7.642857142857143,4,11,6,12,10,7,0.14285714285714285,0.39285714285714285,0.21428571428571427,0.42857142857142855,0.35714285714285715,0.25,0.07142857142857142,0.7142857142857143,0.03571428571428571,0.17857142857142858,0,0
2019,00-0031273,55,7,4,16,17,21,17,7,0.07272727272727272,0.2909090909090909,0.3090909090909091,0.38181818181818183,0.3090909090909091,0.12727272727272726,0.03636363636363636,0.7818181818181819,0.01818181818181818,0.16363636363636364,0,0
2019,00-0031285,70,1.1285714285714286,0,59,28,22,20,10,0,0.8428571428571429,0.4,0.3142857142857143,0.2857142857142857,0.14285714285714285,0.02857142857142857,0.9285714285714286,0.014285714285714285,0.02857142857142857,0,0
2019,00-0031299,12,14.583333333333334,5,2,5,1,6,0,0.4166666666666667,0.16666666666666666,0.4166666666666667,0.08333333333333333,0.5,0,0.08333333333333333,0.5833333333333334,0,0.3333333333333333,0,0
2019,00-0031319,8,6.125,1,5,3,2,3,0,0.125,0.625,0.375,0.25,0.375,0,0,0.625,0.25,0.125,0,0
2019,00-0031325,91,9.488888888888889,26,29,22,25,43,7,0.2857142857142857,0.31868131868131866,0.24175824175824176,0.27472527472527475,0.4725274725274725,0.07692307692307693,0.12222222222222222,0.6666666666666666,0.044444444444444446,0.16666666666666666,0,0
2019,00-0031339,15,13.466666666666667,7,6,8,3,4,2,0.4666666666666667,0.4,0.5333333333333333,0.2,0.26666666666666666,0.13333333333333333,0,0.7333333333333333,0,0.26666666666666666,0,0
2019,00-0031344,42,11.833333333333334,11,5,17,12,13,6,0.2619047619047619,0.11904761904761904,0.40476190476190477,0.2857142857142857,0.30952380952380953,0.14285714285714285,0.23809523809523808,0.47619047619047616,0.023809523809523808,0.2619047619047619,0,0
2019,00-0031381,128,10,31,45,53,27,47,24,0.2421875,0.3515625,0.4140625,0.2109375,0.3671875,0.1875,0.06299212598425197,0.5984251968503937,0.11023622047244094,0.2283464566929134,0,0
2019,00-0031382,138,9.731884057971014,38,45,47,32,59,21,0.2753623188405797,0.32608695652173914,0.34057971014492755,0.2318840579710145,0.427536231884058,0.15217391304347827,0.11594202898550725,0.5652173913043478,0.057971014492753624,0.2608695652173913,0,0
2019,00-0031387,52,9.51923076923077,13,16,14,17,21,11,0.25,0.3076923076923077,0.2692307692307692,0.3269230769230769,0.40384615384615385,0.21153846153846154,0.07692307692307693,0.7884615384615384,0,0.1346153846153846,0,0
2019,00-0031408,119,15.059322033898304,45,16,39,33,46,19,0.37815126050420167,0.13445378151260504,0.3277310924369748,0.2773109243697479,0.3865546218487395,0.15966386554621848,0.11016949152542373,0.4406779661016949,0.06779661016949153,0.3813559322033898,0,0
2019,00-0031428,154,11.051948051948052,43,36,49,50,55,20,0.2792207792207792,0.23376623376623376,0.3181818181818182,0.3246753246753247,0.35714285714285715,0.12987012987012986,0.09740259740259741,0.564935064935065,0.025974025974025976,0.3116883116883117,0,0
2019,00-0031431,4,4.5,0,2,2,1,1,0,0,0.5,0.5,0.25,0.25,0,0.25,0.75,0,0,0,0
2019,00-0031484,1,2,0,1,1,0,0,0,0,1,1,0,0,0,0,1,0,0,0,0
2019,00-0031511,9,14.777777777777779,3,2,1,2,6,1,0.3333333333333333,0.2222222222222222,0.1111111111111111,0.2222222222222222,0.6666666666666666,0.1111111111111111,0,0.5,0.125,0.375,0,0
2019,00-0031544,119,12.798319327731093,38,11,44,30,45,9,0.31932773109243695,0.09243697478991597,0.3697478991596639,0.25210084033613445,0.37815126050420167,0.07563025210084033,0.11764705882352941,0.6134453781512605,0,0.2689075630252101,0,0
2019,00-0031547,128,14.046875,43,18,43,39,46,16,0.3359375,0.140625,0.3359375,0.3046875,0.359375,0.125,0.1328125,0.5078125,0.0078125,0.3515625,0,0
2019,00-0031549,70,11.072463768115941,18,26,39,10,20,8,0.2571428571428571,0.37142857142857144,0.5571428571428572,0.14285714285714285,0.2857142857142857,0.11428571428571428,0.07246376811594203,0.5942028985507246,0.10144927536231885,0.2318840579710145,0,0
2019,00-0031558,19,7.2105263157894735,3,7,6,4,9,4,0.15789473684210525,0.3684210526315789,0.3157894736842105,0.21052631578947367,0.47368421052631576,0.21052631578947367,0,0.7368421052631579,0.10526315789473684,0.15789473684210525,0,0
2019,00-0031570,27,7.653846153846154,2,8,9,9,8,4,0.07407407407407407,0.2962962962962963,0.3333333333333333,0.3333333333333333,0.2962962962962963,0.14814814814814814,0.11538461538461539,0.7692307692307693,0.038461538461538464,0.07692307692307693,0,0
2019,00-0031577,2,5.5,0,0,1,1,0,1,0,0,0.5,0.5,0,0.5,0,1,0,0,0,0
2019,00-0031585,8,3.75,1,6,3,1,4,2,0.125,0.75,0.375,0.125,0.5,0.25,0,0.875,0,0.125,0,0
2019,00-0031588,95,14.882978723404255,30,20,30,25,39,6,0.3157894736842105,0.21052631578947367,0.3157894736842105,0.2631578947368421,0.4105263157894737,0.06315789473684211,0.0851063829787234,0.5531914893617021,0.02127659574468085,0.3404255319148936,0,0
2019,00-0031590,1,1,0,1,0,0,1,0,0,1,0,0,1,0,0,1,0,0,0,0
2019,00-0031595,1,-2,0,1,0,1,0,1,0,1,0,1,0,1,0,1,0,0,0,0
2019,00-0031598,44,6.116279069767442,4,20,9,19,15,7,0.09090909090909091,0.45454545454545453,0.20454545454545456,0.4318181818181818,0.3409090909090909,0.1590909090909091,0.07142857142857142,0.7857142857142857,0.023809523809523808,0.11904761904761904,0,0
2019,00-0031610,117,7.247863247863248,22,51,45,34,38,11,0.18803418803418803,0.4358974358974359,0.38461538461538464,0.2905982905982906,0.3247863247863248,0.09401709401709402,0.08547008547008547,0.6752136752136753,0.05128205128205128,0.18803418803418803,0,0
2019,00-0031665,3,1.6666666666666667,0,2,1,1,1,0,0,0.6666666666666666,0.3333333333333333,0.3333333333333333,0.3333333333333333,0,0,1,0,0,0,0
2019,00-0031687,22,2.0454545454545454,1,16,7,3,12,3,0.045454545454545456,0.7272727272727273,0.3181818181818182,0.13636363636363635,0.5454545454545454,0.13636363636363635,0.13636363636363635,0.5454545454545454,0.22727272727272727,0.09090909090909091,0,0
2019,00-0031690,1,0,0,1,1,0,0,0,0,1,1,0,0,0,0,1,0,0,0,0
2019,00-0031744,19,7.052631578947368,1,5,3,8,8,3,0.05263157894736842,0.2631578947368421,0.15789473684210525,0.42105263157894735,0.42105263157894735,0.15789473684210525,0.10526315789473684,0.5263157894736842,0.05263157894736842,0.3157894736842105,0,0
2019,00-0031763,14,10.785714285714286,5,4,3,3,8,2,0.35714285714285715,0.2857142857142857,0.21428571428571427,0.21428571428571427,0.5714285714285714,0.14285714285714285,0.07142857142857142,0.5,0.14285714285714285,0.2857142857142857,0,0
2019,00-0031787,21,15.095238095238095,8,4,7,1,13,2,0.38095238095238093,0.19047619047619047,0.3333333333333333,0.047619047619047616,0.6190476190476191,0.09523809523809523,0,0.7142857142857143,0,0.2857142857142857,0,0
2019,00-0031806,6,0,0,5,1,1,4,0,0,0.8333333333333334,0.16666666666666666,0.16666666666666666,0.6666666666666666,0,0,1,0,0,0,0
2019,00-0031868,46,9.956521739130435,11,17,40,4,2,3,0.2391304347826087,0.3695652173913043,0.8695652173913043,0.08695652173913043,0.043478260869565216,0.06521739130434782,0.2391304347826087,0.3695652173913043,0.1956521739130435,0.1956521739130435,0,0
2019,00-0031934,9,19.88888888888889,4,0,3,4,2,2,0.4444444444444444,0,0.3333333333333333,0.4444444444444444,0.2222222222222222,0.2222222222222222,0.2222222222222222,0.2222222222222222,0,0.5555555555555556,0,0
2019,00-0031941,122,7.950819672131147,24,51,41,32,49,16,0.19672131147540983,0.4180327868852459,0.3360655737704918,0.26229508196721313,0.4016393442622951,0.13114754098360656,0.00819672131147541,0.8032786885245902,0.07377049180327869,0.11475409836065574,0,0
2019,00-0031951,20,6.05,2,10,7,5,8,4,0.1,0.5,0.35,0.25,0.4,0.2,0.05,0.8,0.05,0.1,0,0
2019,00-0031953,3,12,1,0,0,3,0,0,0.3333333333333333,0,0,1,0,0,0,0.3333333333333333,0,0.6666666666666666,0,0
2019,00-0031972,5,15.4,2,1,1,3,1,1,0.4,0.2,0.2,0.6,0.2,0.2,0.2,0.4,0,0.4,0,0
2019,00-0032009,48,7.468085106382978,6,13,15,14,18,5,0.125,0.2708333333333333,0.3125,0.2916666666666667,0.375,0.10416666666666667,0.0851063829787234,0.6808510638297872,0.10638297872340426,0.1276595744680851,0,0
2019,00-0032054,70,16.347826086956523,33,13,27,6,36,3,0.4714285714285714,0.18571428571428572,0.38571428571428573,0.08571428571428572,0.5142857142857142,0.04285714285714286,0.057971014492753624,0.4492753623188406,0.10144927536231885,0.391304347826087,0,0
2019,00-0032055,5,9.8,2,2,5,0,0,1,0.4,0.4,1,0,0,0.2,0.2,0.4,0,0.4,0,0
2019,00-0032058,30,-1.0333333333333334,0,29,12,4,14,8,0,0.9666666666666667,0.4,0.13333333333333333,0.4666666666666667,0.26666666666666666,0,0.7333333333333333,0.26666666666666666,0,0,0
2019,00-0032062,15,6.6,2,9,7,2,6,0,0.13333333333333333,0.6,0.4666666666666667,0.13333333333333333,0.4,0,0,0.8,0.06666666666666667,0.13333333333333333,0,0
2019,00-0032063,8,0.75,0,7,0,1,7,2,0,0.875,0,0.125,0.875,0.25,0,0.625,0.25,0.125,0,0
2019,00-0032098,11,10.090909090909092,4,6,5,0,6,2,0.36363636363636365,0.5454545454545454,0.45454545454545453,0,0.5454545454545454,0.18181818181818182,0,0.8181818181818182,0,0.18181818181818182,0,0
2019,00-0032104,21,0.42857142857142855,0,19,8,6,7,2,0,0.9047619047619048,0.38095238095238093,0.2857142857142857,0.3333333333333333,0.09523809523809523,0,0.6666666666666666,0.3333333333333333,0,0,0
2019,00-0032112,5,5.2,1,3,3,0,2,0,0.2,0.6,0.6,0,0.4,0,0,1,0,0,0,0
2019,00-0032117,18,5.277777777777778,0,11,2,9,7,3,0,0.6111111111111112,0.1111111111111111,0.5,0.3888888888888889,0.16666666666666666,0.05555555555555555,0.7777777777777778,0.1111111111111111,0.05555555555555555,0,0
2019,00-0032128,93,14.366666666666667,32,12,38,22,30,11,0.34408602150537637,0.12903225806451613,0.40860215053763443,0.23655913978494625,0.3225806451612903,0.11827956989247312,0.17777777777777778,0.5888888888888889,0,0.23333333333333334,0,0
2019,00-0032134,41,3.9,3,23,12,13,15,12,0.07317073170731707,0.5609756097560976,0.2926829268292683,0.3170731707317073,0.36585365853658536,0.2926829268292683,0,0.775,0.125,0.1,0,0
2019,00-0032135,27,5.222222222222222,2,16,8,6,13,2,0.07407407407407407,0.5925925925925926,0.2962962962962963,0.2222222222222222,0.48148148148148145,0.07407407407407407,0.037037037037037035,0.8518518518518519,0,0.1111111111111111,0,0
2019,00-0032139,3,1.6666666666666667,0,2,1,1,1,0,0,0.6666666666666666,0.3333333333333333,0.3333333333333333,0.3333333333333333,0,0,1,0,0,0,0
2019,00-0032141,17,3.5294117647058822,1,12,8,2,7,2,0.058823529411764705,0.7058823529411765,0.47058823529411764,0.11764705882352941,0.4117647058823529,0.11764705882352941,0,0.9411764705882353,0,0.058823529411764705,0,0
2019,00-0032144,55,-0.8909090909090909,0,53,14,18,23,6,0,0.9636363636363636,0.2545454545454545,0.32727272727272727,0.41818181818181815,0.10909090909090909,0,0.9454545454545454,0.05454545454545454,0,0,0
2019,00-0032147,1,15,1,0,0,1,0,0,1,0,0,1,0,0,NA,NA,NA,NA,0,0
2019,00-0032160,64,13.59375,28,11,19,24,21,8,0.4375,0.171875,0.296875,0.375,0.328125,0.125,0.0625,0.5625,0.03125,0.34375,0,0
2019,00-0032187,47,3.851063829787234,5,32,19,10,18,6,0.10638297872340426,0.6808510638297872,0.40425531914893614,0.2127659574468085,0.3829787234042553,0.1276595744680851,0,0.6595744680851063,0.19148936170212766,0.14893617021276595,0,0
2019,00-0032200,17,1.3529411764705883,2,14,3,5,9,2,0.11764705882352941,0.8235294117647058,0.17647058823529413,0.29411764705882354,0.5294117647058824,0.11764705882352941,0,0.6470588235294118,0.29411764705882354,0.058823529411764705,0,0
2019,00-0032208,55,14.11111111111111,21,12,36,4,14,11,0.38181818181818183,0.21818181818181817,0.6545454545454545,0.07272727272727272,0.2545454545454545,0.2,0.05660377358490566,0.5660377358490566,0.05660377358490566,0.32075471698113206,0,0
2019,00-0032209,15,0.8,1,13,8,3,4,1,0.06666666666666667,0.8666666666666667,0.5333333333333333,0.2,0.26666666666666666,0.06666666666666667,0,0.6666666666666666,0.26666666666666666,0.06666666666666667,0,0
2019,00-0032211,110,12.463636363636363,36,30,47,20,43,23,0.32727272727272727,0.2727272727272727,0.42727272727272725,0.18181818181818182,0.39090909090909093,0.20909090909090908,0.03636363636363636,0.6,0.06363636363636363,0.3,0,0
2019,00-0032214,14,7.285714285714286,3,6,4,5,5,3,0.21428571428571427,0.42857142857142855,0.2857142857142857,0.35714285714285715,0.35714285714285715,0.21428571428571427,0,0.6428571428571429,0.07142857142857142,0.2857142857142857,0,0
2019,00-0032227,20,5.4,2,13,5,3,12,4,0.1,0.65,0.25,0.15,0.6,0.2,0.05,0.8,0.05,0.1,0,0
2019,00-0032241,49,0.7142857142857143,0,42,20,11,18,5,0,0.8571428571428571,0.40816326530612246,0.22448979591836735,0.3673469387755102,0.10204081632653061,0.04081632653061224,0.7959183673469388,0.14285714285714285,0.02040816326530612,0,0
2019,00-0032256,8,10,1,2,3,3,2,0,0.125,0.25,0.375,0.375,0.25,0,0.125,0.375,0,0.5,0,0
2019,00-0032257,62,2.629032258064516,5,47,33,10,19,11,0.08064516129032258,0.7580645161290323,0.532258064516129,0.16129032258064516,0.3064516129032258,0.1774193548387097,0.016129032258064516,0.7419354838709677,0.1774193548387097,0.06451612903225806,0,0
2019,00-0032319,6,3.6666666666666665,1,4,1,1,4,1,0.16666666666666666,0.6666666666666666,0.16666666666666666,0.16666666666666666,0.6666666666666666,0.16666666666666666,0.16666666666666666,0.16666666666666666,0.3333333333333333,0.3333333333333333,0,0
2019,00-0032355,28,8.678571428571429,6,12,8,6,14,4,0.21428571428571427,0.42857142857142855,0.2857142857142857,0.21428571428571427,0.5,0.14285714285714285,0,0.6428571428571429,0.14285714285714285,0.21428571428571427,0,0
2019,00-0032385,84,9.903614457831326,23,21,24,30,29,12,0.27380952380952384,0.25,0.2857142857142857,0.35714285714285715,0.34523809523809523,0.14285714285714285,0.0963855421686747,0.6506024096385542,0.03614457831325301,0.21686746987951808,0,0
2019,00-0032392,99,6.484536082474227,12,42,41,26,30,20,0.12121212121212122,0.42424242424242425,0.41414141414141414,0.26262626262626265,0.30303030303030304,0.20202020202020202,0.030927835051546393,0.7731958762886598,0.05154639175257732,0.14432989690721648,0,0
2019,00-0032393,12,4.25,3,8,8,1,3,0,0.25,0.6666666666666666,0.6666666666666666,0.08333333333333333,0.25,0,0,0.5833333333333334,0.16666666666666666,0.25,0,0
2019,00-0032394,22,6.363636363636363,1,6,8,7,7,2,0.045454545454545456,0.2727272727272727,0.36363636363636365,0.3181818181818182,0.3181818181818182,0.09090909090909091,0,0.8181818181818182,0,0.18181818181818182,0,0
2019,00-0032398,5,12.2,2,2,1,2,2,0,0.4,0.4,0.2,0.4,0.4,0,0,0.6,0,0.4,0,0
2019,00-0032404,4,14.75,2,2,3,1,0,0,0.5,0.5,0.75,0.25,0,0,0,0.5,0,0.5,0,0
2019,00-0032417,1,-1,0,1,0,1,0,0,0,1,0,1,0,0,0,1,0,0,0,0
2019,00-0032423,11,9.090909090909092,4,5,4,3,4,1,0.36363636363636365,0.45454545454545453,0.36363636363636365,0.2727272727272727,0.36363636363636365,0.09090909090909091,0.18181818181818182,0.5454545454545454,0.18181818181818182,0.09090909090909091,0,0
2019,00-0032436,1,-3,0,1,0,1,0,0,0,1,0,1,0,0,NA,NA,NA,NA,0,0
2019,00-0032442,1,7,0,0,0,0,1,0,0,0,0,0,1,0,0,0,0,1,0,0
2019,00-0032450,1,-5,0,1,1,0,0,0,0,1,1,0,0,0,0,1,0,0,0,0
2019,00-0032464,12,18.25,6,1,3,4,5,3,0.5,0.08333333333333333,0.25,0.3333333333333333,0.4166666666666667,0.25,0,0.5833333333333334,0,0.4166666666666667,0,0
2019,00-0032466,1,14,0,0,0,0,1,1,0,0,0,0,1,1,NA,NA,NA,NA,0,0
2019,00-0032540,4,1,0,3,0,1,3,0,0,0.75,0,0.25,0.75,0,0,0.75,0.25,0,0,0
2019,00-0032543,78,8.782051282051283,13,24,25,16,37,10,0.16666666666666666,0.3076923076923077,0.32051282051282054,0.20512820512820512,0.47435897435897434,0.1282051282051282,0.08974358974358974,0.7435897435897436,0.02564102564102564,0.14102564102564102,0,0
2019,00-0032599,13,9.538461538461538,3,3,3,5,5,0,0.23076923076923078,0.23076923076923078,0.23076923076923078,0.38461538461538464,0.38461538461538464,0,0.07692307692307693,0.6153846153846154,0.07692307692307693,0.23076923076923078,0,0
2019,00-0032602,43,0.09523809523809523,1,36,18,9,15,3,0.023255813953488372,0.8372093023255814,0.4186046511627907,0.20930232558139536,0.3488372093023256,0.06976744186046512,0.047619047619047616,0.7857142857142857,0.14285714285714285,0.023809523809523808,0,0
2019,00-0032626,56,7.654545454545454,14,24,26,14,15,10,0.25,0.42857142857142855,0.4642857142857143,0.25,0.26785714285714285,0.17857142857142858,0.01818181818181818,0.7454545454545455,0.07272727272727272,0.16363636363636364,0,0
2019,00-0032661,11,10.090909090909092,3,4,2,4,5,1,0.2727272727272727,0.36363636363636365,0.18181818181818182,0.36363636363636365,0.45454545454545453,0.09090909090909091,0.09090909090909091,0.6363636363636364,0,0.2727272727272727,0,0
2019,00-0032688,97,15.041666666666666,46,19,40,17,39,6,0.4742268041237113,0.1958762886597938,0.41237113402061853,0.17525773195876287,0.4020618556701031,0.061855670103092786,0.052083333333333336,0.5104166666666666,0.041666666666666664,0.3958333333333333,0,0
2019,00-0032728,10,12.4,4,1,2,6,2,2,0.4,0.1,0.2,0.6,0.2,0.2,0,0.7,0,0.3,0,0
2019,00-0032741,24,1.25,0,19,10,3,11,2,0,0.7916666666666666,0.4166666666666667,0.125,0.4583333333333333,0.08333333333333333,0,0.7916666666666666,0.20833333333333334,0,0,0
2019,00-0032764,24,-1.875,0,22,12,6,6,1,0,0.9166666666666666,0.5,0.25,0.25,0.041666666666666664,0,0.6666666666666666,0.3333333333333333,0,0,0
2019,00-0032765,185,8.091891891891892,32,60,81,43,61,26,0.17297297297297298,0.32432432432432434,0.43783783783783786,0.23243243243243245,0.32972972972972975,0.14054054054054055,0.1783783783783784,0.6270270270270271,0.043243243243243246,0.15135135135135136,0,0
2019,00-0032775,55,13.309090909090909,18,9,27,9,19,6,0.32727272727272727,0.16363636363636364,0.4909090909090909,0.16363636363636364,0.34545454545454546,0.10909090909090909,0.10909090909090909,0.5636363636363636,0.03636363636363636,0.2909090909090909,0,0
2019,00-0032778,35,14.228571428571428,11,5,14,8,13,4,0.3142857142857143,0.14285714285714285,0.4,0.22857142857142856,0.37142857142857144,0.11428571428571428,0.02857142857142857,0.6857142857142857,0,0.2857142857142857,0,0
2019,00-0032780,14,0.07142857142857142,0,13,8,0,6,2,0,0.9285714285714286,0.5714285714285714,0,0.42857142857142855,0.14285714285714285,0,0.5714285714285714,0.2857142857142857,0.14285714285714285,0,0
2019,00-0032782,13,2.1538461538461537,0,8,5,5,3,4,0,0.6153846153846154,0.38461538461538464,0.38461538461538464,0.23076923076923078,0.3076923076923077,0,0.7692307692307693,0.23076923076923078,0,0,0
2019,00-0032791,33,12.303030303030303,11,11,10,9,14,1,0.3333333333333333,0.3333333333333333,0.30303030303030304,0.2727272727272727,0.42424242424242425,0.030303030303030304,0.06060606060606061,0.5151515151515151,0.18181818181818182,0.24242424242424243,0,0
2019,00-0032794,12,6.833333333333333,3,8,6,1,5,1,0.25,0.6666666666666666,0.5,0.08333333333333333,0.4166666666666667,0.08333333333333333,0,0.6666666666666666,0,0.3333333333333333,0,0
2019,00-0032795,5,6.4,0,2,3,1,1,0,0,0.4,0.6,0.2,0.2,0,0,1,0,0,0,0
2019,00-0032813,4,-2.5,0,3,0,2,2,0,0,0.75,0,0.5,0.5,0,0,0.5,0.5,0,0,0
2019,00-0032897,5,2,0,5,3,0,2,1,0,1,0.6,0,0.4,0.2,0.2,0.8,0,0,0,0
2019,00-0032918,26,1.5769230769230769,0,23,14,3,9,4,0,0.8846153846153846,0.5384615384615384,0.11538461538461539,0.34615384615384615,0.15384615384615385,0.038461538461538464,0.8846153846153846,0.07692307692307693,0,0,0
2019,00-0032935,15,25.4,10,4,6,2,7,0,0.6666666666666666,0.26666666666666666,0.4,0.13333333333333333,0.4666666666666667,0,0,0.3333333333333333,0.06666666666666667,0.6,0,0
2019,00-0032940,41,1.3170731707317074,0,35,17,11,13,6,0,0.8536585365853658,0.4146341463414634,0.2682926829268293,0.3170731707317073,0.14634146341463414,0,0.9024390243902439,0.0975609756097561,0,0,0
2019,00-0032945,19,11.052631578947368,4,4,8,5,6,1,0.21052631578947367,0.21052631578947367,0.42105263157894735,0.2631578947368421,0.3157894736842105,0.05263157894736842,0.10526315789473684,0.7368421052631579,0,0.15789473684210525,0,0
2019,00-0032951,16,11.875,6,4,3,3,10,0,0.375,0.25,0.1875,0.1875,0.625,0,0.0625,0.625,0.0625,0.25,0,0
2019,00-0032956,5,1.8,0,5,2,0,3,1,0,1,0.4,0,0.6,0.2,0,1,0,0,0,0
2019,00-0032972,9,4,1,7,3,4,2,1,0.1111111111111111,0.7777777777777778,0.3333333333333333,0.4444444444444444,0.2222222222222222,0.1111111111111111,0.2222222222222222,0.6666666666666666,0,0.1111111111111111,0,0
2019,00-0032975,5,-1,0,4,2,1,2,0,0,0.8,0.4,0.2,0.4,0,0,0.6,0.4,0,0,0
2019,00-0032977,11,10.545454545454545,2,1,2,4,5,3,0.18181818181818182,0.09090909090909091,0.18181818181818182,0.36363636363636365,0.45454545454545453,0.2727272727272727,0.09090909090909091,0.5454545454545454,0,0.36363636363636365,0,0
2019,00-0032980,33,17.363636363636363,16,3,15,5,13,4,0.48484848484848486,0.09090909090909091,0.45454545454545453,0.15151515151515152,0.3939393939393939,0.12121212121212122,0.06060606060606061,0.6666666666666666,0,0.2727272727272727,0,0
2019,00-0032986,8,2,0,6,2,1,5,1,0,0.75,0.25,0.125,0.625,0.125,0,0.5,0.375,0.125,0,0
2019,00-0033009,148,9.304054054054054,30,44,54,39,55,11,0.20270270270270271,0.2972972972972973,0.36486486486486486,0.2635135135135135,0.3716216216216216,0.07432432432432433,0.10810810810810811,0.6824324324324325,0.033783783783783786,0.17567567567567569,0,0
2019,00-0033025,43,2.116279069767442,1,34,15,12,16,3,0.023255813953488372,0.7906976744186046,0.3488372093023256,0.27906976744186046,0.37209302325581395,0.06976744186046512,0.023255813953488372,0.813953488372093,0.13953488372093023,0.023255813953488372,0,0
2019,00-0033040,89,12.853932584269662,29,32,33,18,38,7,0.3258426966292135,0.3595505617977528,0.3707865168539326,0.20224719101123595,0.42696629213483145,0.07865168539325842,0.011235955056179775,0.6629213483146067,0.033707865168539325,0.29213483146067415,0,0
2019,00-0033045,71,0.647887323943662,1,65,19,19,33,12,0.014084507042253521,0.9154929577464789,0.2676056338028169,0.2676056338028169,0.4647887323943662,0.16901408450704225,0,0.8028169014084507,0.16901408450704225,0.028169014084507043,0,0
2019,00-0033080,18,6.055555555555555,1,8,7,4,7,4,0.05555555555555555,0.4444444444444444,0.3888888888888889,0.2222222222222222,0.3888888888888889,0.2222222222222222,0,1,0,0,0,0
2019,00-0033090,77,10.25,23,15,31,23,22,13,0.2987012987012987,0.19480519480519481,0.4025974025974026,0.2987012987012987,0.2857142857142857,0.16883116883116883,0.02631578947368421,0.7236842105263158,0,0.25,0,0
2019,00-0033094,11,27.636363636363637,8,2,6,3,2,0,0.7272727272727273,0.18181818181818182,0.5454545454545454,0.2727272727272727,0.18181818181818182,0,0,0.45454545454545453,0,0.5454545454545454,0,0
2019,00-0033110,89,6.640449438202247,17,38,19,21,49,19,0.19101123595505617,0.42696629213483145,0.21348314606741572,0.23595505617977527,0.550561797752809,0.21348314606741572,0.033707865168539325,0.6853932584269663,0.12359550561797752,0.15730337078651685,0,0
2019,00-0033111,33,10.181818181818182,9,11,15,8,10,4,0.2727272727272727,0.3333333333333333,0.45454545454545453,0.24242424242424243,0.30303030303030304,0.12121212121212122,0.03125,0.625,0.1875,0.15625,0,0
2019,00-0033114,5,10.4,1,1,4,0,1,0,0.2,0.2,0.8,0,0.2,0,0,0.5,0.25,0.25,0,0
2019,00-0033118,70,-0.6029411764705882,1,63,39,8,21,7,0.014285714285714285,0.9,0.5571428571428572,0.11428571428571428,0.3,0.1,0,0.7352941176470589,0.25,0.014705882352941176,0,0
2019,00-0033119,1,0,0,1,0,1,0,1,0,1,0,1,0,1,NA,NA,NA,NA,0,0
2019,00-0033127,71,14.23943661971831,24,20,34,10,27,7,0.3380281690140845,0.28169014084507044,0.4788732394366197,0.14084507042253522,0.38028169014084506,0.09859154929577464,0.07042253521126761,0.5492957746478874,0.07042253521126761,0.30985915492957744,0,0
2019,00-0033132,1,3,0,1,1,0,0,0,0,1,1,0,0,0,NA,NA,NA,NA,0,0
2019,00-0033164,3,0,0,2,2,0,1,1,0,0.6666666666666666,0.6666666666666666,0,0.3333333333333333,0.3333333333333333,0,0.3333333333333333,0.6666666666666666,0,0,0
2019,00-0033215,1,2,0,1,1,0,0,0,0,1,1,0,0,0,0,1,0,0,0,0
2019,00-0033217,11,4.363636363636363,1,8,2,1,8,1,0.09090909090909091,0.7272727272727273,0.18181818181818182,0.09090909090909091,0.7272727272727273,0.09090909090909091,0,0.9090909090909091,0,0.09090909090909091,0,0
2019,00-0033246,7,3.4285714285714284,0,5,2,1,4,0,0,0.7142857142857143,0.2857142857142857,0.14285714285714285,0.5714285714285714,0,0.14285714285714285,0.8571428571428571,0,0,0,0
2019,00-0033251,73,11.25,28,15,28,13,31,13,0.3835616438356164,0.2054794520547945,0.3835616438356164,0.1780821917808219,0.4246575342465753,0.1780821917808219,0.041666666666666664,0.6666666666666666,0.06944444444444445,0.2222222222222222,0,0
2019,00-0033258,3,7.333333333333333,1,2,1,1,1,0,0.3333333333333333,0.6666666666666666,0.3333333333333333,0.3333333333333333,0.3333333333333333,0,0,0.6666666666666666,0,0.3333333333333333,0,0
2019,00-0033280,142,0.7816901408450704,4,120,54,21,67,14,0.028169014084507043,0.8450704225352113,0.38028169014084506,0.14788732394366197,0.47183098591549294,0.09859154929577464,0.014084507042253521,0.8450704225352113,0.11971830985915492,0.02112676056338028,0,0
2019,00-0033282,105,14.647619047619047,45,24,33,9,63,14,0.42857142857142855,0.22857142857142856,0.3142857142857143,0.08571428571428572,0.6,0.13333333333333333,0.047619047619047616,0.5714285714285714,0.0761904761904762,0.3047619047619048,0,0
2019,00-0033288,107,5.91588785046729,13,50,32,34,41,17,0.12149532710280374,0.4672897196261682,0.29906542056074764,0.3177570093457944,0.38317757009345793,0.1588785046728972,0.07476635514018691,0.616822429906542,0.1308411214953271,0.17757009345794392,0,0
2019,00-0033293,68,2.735294117647059,7,53,29,8,31,12,0.10294117647058823,0.7794117647058824,0.4264705882352941,0.11764705882352941,0.45588235294117646,0.17647058823529413,0.014705882352941176,0.6911764705882353,0.16176470588235295,0.1323529411764706,0,0
2019,00-0033296,2,-0.5,0,2,0,1,1,1,0,1,0,0.5,0.5,0.5,0,1,0,0,0,0
2019,00-0033307,46,8.568181818181818,7,13,6,18,20,8,0.15217391304347827,0.2826086956521739,0.13043478260869565,0.391304347826087,0.43478260869565216,0.17391304347826086,0.22727272727272727,0.6363636363636364,0,0.13636363636363635,0,0
2019,00-0033308,22,-0.5454545454545454,0,20,10,8,4,2,0,0.9090909090909091,0.45454545454545453,0.36363636363636365,0.18181818181818182,0.09090909090909091,0.09090909090909091,0.5,0.4090909090909091,0,0,0
2019,00-0033338,3,2.6666666666666665,0,2,0,0,3,1,0,0.6666666666666666,0,0,1,0.3333333333333333,0,1,0,0,0,0
2019,00-0033357,22,4.7272727272727275,3,12,9,5,8,6,0.13636363636363635,0.5454545454545454,0.4090909090909091,0.22727272727272727,0.36363636363636365,0.2727272727272727,0,0.6818181818181818,0.18181818181818182,0.13636363636363635,0,0
2019,00-0033367,4,7.75,1,1,0,2,2,2,0.25,0.25,0,0.5,0.5,0.5,0.25,0.5,0,0.25,0,0
2019,00-0033374,1,1,0,1,0,0,1,0,0,1,0,0,1,0,0,1,0,0,0,0
2019,00-0033375,31,10.161290322580646,8,11,11,6,14,5,0.25806451612903225,0.3548387096774194,0.3548387096774194,0.1935483870967742,0.45161290322580644,0.16129032258064516,0.1935483870967742,0.5806451612903226,0,0.22580645161290322,0,0
2019,00-0033376,11,-0.09090909090909091,0,11,5,0,6,1,0,1,0.45454545454545453,0,0.5454545454545454,0.09090909090909091,0,1,0,0,0,0
2019,00-0033382,4,10.25,1,0,1,1,2,1,0.25,0,0.25,0.25,0.5,0.25,0,0.75,0,0.25,0,0
2019,00-0033386,2,5,0,1,1,0,1,0,0,0.5,0.5,0,0.5,0,0,1,0,0,0,0
2019,00-0033387,59,5.762711864406779,6,31,17,15,27,12,0.1016949152542373,0.5254237288135594,0.288135593220339,0.2542372881355932,0.4576271186440678,0.2033898305084746,0,0.7796610169491526,0.03389830508474576,0.1864406779661017,0,0
2019,00-0033421,3,0.6666666666666666,0,3,1,2,0,1,0,1,0.3333333333333333,0.6666666666666666,0,0.3333333333333333,0,0.6666666666666666,0.3333333333333333,0,0,0
2019,00-0033434,11,12.272727272727273,2,0,6,0,5,0,0.18181818181818182,0,0.5454545454545454,0,0.45454545454545453,0,0,0.8181818181818182,0,0.18181818181818182,0,0
2019,00-0033439,3,9,0,0,2,1,0,1,0,0,0.6666666666666666,0.3333333333333333,0,0.3333333333333333,0,0.6666666666666666,0,0.3333333333333333,0,0
2019,00-0033455,24,9.25,6,9,4,11,9,4,0.25,0.375,0.16666666666666666,0.4583333333333333,0.375,0.16666666666666666,0.08333333333333333,0.7083333333333334,0,0.20833333333333334,0,0
2019,00-0033460,56,15.625,22,12,22,13,21,2,0.39285714285714285,0.21428571428571427,0.39285714285714285,0.23214285714285715,0.375,0.03571428571428571,0.03571428571428571,0.7142857142857143,0.03571428571428571,0.21428571428571427,0,0
2019,00-0033466,39,4.333333333333333,6,21,11,13,15,7,0.15384615384615385,0.5384615384615384,0.28205128205128205,0.3333333333333333,0.38461538461538464,0.1794871794871795,0,0.7692307692307693,0.1794871794871795,0.05128205128205128,0,0
2019,00-0033471,35,8.428571428571429,5,7,10,12,13,6,0.14285714285714285,0.2,0.2857142857142857,0.34285714285714286,0.37142857142857144,0.17142857142857143,0.2,0.6571428571428571,0.02857142857142857,0.11428571428571428,0,0
2019,00-0033528,41,6.45,3,17,15,15,10,5,0.07317073170731707,0.4146341463414634,0.36585365853658536,0.36585365853658536,0.24390243902439024,0.12195121951219512,0,0.975,0,0.025,0,0
2019,00-0033530,5,7.2,0,1,0,1,4,0,0,0.2,0,0.2,0.8,0,0.4,0.6,0,0,0,0
2019,00-0033536,90,17.81111111111111,45,9,41,24,25,15,0.5,0.1,0.45555555555555555,0.26666666666666666,0.2777777777777778,0.16666666666666666,0.011111111111111112,0.5,0,0.4888888888888889,0,0
2019,00-0033537,1,0,0,1,0,0,1,1,0,1,0,0,1,1,0,1,0,0,0,0
2019,00-0033553,38,-1.4210526315789473,0,37,8,13,17,5,0,0.9736842105263158,0.21052631578947367,0.34210526315789475,0.4473684210526316,0.13157894736842105,0,0.7368421052631579,0.23684210526315788,0.02631578947368421,0,0
2019,00-0033555,23,13.173913043478262,10,3,5,7,11,5,0.43478260869565216,0.13043478260869565,0.21739130434782608,0.30434782608695654,0.4782608695652174,0.21739130434782608,0.08695652173913043,0.5217391304347826,0.043478260869565216,0.34782608695652173,0,0
2019,00-0033556,104,1.75,7,84,30,30,44,9,0.0673076923076923,0.8076923076923077,0.28846153846153844,0.28846153846153844,0.4230769230769231,0.08653846153846154,0.04807692307692308,0.6442307692307693,0.25,0.057692307692307696,0,0
2019,00-0033562,11,1.5454545454545454,0,10,6,2,3,0,0,0.9090909090909091,0.5454545454545454,0.18181818181818182,0.2727272727272727,0,0.09090909090909091,0.7272727272727273,0.18181818181818182,0,0,0
2019,00-0033567,14,1.5,0,13,5,7,2,3,0,0.9285714285714286,0.35714285714285715,0.5,0.14285714285714285,0.21428571428571427,0,0.9285714285714286,0.07142857142857142,0,0,0
2019,00-0033572,2,14.5,1,1,1,0,1,0,0.5,0.5,0.5,0,0.5,0,0,0,0.5,0.5,0,0
2019,00-0033576,3,3,0,2,1,1,1,0,0,0.6666666666666666,0.3333333333333333,0.3333333333333333,0.3333333333333333,0,0.3333333333333333,0.3333333333333333,0.3333333333333333,0,0,0
2019,00-0033589,34,14.176470588235293,12,7,16,8,10,8,0.35294117647058826,0.20588235294117646,0.47058823529411764,0.23529411764705882,0.29411764705882354,0.23529411764705882,0.029411764705882353,0.47058823529411764,0.029411764705882353,0.47058823529411764,0,0
2019,00-0033594,47,-1.0212765957446808,1,43,26,7,14,2,0.02127659574468085,0.9148936170212766,0.5531914893617021,0.14893617021276595,0.2978723404255319,0.0425531914893617,0,0.7446808510638298,0.2553191489361702,0,0,0
2019,00-0033604,1,2,0,1,0,0,1,0,0,1,0,0,1,0,0,1,0,0,0,0
2019,00-0033611,23,11.5,7,6,8,6,8,7,0.30434782608695654,0.2608695652173913,0.34782608695652173,0.2608695652173913,0.34782608695652173,0.30434782608695654,0.045454545454545456,0.5454545454545454,0,0.4090909090909091,0,0
2019,00-0033658,41,8.024390243902438,7,18,17,8,16,2,0.17073170731707318,0.43902439024390244,0.4146341463414634,0.1951219512195122,0.3902439024390244,0.04878048780487805,0.024390243902439025,0.8536585365853658,0,0.12195121951219512,0,0
2019,00-0033681,36,10.685714285714285,10,12,16,5,14,7,0.2777777777777778,0.3333333333333333,0.4444444444444444,0.1388888888888889,0.3888888888888889,0.19444444444444445,0,0.6571428571428571,0.14285714285714285,0.2,0,0
2019,00-0033696,2,9.5,0,0,0,1,1,1,0,0,0,0.5,0.5,0.5,0,0.5,0,0.5,0,0
2019,00-0033699,108,1.2592592592592593,7,92,40,24,44,13,0.06481481481481481,0.8518518518518519,0.37037037037037035,0.2222222222222222,0.4074074074074074,0.12037037037037036,0.05555555555555555,0.7037037037037037,0.16666666666666666,0.07407407407407407,0,0
2019,00-0033705,17,16,6,4,5,3,9,0,0.35294117647058826,0.23529411764705882,0.29411764705882354,0.17647058823529413,0.5294117647058824,0,0.17647058823529413,0.5294117647058824,0,0.29411764705882354,0,0
2019,00-0033733,40,6.6,2,14,15,10,15,6,0.05,0.35,0.375,0.25,0.375,0.15,0.05,0.85,0.025,0.075,0,0
2019,00-0033742,1,-2,0,1,0,0,1,0,0,1,0,0,1,0,0,1,0,0,0,0
2019,00-0033757,15,10.533333333333333,5,6,3,5,7,2,0.3333333333333333,0.4,0.2,0.3333333333333333,0.4666666666666667,0.13333333333333333,0,0.8,0,0.2,0,0
2019,00-0033770,1,10,0,0,0,0,1,0,0,0,0,0,1,0,NA,NA,NA,NA,0,0
2019,00-0033789,3,10,1,2,0,1,2,0,0.3333333333333333,0.6666666666666666,0,0.3333333333333333,0.6666666666666666,0,0.3333333333333333,0.3333333333333333,0,0.3333333333333333,0,0
2019,00-0033838,7,0.8571428571428571,0,6,4,0,3,0,0,0.8571428571428571,0.5714285714285714,0,0.42857142857142855,0,0,1,0,0,0,0
2019,00-0033839,103,6.633663366336633,19,43,29,23,49,13,0.18446601941747573,0.4174757281553398,0.2815533980582524,0.22330097087378642,0.47572815533980584,0.1262135922330097,0.009900990099009901,0.7227722772277227,0.1485148514851485,0.1188118811881188,0,0
2019,00-0033854,46,2.630434782608696,0,32,15,17,14,7,0,0.6956521739130435,0.32608695652173914,0.3695652173913043,0.30434782608695654,0.15217391304347827,0.043478260869565216,0.8260869565217391,0.13043478260869565,0,0,0
2019,00-0033856,100,0.13,0,88,51,16,33,11,0,0.88,0.51,0.16,0.33,0.11,0.01,0.88,0.09,0.02,0,0
2019,00-0033857,71,9.757142857142858,17,21,38,13,19,8,0.23943661971830985,0.29577464788732394,0.5352112676056338,0.18309859154929578,0.2676056338028169,0.11267605633802817,0.12857142857142856,0.5428571428571428,0.07142857142857142,0.2571428571428571,0,0
2019,00-0033858,44,5.25,7,26,15,11,18,6,0.1590909090909091,0.5909090909090909,0.3409090909090909,0.25,0.4090909090909091,0.13636363636363635,0.022727272727272728,0.75,0.13636363636363635,0.09090909090909091,0,0
2019,00-0033871,69,12.028985507246377,19,11,26,12,31,3,0.2753623188405797,0.15942028985507245,0.37681159420289856,0.17391304347826086,0.4492753623188406,0.043478260869565216,0.043478260869565216,0.7536231884057971,0.057971014492753624,0.14492753623188406,0,0
2019,00-0033879,53,9.962264150943396,18,18,20,14,19,8,0.33962264150943394,0.33962264150943394,0.37735849056603776,0.2641509433962264,0.3584905660377358,0.1509433962264151,0,0.660377358490566,0.07547169811320754,0.2641509433962264,0,0
2019,00-0033881,68,5.838235294117647,7,35,14,23,31,11,0.10294117647058823,0.5147058823529411,0.20588235294117646,0.3382352941176471,0.45588235294117646,0.16176470588235295,0.029411764705882353,0.7647058823529411,0.058823529411764705,0.14705882352941177,0,0
2019,00-0033885,10,6.4,0,5,0,6,4,2,0,0.5,0,0.6,0.4,0.2,0.1,0.8,0,0.1,0,0
2019,00-0033891,45,10.755555555555556,12,19,16,7,22,6,0.26666666666666666,0.4222222222222222,0.35555555555555557,0.15555555555555556,0.4888888888888889,0.13333333333333333,0.044444444444444446,0.7333333333333333,0.022222222222222223,0.2,0,0
2019,00-0033893,64,-1.492063492063492,0,63,23,14,26,4,0,0.984375,0.359375,0.21875,0.40625,0.0625,0,0.6666666666666666,0.3333333333333333,0,0,0
2019,00-0033895,60,8.116666666666667,12,29,15,10,35,8,0.2,0.48333333333333334,0.25,0.16666666666666666,0.5833333333333334,0.13333333333333333,0.016666666666666666,0.7333333333333333,0.03333333333333333,0.21666666666666667,0,0
2019,00-0033896,14,3.769230769230769,0,7,1,4,8,4,0,0.5,0.07142857142857142,0.2857142857142857,0.5714285714285714,0.2857142857142857,0.07692307692307693,0.9230769230769231,0,0,0,0
2019,00-0033897,45,-0.044444444444444446,2,38,23,6,16,7,0.044444444444444446,0.8444444444444444,0.5111111111111111,0.13333333333333333,0.35555555555555557,0.15555555555555556,0,0.6888888888888889,0.28888888888888886,0.022222222222222223,0,0
2019,00-0033904,1,1,0,1,1,0,0,1,0,1,1,0,0,1,NA,NA,NA,NA,0,0
2019,00-0033906,97,0.26804123711340205,1,85,41,18,38,13,0.010309278350515464,0.8762886597938144,0.422680412371134,0.18556701030927836,0.3917525773195876,0.13402061855670103,0.010309278350515464,0.7422680412371134,0.23711340206185566,0.010309278350515464,0,0
2019,00-0033908,135,7.2388059701492535,19,57,58,43,33,22,0.14074074074074075,0.4222222222222222,0.42962962962962964,0.31851851851851853,0.24444444444444444,0.16296296296296298,0.03731343283582089,0.8134328358208955,0.08208955223880597,0.06716417910447761,0,0
2019,00-0033911,1,33,1,0,1,0,0,0,1,0,1,0,0,0,0,0,0,1,0,0
2019,00-0033921,122,10.47107438016529,36,32,35,33,53,15,0.29508196721311475,0.26229508196721313,0.28688524590163933,0.27049180327868855,0.4344262295081967,0.12295081967213115,0.08264462809917356,0.5454545454545454,0.14049586776859505,0.23140495867768596,0,0
2019,00-0033923,44,0.7954545454545454,1,34,16,9,19,2,0.022727272727272728,0.7727272727272727,0.36363636363636365,0.20454545454545456,0.4318181818181818,0.045454545454545456,0.022727272727272728,0.7045454545454546,0.25,0.022727272727272728,0,0
2019,00-0033932,117,14.637931034482758,47,20,47,28,41,17,0.4017094017094017,0.17094017094017094,0.4017094017094017,0.23931623931623933,0.3504273504273504,0.1452991452991453,0.05172413793103448,0.5258620689655172,0.008620689655172414,0.41379310344827586,0,0
2019,00-0033933,1,15,1,0,0,0,1,0,1,0,0,0,1,0,0,1,0,0,0,0
2019,00-0033943,43,10.674418604651162,13,8,13,13,17,4,0.3023255813953488,0.18604651162790697,0.3023255813953488,0.3023255813953488,0.3953488372093023,0.09302325581395349,0,0.6744186046511628,0.046511627906976744,0.27906976744186046,0,0
2019,00-0033948,45,-0.7555555555555555,0,42,27,5,13,8,0,0.9333333333333333,0.6,0.1111111111111111,0.28888888888888886,0.17777777777777778,0.022222222222222223,0.6888888888888889,0.28888888888888886,0,0,0
2019,00-0033950,15,2.066666666666667,1,13,5,3,7,3,0.06666666666666667,0.8666666666666667,0.3333333333333333,0.2,0.4666666666666667,0.2,0,0.8,0.13333333333333333,0.06666666666666667,0,0
2019,00-0033951,17,-0.29411764705882354,0,17,5,4,8,1,0,1,0.29411764705882354,0.23529411764705882,0.47058823529411764,0.058823529411764705,0,1,0,0,0,0
2019,00-0033994,3,11.333333333333334,1,0,0,0,3,0,0.3333333333333333,0,0,0,1,0,0,0.6666666666666666,0,0.3333333333333333,0,0
2019,00-0034011,14,13,5,1,5,3,6,3,0.35714285714285715,0.07142857142857142,0.35714285714285715,0.21428571428571427,0.42857142857142855,0.21428571428571427,0,0.5,0,0.5,0,0
2019,00-0034034,1,16,1,0,1,0,0,0,1,0,1,0,0,0,0,1,0,0,0,0
2019,00-0034052,12,13.333333333333334,5,1,10,1,1,1,0.4166666666666667,0.08333333333333333,0.8333333333333334,0.08333333333333333,0.08333333333333333,0.08333333333333333,0.3333333333333333,0.3333333333333333,0,0.3333333333333333,0,0
2019,00-0034073,22,5.318181818181818,3,15,7,2,13,3,0.13636363636363635,0.6818181818181818,0.3181818181818182,0.09090909090909091,0.5909090909090909,0.13636363636363635,0,0.7727272727272727,0.045454545454545456,0.18181818181818182,0,0
2019,00-0034081,6,16.833333333333332,4,2,4,0,2,1,0.6666666666666666,0.3333333333333333,0.6666666666666666,0,0.3333333333333333,0.16666666666666666,0.16666666666666666,0.16666666666666666,0,0.6666666666666666,0,0
2019,00-0034104,3,11.666666666666666,1,0,2,1,0,0,0.3333333333333333,0,0.6666666666666666,0.3333333333333333,0,0,0,0.3333333333333333,0,0.6666666666666666,0,0
2019,00-0034109,48,-1.4791666666666667,0,47,13,8,27,6,0,0.9791666666666666,0.2708333333333333,0.16666666666666666,0.5625,0.125,0,0.7708333333333334,0.22916666666666666,0,0,0
2019,00-0034115,5,2.4,0,3,0,4,1,1,0,0.6,0,0.8,0.2,0.2,0.2,0.6,0.2,0,0,0
2019,00-0034132,25,7.666666666666667,2,7,14,3,7,2,0.08,0.28,0.56,0.12,0.28,0.08,0.125,0.7083333333333334,0.041666666666666664,0.125,0,0
2019,00-0034159,27,9.481481481481481,6,8,11,5,11,6,0.2222222222222222,0.2962962962962963,0.4074074074074074,0.18518518518518517,0.4074074074074074,0.2222222222222222,0,0.5185185185185185,0.1111111111111111,0.37037037037037035,0,0
2019,00-0034184,7,0,0,6,5,1,1,1,0,0.8571428571428571,0.7142857142857143,0.14285714285714285,0.14285714285714285,0.14285714285714285,0,0.8571428571428571,0.14285714285714285,0,0,0
2019,00-0034208,4,-1.25,0,4,0,2,2,1,0,1,0,0.5,0.5,0.25,0,0.75,0.25,0,0,0
2019,00-0034253,16,0.3333333333333333,0,13,6,2,7,2,0,0.8125,0.375,0.125,0.4375,0.125,0.06666666666666667,0.8,0.13333333333333333,0,0,0
2019,00-0034256,3,6.333333333333333,0,1,0,0,3,0,0,0.3333333333333333,0,0,1,0,0,0.6666666666666666,0.3333333333333333,0,0,0
2019,00-0034267,3,13,1,2,2,1,0,1,0.3333333333333333,0.6666666666666666,0.6666666666666666,0.3333333333333333,0,0.3333333333333333,0,0.3333333333333333,0,0.6666666666666666,0,0
2019,00-0034270,10,6.1,2,4,3,4,3,0,0.2,0.4,0.3,0.4,0.3,0,0,0.7,0.1,0.2,0,0
2019,00-0034272,56,16.785714285714285,25,15,20,15,21,4,0.44642857142857145,0.26785714285714285,0.35714285714285715,0.26785714285714285,0.375,0.07142857142857142,0.08928571428571429,0.42857142857142855,0.08928571428571429,0.39285714285714285,0,0
2019,00-0034273,24,12.791666666666666,9,6,7,3,14,5,0.375,0.25,0.2916666666666667,0.125,0.5833333333333334,0.20833333333333334,0.125,0.5833333333333334,0.041666666666666664,0.25,0,0
2019,00-0034286,10,11.9,3,2,5,2,3,2,0.3,0.2,0.5,0.2,0.3,0.2,0,0.8,0,0.2,0,0
2019,00-0034297,16,11.125,5,3,7,3,6,2,0.3125,0.1875,0.4375,0.1875,0.375,0.125,0.0625,0.6875,0,0.25,0,0
2019,00-0034301,19,1.105263157894737,2,15,9,2,8,2,0.10526315789473684,0.7894736842105263,0.47368421052631576,0.10526315789473684,0.42105263157894735,0.10526315789473684,0,0.7368421052631579,0.15789473684210525,0.10526315789473684,0,0
2019,00-0034309,2,2,0,2,0,1,1,0,0,1,0,0.5,0.5,0,0,0.5,0.5,0,0,0
2019,00-0034319,4,9.5,2,2,1,2,1,0,0.5,0.5,0.25,0.5,0.25,0,0,1,0,0,0,0
2019,00-0034331,57,-0.7894736842105263,1,54,25,12,20,8,0.017543859649122806,0.9473684210526315,0.43859649122807015,0.21052631578947367,0.3508771929824561,0.14035087719298245,0.017543859649122806,0.8070175438596491,0.15789473684210525,0.017543859649122806,0,0
2019,00-0034339,48,6.8936170212765955,4,24,17,19,11,6,0.08333333333333333,0.5,0.3541666666666667,0.3958333333333333,0.22916666666666666,0.125,0.06382978723404255,0.851063829787234,0.0425531914893617,0.0425531914893617,0,0
2019,00-0034348,124,11.580645161290322,35,27,51,22,51,20,0.28225806451612906,0.21774193548387097,0.4112903225806452,0.1774193548387097,0.4112903225806452,0.16129032258064516,0.10483870967741936,0.532258064516129,0.03225806451612903,0.33064516129032256,0,0
2019,00-0034349,15,4.6,2,10,4,2,9,1,0.13333333333333333,0.6666666666666666,0.26666666666666666,0.13333333333333333,0.6,0.06666666666666667,0,0.6,0.2,0.2,0,0
2019,00-0034351,87,5.747126436781609,13,43,32,24,31,11,0.14942528735632185,0.4942528735632184,0.367816091954023,0.27586206896551724,0.3563218390804598,0.12643678160919541,0.03488372093023256,0.6976744186046512,0.13953488372093023,0.12790697674418605,0,0
2019,00-0034353,85,10.176470588235293,25,26,29,25,31,10,0.29411764705882354,0.3058823529411765,0.3411764705882353,0.29411764705882354,0.36470588235294116,0.11764705882352941,0.058823529411764705,0.6352941176470588,0.10588235294117647,0.2,0,0
2019,00-0034358,9,-0.3333333333333333,0,9,3,3,3,1,0,1,0.3333333333333333,0.3333333333333333,0.3333333333333333,0.1111111111111111,0,1,0,0,0,0
2019,00-0034364,55,7.1454545454545455,9,29,17,16,22,6,0.16363636363636364,0.5272727272727272,0.3090909090909091,0.2909090909090909,0.4,0.10909090909090909,0.01818181818181818,0.8363636363636363,0,0.14545454545454545,0,0
2019,00-0034365,30,6.8,4,17,8,7,15,2,0.13333333333333333,0.5666666666666667,0.26666666666666666,0.23333333333333334,0.5,0.06666666666666667,0,0.9,0,0.1,0,0
2019,00-0034366,36,7.555555555555555,5,10,10,13,13,3,0.1388888888888889,0.2777777777777778,0.2777777777777778,0.3611111111111111,0.3611111111111111,0.08333333333333333,0.08333333333333333,0.7777777777777778,0.027777777777777776,0.1111111111111111,0,0
2019,00-0034367,58,1.3275862068965518,2,49,25,12,21,5,0.034482758620689655,0.8448275862068966,0.43103448275862066,0.20689655172413793,0.3620689655172414,0.08620689655172414,0,0.8448275862068966,0.10344827586206896,0.05172413793103448,0,0
2019,00-0034370,52,8.134615384615385,11,17,18,16,18,6,0.21153846153846154,0.3269230769230769,0.34615384615384615,0.3076923076923077,0.34615384615384615,0.11538461538461539,0.11538461538461539,0.7692307692307693,0,0.11538461538461539,0,0
2019,00-0034378,14,1.7142857142857142,0,11,6,2,6,3,0,0.7857142857142857,0.42857142857142855,0.14285714285714285,0.42857142857142855,0.21428571428571427,0,0.9285714285714286,0.07142857142857142,0,0,0
2019,00-0034383,2,10,1,0,1,0,1,0,0.5,0,0.5,0,0.5,0,0,1,0,0,0,0
2019,00-0034386,26,13.538461538461538,7,2,13,8,5,4,0.2692307692307692,0.07692307692307693,0.5,0.3076923076923077,0.19230769230769232,0.15384615384615385,0,0.7307692307692307,0,0.2692307692307692,0,0
2019,00-0034389,1,30,1,0,0,0,1,0,1,0,0,0,1,0,NA,NA,NA,NA,0,0
2019,00-0034393,9,4.555555555555555,0,5,3,3,3,1,0,0.5555555555555556,0.3333333333333333,0.3333333333333333,0.3333333333333333,0.1111111111111111,0.1111111111111111,0.7777777777777778,0,0.1111111111111111,0,0
2019,00-0034399,1,-5,0,1,0,0,1,0,0,1,0,0,1,0,NA,NA,NA,NA,0,0
2019,00-0034400,11,1.3636363636363635,0,9,5,3,3,1,0,0.8181818181818182,0.45454545454545453,0.2727272727272727,0.2727272727272727,0.09090909090909091,0,0.9090909090909091,0.09090909090909091,0,0,0
2019,00-0034406,20,11.35,6,3,8,1,11,1,0.3,0.15,0.4,0.05,0.55,0.05,0.05,0.55,0.05,0.35,0,0
2019,00-0034411,74,7.094594594594595,8,25,37,18,19,14,0.10810810810810811,0.33783783783783783,0.5,0.24324324324324326,0.25675675675675674,0.1891891891891892,0.13513513513513514,0.581081081081081,0.12162162162162163,0.16216216216216217,0,0
2019,00-0034414,26,-1.7692307692307692,1,24,9,3,14,0,0.038461538461538464,0.9230769230769231,0.34615384615384615,0.11538461538461539,0.5384615384615384,0,0,0.6538461538461539,0.2692307692307692,0.07692307692307693,0,0
2019,00-0034418,8,16.75,3,0,7,0,1,0,0.375,0,0.875,0,0.125,0,0,0.75,0,0.25,0,0
2019,00-0034419,13,8.23076923076923,2,4,5,2,6,0,0.15384615384615385,0.3076923076923077,0.38461538461538464,0.15384615384615385,0.46153846153846156,0,0,0.7692307692307693,0.07692307692307693,0.15384615384615385,0,0
2019,00-0034420,3,2.6666666666666665,0,2,1,0,2,1,0,0.6666666666666666,0.3333333333333333,0,0.6666666666666666,0.3333333333333333,0,0.6666666666666666,0,0.3333333333333333,0,0
2019,00-0034426,39,11.564102564102564,11,8,14,13,12,6,0.28205128205128205,0.20512820512820512,0.358974358974359,0.3333333333333333,0.3076923076923077,0.15384615384615385,0.02564102564102564,0.6666666666666666,0.05128205128205128,0.2564102564102564,0,0
2019,00-0034432,4,-2,0,4,2,0,2,0,0,1,0.5,0,0.5,0,0,1,0,0,0,0
2019,00-0034433,6,0,0,5,2,1,3,1,0,0.8333333333333334,0.3333333333333333,0.16666666666666666,0.5,0.16666666666666666,0,0.6666666666666666,0.16666666666666666,0.16666666666666666,0,0
2019,00-0034439,9,8.666666666666666,2,2,3,3,3,1,0.2222222222222222,0.2222222222222222,0.3333333333333333,0.3333333333333333,0.3333333333333333,0.1111111111111111,0,0.7777777777777778,0,0.2222222222222222,0,0
2019,00-0034440,11,-1.0909090909090908,0,10,3,2,6,3,0,0.9090909090909091,0.2727272727272727,0.18181818181818182,0.5454545454545454,0.2727272727272727,0,0.7272727272727273,0.18181818181818182,0.09090909090909091,0,0
2019,00-0034487,13,15.923076923076923,6,1,4,3,6,3,0.46153846153846156,0.07692307692307693,0.3076923076923077,0.23076923076923078,0.46153846153846156,0.23076923076923078,0.07692307692307693,0.3076923076923077,0,0.6153846153846154,0,0
2019,00-0034510,18,25.055555555555557,13,2,8,4,6,1,0.7222222222222222,0.1111111111111111,0.4444444444444444,0.2222222222222222,0.3333333333333333,0.05555555555555555,0,0.3888888888888889,0,0.6111111111111112,0,0
2019,00-0034521,52,14.153846153846153,20,13,18,11,23,4,0.38461538461538464,0.25,0.34615384615384615,0.21153846153846154,0.4423076923076923,0.07692307692307693,0.11538461538461539,0.5192307692307693,0.07692307692307693,0.28846153846153844,0,0
2019,00-0034578,9,2.888888888888889,1,7,3,2,4,0,0.1111111111111111,0.7777777777777778,0.3333333333333333,0.2222222222222222,0.4444444444444444,0,0,0.7777777777777778,0.1111111111111111,0.1111111111111111,0,0
2019,00-0034593,10,13.4,3,1,4,1,5,1,0.3,0.1,0.4,0.1,0.5,0.1,0.1,0.8,0,0.1,0,0
2019,00-0034613,5,11,1,1,2,1,2,3,0.2,0.2,0.4,0.2,0.4,0.6,0.2,0.6,0,0.2,0,0
2019,00-0034631,31,12.03225806451613,8,5,6,12,13,3,0.25806451612903225,0.16129032258064516,0.1935483870967742,0.3870967741935484,0.41935483870967744,0.0967741935483871,0,0.7741935483870968,0.06451612903225806,0.16129032258064516,0,0
2019,00-0034653,4,22,2,1,0,2,2,0,0.5,0.25,0,0.5,0.5,0,0.25,0.25,0,0.5,0,0
2019,00-0034654,1,2,0,1,0,0,1,0,0,1,0,0,1,0,0,1,0,0,0,0
2019,00-0034660,2,24.5,2,0,1,0,1,0,1,0,0.5,0,0.5,0,0,0.5,0,0.5,0,0
2019,00-0034676,80,15.825,37,17,27,19,34,2,0.4625,0.2125,0.3375,0.2375,0.425,0.025,0.0625,0.525,0.0375,0.375,0,0
2019,00-0034679,21,-1.1428571428571428,0,20,10,5,6,1,0,0.9523809523809523,0.47619047619047616,0.23809523809523808,0.2857142857142857,0.047619047619047616,0,0.7142857142857143,0.2857142857142857,0,0,0
2019,00-0034681,21,0.23809523809523808,0,18,11,2,8,6,0,0.8571428571428571,0.5238095238095238,0.09523809523809523,0.38095238095238093,0.2857142857142857,0,0.7142857142857143,0.2857142857142857,0,0,0
2019,00-0034686,80,11.6625,30,14,26,20,34,14,0.375,0.175,0.325,0.25,0.425,0.175,0.075,0.55,0.025,0.35,0,0
2019,00-0034735,1,30,1,0,1,0,0,0,1,0,1,0,0,0,0,0,0,1,0,0
2019,00-0034747,10,12.8,3,2,5,2,3,1,0.3,0.2,0.5,0.2,0.3,0.1,0,0.5,0.1,0.4,0,0
2019,00-0034750,11,2.272727272727273,2,7,6,1,4,2,0.18181818181818182,0.6363636363636364,0.5454545454545454,0.09090909090909091,0.36363636363636365,0.18181818181818182,0,0.5454545454545454,0.18181818181818182,0.2727272727272727,0,0
2019,00-0034753,98,10.561224489795919,26,24,22,46,30,15,0.2653061224489796,0.24489795918367346,0.22448979591836735,0.46938775510204084,0.30612244897959184,0.15306122448979592,0.030927835051546393,0.711340206185567,0.010309278350515464,0.24742268041237114,0,0
2019,00-0034764,113,12.575221238938052,29,15,42,25,46,8,0.25663716814159293,0.13274336283185842,0.37168141592920356,0.22123893805309736,0.40707964601769914,0.07079646017699115,0.20353982300884957,0.5663716814159292,0.017699115044247787,0.21238938053097345,0,0
2019,00-0034765,26,8.88,4,8,8,5,12,5,0.15384615384615385,0.3076923076923077,0.3076923076923077,0.19230769230769232,0.46153846153846156,0.19230769230769232,0.041666666666666664,0.75,0.041666666666666664,0.16666666666666666,0,0
2019,00-0034766,2,6,0,1,1,0,1,0,0,0.5,0.5,0,0.5,0,0,1,0,0,0,0
2019,00-0034772,15,10.2,3,4,7,4,4,5,0.2,0.26666666666666666,0.4666666666666667,0.26666666666666666,0.26666666666666666,0.3333333333333333,0.2,0.3333333333333333,0.13333333333333333,0.3333333333333333,0,0
2019,00-0034773,1,1,0,1,0,0,1,1,0,1,0,0,1,1,0,1,0,0,0,0
2019,00-0034775,109,9.99074074074074,28,37,17,22,69,13,0.25688073394495414,0.3394495412844037,0.1559633027522936,0.2018348623853211,0.6330275229357798,0.11926605504587157,0.08333333333333333,0.6018518518518519,0.14814814814814814,0.16666666666666666,0,0
2019,00-0034777,120,11.788135593220339,35,30,43,20,55,17,0.2916666666666667,0.25,0.35833333333333334,0.16666666666666666,0.4583333333333333,0.14166666666666666,0.0847457627118644,0.559322033898305,0.0847457627118644,0.2711864406779661,0,0
2019,00-0034788,10,8.6,3,4,3,4,3,1,0.3,0.4,0.3,0.4,0.3,0.1,0,0.7,0,0.3,0,0
2019,00-0034791,49,-0.5714285714285714,1,45,24,11,14,4,0.02040816326530612,0.9183673469387755,0.4897959183673469,0.22448979591836735,0.2857142857142857,0.08163265306122448,0.02040816326530612,0.7142857142857143,0.24489795918367346,0.02040816326530612,0,0
2019,00-0034794,1,1,0,1,0,1,0,1,0,1,0,1,0,1,NA,NA,NA,NA,0,0
2019,00-0034798,14,9.857142857142858,4,4,4,5,5,1,0.2857142857142857,0.2857142857142857,0.2857142857142857,0.35714285714285715,0.35714285714285715,0.07142857142857142,0.2857142857142857,0.5,0,0.21428571428571427,0,0
2019,00-0034799,24,-0.3333333333333333,0,20,13,1,10,5,0,0.8333333333333334,0.5416666666666666,0.041666666666666664,0.4166666666666667,0.20833333333333334,0,0.8333333333333334,0.16666666666666666,0,0,0
2019,00-0034816,40,0.75,0,37,22,6,12,1,0,0.925,0.55,0.15,0.3,0.025,0.05,0.8,0.15,0,0,0
2019,00-0034827,136,11.037037037037036,32,30,74,23,38,14,0.23529411764705882,0.22058823529411764,0.5441176470588235,0.16911764705882354,0.27941176470588236,0.10294117647058823,0.22962962962962963,0.5037037037037037,0.06666666666666667,0.2,0,0
2019,00-0034829,89,9.9438202247191,22,27,37,22,30,11,0.24719101123595505,0.30337078651685395,0.4157303370786517,0.24719101123595505,0.33707865168539325,0.12359550561797752,0.02247191011235955,0.6629213483146067,0,0.3146067415730337,0,0
2019,00-0034830,39,8.461538461538462,7,13,11,15,13,7,0.1794871794871795,0.3333333333333333,0.28205128205128205,0.38461538461538464,0.3333333333333333,0.1794871794871795,0,0.8205128205128205,0,0.1794871794871795,0,0
2019,00-0034837,95,13.397849462365592,32,17,39,15,39,10,0.3368421052631579,0.17894736842105263,0.4105263157894737,0.15789473684210525,0.4105263157894737,0.10526315789473684,0.053763440860215055,0.7204301075268817,0.03225806451612903,0.1935483870967742,0,0
2019,00-0034838,50,0.18,0,41,19,10,21,6,0,0.82,0.38,0.2,0.42,0.12,0.06,0.86,0.08,0,0,0
2019,00-0034844,73,0.8356164383561644,2,64,31,11,31,7,0.0273972602739726,0.8767123287671232,0.4246575342465753,0.1506849315068493,0.4246575342465753,0.0958904109589041,0,0.7397260273972602,0.1780821917808219,0.0821917808219178,0,0
2019,00-0034845,20,-0.75,0,18,8,4,8,5,0,0.9,0.4,0.2,0.4,0.25,0,0.7,0.3,0,0,0
2019,00-0034854,10,16.1,5,1,3,2,5,1,0.5,0.1,0.3,0.2,0.5,0.1,0.3,0.2,0,0.5,0,0
2019,00-0034860,24,7.875,5,6,8,5,11,3,0.20833333333333334,0.25,0.3333333333333333,0.20833333333333334,0.4583333333333333,0.125,0.125,0.625,0.041666666666666664,0.20833333333333334,0,0
2019,00-0034867,22,12,7,4,4,9,9,2,0.3181818181818182,0.18181818181818182,0.18181818181818182,0.4090909090909091,0.4090909090909091,0.09090909090909091,0.18181818181818182,0.5454545454545454,0.045454545454545456,0.22727272727272727,0,0
2019,00-0034922,4,14.5,1,1,3,0,1,0,0.25,0.25,0.75,0,0.25,0,0,0.75,0,0.25,0,0
2019,00-0034928,56,6.839285714285714,8,25,15,19,22,9,0.14285714285714285,0.44642857142857145,0.26785714285714285,0.3392857142857143,0.39285714285714285,0.16071428571428573,0.05357142857142857,0.6607142857142857,0.125,0.16071428571428573,0,0
2019,00-0034959,12,2.1666666666666665,0,8,4,2,6,3,0,0.6666666666666666,0.3333333333333333,0.16666666666666666,0.5,0.25,0,0.9166666666666666,0.08333333333333333,0,0,0
2019,00-0034960,41,10.292682926829269,13,9,19,6,16,4,0.3170731707317073,0.21951219512195122,0.4634146341463415,0.14634146341463414,0.3902439024390244,0.0975609756097561,0,0.7804878048780488,0,0.21951219512195122,0,0
2019,00-0034970,47,5.638297872340425,7,29,15,14,18,10,0.14893617021276595,0.6170212765957447,0.3191489361702128,0.2978723404255319,0.3829787234042553,0.2127659574468085,0.02127659574468085,0.7446808510638298,0.0425531914893617,0.19148936170212766,0,0
2019,00-0034972,12,2.25,1,9,5,2,5,0,0.08333333333333333,0.75,0.4166666666666667,0.16666666666666666,0.4166666666666667,0,0,0.8333333333333334,0.08333333333333333,0.08333333333333333,0,0
2019,00-0034975,15,1.5333333333333334,2,11,3,3,9,3,0.13333333333333333,0.7333333333333333,0.2,0.2,0.6,0.2,0.13333333333333333,0.7333333333333333,0.06666666666666667,0.06666666666666667,0,0
2019,00-0034981,25,4.4,3,18,3,9,13,7,0.12,0.72,0.12,0.36,0.52,0.28,0.04,0.8,0.04,0.12,0,0
2019,00-0034983,72,7.028169014084507,10,26,29,21,21,13,0.1388888888888889,0.3611111111111111,0.4027777777777778,0.2916666666666667,0.2916666666666667,0.18055555555555555,0.19718309859154928,0.6056338028169014,0.08450704225352113,0.11267605633802817,0,0
2019,00-0034988,43,5.738095238095238,5,20,10,14,18,7,0.11627906976744186,0.46511627906976744,0.23255813953488372,0.32558139534883723,0.4186046511627907,0.16279069767441862,0,0.7619047619047619,0.09523809523809523,0.14285714285714285,0,0
2019,00-0035006,45,9.577777777777778,10,11,17,12,16,7,0.2222222222222222,0.24444444444444444,0.37777777777777777,0.26666666666666666,0.35555555555555557,0.15555555555555556,0,0.8444444444444444,0.044444444444444446,0.1111111111111111,0,0
2019,00-0035013,4,-0.25,0,3,2,1,1,0,0,0.75,0.5,0.25,0.25,0,0,0.5,0.5,0,0,0
2019,00-0035021,2,-3,0,2,2,0,0,0,0,1,1,0,0,0,0,0,1,0,0,0
2019,00-0035025,15,7.571428571428571,3,5,5,5,4,5,0.2,0.3333333333333333,0.3333333333333333,0.3333333333333333,0.26666666666666666,0.3333333333333333,0.14285714285714285,0.42857142857142855,0.14285714285714285,0.2857142857142857,0,0
2019,00-0035039,7,7.285714285714286,1,2,4,2,1,1,0.14285714285714285,0.2857142857142857,0.5714285714285714,0.2857142857142857,0.14285714285714285,0.14285714285714285,0,0.7142857142857143,0,0.2857142857142857,0,0
2019,00-0035040,1,14,0,0,1,0,0,1,0,0,1,0,0,1,0,1,0,0,0,0
2019,00-0035099,5,4,1,4,1,1,3,1,0.2,0.8,0.2,0.2,0.6,0.2,0,0.8,0,0.2,0,0
2019,00-0035104,4,18.75,2,0,3,0,1,1,0.5,0,0.75,0,0.25,0.25,0.25,0.25,0,0.5,0,0
2019,00-0035120,14,8.857142857142858,4,4,5,7,2,1,0.2857142857142857,0.2857142857142857,0.35714285714285715,0.5,0.14285714285714285,0.07142857142857142,0,0.9285714285714286,0,0.07142857142857142,0,0
2019,00-0035125,6,1,0,6,1,0,5,2,0,1,0.16666666666666666,0,0.8333333333333334,0.3333333333333333,0,1,0,0,0,0
2019,00-0035140,41,11.048780487804878,14,17,19,7,15,6,0.34146341463414637,0.4146341463414634,0.4634146341463415,0.17073170731707318,0.36585365853658536,0.14634146341463414,0.024390243902439025,0.5609756097560976,0.1951219512195122,0.21951219512195122,0,0
2019,00-0035148,10,-1.6,0,10,5,0,5,1,0,1,0.5,0,0.5,0.1,0,0.7,0.3,0,0,0
2019,00-0035181,2,4,0,1,1,0,1,2,0,0.5,0.5,0,0.5,1,0,0.5,0.5,0,0,0
2019,00-0035184,5,1.2,0,5,0,1,4,0,0,1,0,0.2,0.8,0,0,1,0,0,0,0
2019,00-0035208,5,13.8,1,0,2,0,3,0,0.2,0,0.4,0,0.6,0,0.4,0.4,0,0.2,0,0
2019,00-0035215,6,-2.1666666666666665,0,6,3,1,2,0,0,1,0.5,0.16666666666666666,0.3333333333333333,0,0,0.3333333333333333,0.6666666666666666,0,0,0
2019,00-0035216,92,9.16304347826087,19,44,43,20,29,7,0.20652173913043478,0.4782608695652174,0.4673913043478261,0.21739130434782608,0.31521739130434784,0.07608695652173914,0.09782608695652174,0.6739130434782609,0.08695652173913043,0.14130434782608695,0,0
2019,00-0035217,4,-0.5,0,3,3,0,1,0,0,0.75,0.75,0,0.25,0,0,0.75,0.25,0,0,0
2019,00-0035222,1,2,0,1,0,1,0,0,0,1,0,1,0,0,1,0,0,0,0,0
2019,00-0035229,59,7.711864406779661,9,20,18,15,26,7,0.15254237288135594,0.3389830508474576,0.3050847457627119,0.2542372881355932,0.4406779661016949,0.11864406779661017,0.03389830508474576,0.6949152542372882,0.06779661016949153,0.2033898305084746,0,0
2019,00-0035231,1,0,0,1,0,0,1,1,0,1,0,0,1,1,0,1,0,0,0,0
2019,00-0035235,1,-3,0,1,0,0,1,0,0,1,0,0,1,0,NA,NA,NA,NA,0,0
2019,00-0035243,63,2.0793650793650795,7,51,24,10,29,11,0.1111111111111111,0.8095238095238095,0.38095238095238093,0.15873015873015872,0.4603174603174603,0.1746031746031746,0,0.6031746031746031,0.2857142857142857,0.1111111111111111,0,0
2019,00-0035246,22,17.428571428571427,11,2,7,4,10,4,0.5,0.09090909090909091,0.3181818181818182,0.18181818181818182,0.45454545454545453,0.18181818181818182,0.13636363636363635,0.5,0,0.36363636363636365,0,0
2019,00-0035249,6,7.333333333333333,1,3,1,2,3,1,0.16666666666666666,0.5,0.16666666666666666,0.3333333333333333,0.5,0.16666666666666666,0,1,0,0,0,0
2019,00-0035250,41,1.4878048780487805,3,34,22,3,16,5,0.07317073170731707,0.8292682926829268,0.5365853658536586,0.07317073170731707,0.3902439024390244,0.12195121951219512,0.024390243902439025,0.6829268292682927,0.21951219512195122,0.07317073170731707,0,0
2019,00-0035259,3,2.6666666666666665,0,2,0,0,3,1,0,0.6666666666666666,0,0,1,0.3333333333333333,0,1,0,0,0,0
2019,00-0035261,20,-0.9,1,17,6,8,6,6,0.05,0.85,0.3,0.4,0.3,0.3,0,0.85,0.1,0.05,0,0
2019,00-0035268,24,1.8333333333333333,0,18,13,4,7,3,0,0.75,0.5416666666666666,0.16666666666666666,0.2916666666666667,0.125,0,0.9583333333333334,0.041666666666666664,0,0,0
2019,00-0035273,2,1.5,0,2,1,1,0,0,0,1,0.5,0.5,0,0,0,1,0,0,0,0
2019,00-0035287,43,9.380952380952381,9,12,8,3,31,7,0.20930232558139536,0.27906976744186046,0.18604651162790697,0.06976744186046512,0.7209302325581395,0.16279069767441862,0.11904761904761904,0.6190476190476191,0.047619047619047616,0.21428571428571427,0,0
2019,00-0035297,44,11.409090909090908,14,9,17,15,12,6,0.3181818181818182,0.20454545454545456,0.38636363636363635,0.3409090909090909,0.2727272727272727,0.13636363636363635,0.13636363636363635,0.5681818181818182,0,0.29545454545454547,0,0
2019,00-0035298,26,17.884615384615383,13,4,10,3,13,2,0.5,0.15384615384615385,0.38461538461538464,0.11538461538461539,0.5,0.07692307692307693,0,0.5,0.038461538461538464,0.46153846153846156,0,0
2019,00-0035308,13,9.076923076923077,4,6,2,4,7,2,0.3076923076923077,0.46153846153846156,0.15384615384615385,0.3076923076923077,0.5384615384615384,0.15384615384615385,0.07692307692307693,0.5384615384615384,0.07692307692307693,0.3076923076923077,0,0
2019,00-0035311,12,0.16666666666666666,0,10,3,4,5,2,0,0.8333333333333334,0.25,0.3333333333333333,0.4166666666666667,0.16666666666666666,0,0.75,0.25,0,0,0
2019,00-0035342,31,1.4,1,25,8,7,15,6,0.03225806451612903,0.8064516129032258,0.25806451612903225,0.22580645161290322,0.4838709677419355,0.1935483870967742,0.03333333333333333,0.7333333333333333,0.16666666666666666,0.06666666666666667,0,0
2019,00-0035350,60,14.016666666666667,22,5,31,10,19,10,0.36666666666666664,0.08333333333333333,0.5166666666666667,0.16666666666666666,0.31666666666666665,0.16666666666666666,0.11666666666666667,0.55,0,0.3333333333333333,0,0
2019,00-0035374,3,4,0,2,2,0,1,0,0,0.6666666666666666,0.6666666666666666,0,0.3333333333333333,0,0,1,0,0,0,0
2019,00-0035399,10,6.6,1,3,3,2,5,3,0.1,0.3,0.3,0.2,0.5,0.3,0.3,0.7,0,0,0,0
2019,00-0035401,16,11.1875,2,1,4,4,8,0,0.125,0.0625,0.25,0.25,0.5,0,0.0625,0.8125,0,0.125,0,0
2019,00-0035406,1,15,1,0,0,0,1,0,1,0,0,0,1,0,0,1,0,0,0,0
2019,00-0035414,2,37.5,2,0,0,1,1,0,1,0,0,0.5,0.5,0,0,0,0,1,0,0
2019,00-0035432,5,23.8,4,0,3,2,0,0,0.8,0,0.6,0.4,0,0,0,0.2,0,0.8,0,0
2019,00-0035489,2,-1,0,2,1,0,1,0,0,1,0.5,0,0.5,0,0,0.5,0.5,0,0,0
2019,00-0035510,2,24,1,0,1,0,1,0,0.5,0,0.5,0,0.5,0,0,1,0,0,0,0
2019,00-0035527,13,6.3076923076923075,3,5,8,3,2,1,0.23076923076923078,0.38461538461538464,0.6153846153846154,0.23076923076923078,0.15384615384615385,0.07692307692307693,0.07692307692307693,0.6153846153846154,0.15384615384615385,0.15384615384615385,0,0
2019,00-0035535,85,14.023809523809524,31,9,41,10,33,8,0.36470588235294116,0.10588235294117647,0.4823529411764706,0.11764705882352941,0.38823529411764707,0.09411764705882353,0.08333333333333333,0.5952380952380952,0.03571428571428571,0.2857142857142857,0,0
2019,00-0035537,31,1.967741935483871,2,25,10,10,11,1,0.06451612903225806,0.8064516129032258,0.3225806451612903,0.3225806451612903,0.3548387096774194,0.03225806451612903,0,0.7741935483870968,0.16129032258064516,0.06451612903225806,0,0
2019,00-0035539,3,1.3333333333333333,0,3,0,0,3,1,0,1,0,0,1,0.3333333333333333,0,1,0,0,0,0
2019,00-0035548,1,15,1,0,1,0,0,1,1,0,1,0,0,1,0,0,0,1,0,0
2019,00-0035553,1,3,0,1,1,0,0,0,0,1,1,0,0,0,0,1,0,0,0,0
2019,00-0035562,10,6.6,2,4,2,5,3,3,0.2,0.4,0.2,0.5,0.3,0.3,0.1,0.6,0.2,0.1,0,0
2019,00-0035588,1,-4,0,1,0,0,1,0,0,1,0,0,1,0,NA,NA,NA,NA,0,0
2019,00-0035590,7,8.857142857142858,1,1,1,3,3,0,0.14285714285714285,0.14285714285714285,0.14285714285714285,0.42857142857142855,0.42857142857142855,0,0.14285714285714285,0.5714285714285714,0.14285714285714285,0.14285714285714285,0,0
2019,00-0035592,3,22,1,0,0,1,2,0,0.3333333333333333,0,0,0.3333333333333333,0.6666666666666666,0,0,0.6666666666666666,0,0.3333333333333333,0,0
2019,00-0035594,13,-0.3076923076923077,0,12,4,2,7,1,0,0.9230769230769231,0.3076923076923077,0.15384615384615385,0.5384615384615384,0.07692307692307693,0,0.8461538461538461,0.15384615384615385,0,0,0
2019,00-0035596,1,-2,0,1,1,0,0,0,0,1,1,0,0,0,0,1,0,0,0,0
2019,00-0035597,1,11,0,0,0,0,1,1,0,0,0,0,1,1,0,1,0,0,0,0
2019,00-0035624,24,9.333333333333334,6,9,18,1,5,6,0.25,0.375,0.75,0.041666666666666664,0.20833333333333334,0.25,0.08333333333333333,0.5,0.041666666666666664,0.375,0,0
2019,00-0035628,7,4.857142857142857,1,5,3,2,2,0,0.14285714285714285,0.7142857142857143,0.42857142857142855,0.2857142857142857,0.2857142857142857,0,0,0.7142857142857143,0.2857142857142857,0,0,0
2019,00-0035631,6,7,1,4,1,2,3,0,0.16666666666666666,0.6666666666666666,0.16666666666666666,0.3333333333333333,0.5,0,0,0.8333333333333334,0,0.16666666666666666,0,0
2019,00-0035639,24,7.833333333333333,3,15,11,2,11,5,0.125,0.625,0.4583333333333333,0.08333333333333333,0.4583333333333333,0.20833333333333334,0.08333333333333333,0.5,0.2916666666666667,0.125,0,0
2019,00-0035640,102,12.93,33,18,74,11,15,20,0.3235294117647059,0.17647058823529413,0.7254901960784313,0.10784313725490197,0.14705882352941177,0.19607843137254902,0.13,0.37,0.09,0.41,0,0
2019,00-0035644,66,7.621212121212121,13,28,21,19,26,9,0.19696969696969696,0.42424242424242425,0.3181818181818182,0.2878787878787879,0.3939393939393939,0.13636363636363635,0,0.6212121212121212,0.07575757575757576,0.30303030303030304,0,0
2019,00-0035645,4,6,1,2,2,1,1,0,0.25,0.5,0.5,0.25,0.25,0,0,0.75,0.25,0,0,0
2019,00-0035659,94,14.021505376344086,33,11,38,35,20,14,0.35106382978723405,0.11702127659574468,0.40425531914893614,0.3723404255319149,0.2127659574468085,0.14893617021276595,0.16129032258064516,0.46236559139784944,0.03225806451612903,0.34408602150537637,0,0
2019,00-0035662,71,11.014084507042254,20,21,15,28,28,13,0.28169014084507044,0.29577464788732394,0.2112676056338028,0.39436619718309857,0.39436619718309857,0.18309859154929578,0.1267605633802817,0.5211267605633803,0.056338028169014086,0.29577464788732394,0,0
2019,00-0035664,6,0.5,0,5,3,2,1,0,0,0.8333333333333334,0.5,0.3333333333333333,0.16666666666666666,0,0,1,0,0,0,0
2019,00-0035665,1,4,0,1,0,1,0,0,0,1,0,1,0,0,NA,NA,NA,NA,0,0
2019,00-0035669,1,3,0,1,0,0,1,0,0,1,0,0,1,0,NA,NA,NA,NA,0,0
2019,00-0035671,1,13,0,0,0,1,0,1,0,0,0,1,0,1,0,0,0,1,0,0
2019,00-0035676,84,13.178571428571429,24,14,35,20,29,8,0.2857142857142857,0.16666666666666666,0.4166666666666667,0.23809523809523808,0.34523809523809523,0.09523809523809523,0.16666666666666666,0.5833333333333334,0.047619047619047616,0.20238095238095238,0,0
2019,00-0035685,35,2.6857142857142855,4,30,11,9,15,2,0.11428571428571428,0.8571428571428571,0.3142857142857143,0.2571428571428571,0.42857142857142855,0.05714285714285714,0,0.7142857142857143,0.14285714285714285,0.14285714285714285,0,0
2019,00-0035686,1,0,0,1,0,1,0,0,0,1,0,1,0,0,NA,NA,NA,NA,0,0
2019,00-0035689,50,9.1,14,16,16,13,21,6,0.28,0.32,0.32,0.26,0.42,0.12,0.08,0.58,0.02,0.32,0,0
2019,00-0035700,27,-1.2592592592592593,0,27,11,6,10,3,0,1,0.4074074074074074,0.2222222222222222,0.37037037037037035,0.1111111111111111,0,0.9629629629629629,0.037037037037037035,0,0,0
2019,00-0035703,22,17.181818181818183,9,1,10,7,5,4,0.4090909090909091,0.045454545454545456,0.45454545454545453,0.3181818181818182,0.22727272727272727,0.18181818181818182,0.09090909090909091,0.5454545454545454,0,0.36363636363636365,0,0
2019,00-0035719,82,7.382716049382716,15,31,26,24,31,18,0.18292682926829268,0.3780487804878049,0.3170731707317073,0.2926829268292683,0.3780487804878049,0.21951219512195122,0.16049382716049382,0.5679012345679012,0.13580246913580246,0.13580246913580246,0,0
2019,00-0035726,2,3.5,0,2,0,0,2,0,0,1,0,0,1,0,0,1,0,0,0,0
