season,week,game_id,defense,blitz_rate_direct,avg_box
2024,1,2024_01_ARI_BUF,ARI,0.0875,4.6375
2024,1,2024_01_ARI_BUF,BUF,0.14864864864864866,5.108108108108108
2024,1,2024_01_BAL_KC,BAL,0.07246376811594203,4.579710144927536
2024,1,2024_01_BAL_KC,KC,0.1595744680851064,4.882978723404255
2024,1,2024_01_CAR_NO,CAR,0.1375,4.725
2024,1,2024_01_CAR_NO,NO,0.2077922077922078,4.4935064935064934
2024,1,2024_01_DAL_CLE,CLE,0.07228915662650602,4.337349397590361
2024,1,2024_01_DAL_CLE,DAL,0.16494845360824742,4.505154639175258
2024,1,2024_01_DEN_SEA,DEN,0.13095238095238096,4.654761904761905
2024,1,2024_01_DEN_SEA,SEA,0.17391304347826086,4.673913043478261
2024,1,2024_01_GB_PHI,GB,0.10752688172043011,4.989247311827957
2024,1,2024_01_GB_PHI,PHI,0.16470588235294117,4.635294117647059
2024,1,2024_01_HOU_IND,HOU,0.03389830508474576,4.4576271186440675
2024,1,2024_01_HOU_IND,IND,0.11702127659574468,4.776595744680851
2024,1,2024_01_JAX_MIA,JAX,0.10588235294117647,4.964705882352941
2024,1,2024_01_JAX_MIA,MIA,0.12857142857142856,4.4
2024,1,2024_01_LA_DET,DET,0.09782608695652174,5.489130434782608
2024,1,2024_01_LA_DET,LA,0.06493506493506493,4.935064935064935
2024,1,2024_01_LV_LAC,LAC,0.14864864864864866,4.824324324324325
2024,1,2024_01_LV_LAC,LV,0.12,4.466666666666667
2024,1,2024_01_MIN_NYG,MIN,0.20689655172413793,4.793103448275862
2024,1,2024_01_MIN_NYG,NYG,0.07462686567164178,4.8059701492537314
2024,1,2024_01_NE_CIN,CIN,0.08860759493670886,4.987341772151899
2024,1,2024_01_NE_CIN,NE,0.19672131147540983,5.098360655737705
2024,1,2024_01_NYJ_SF,NYJ,0.09302325581395349,5.27906976744186
2024,1,2024_01_NYJ_SF,SF,0.0625,4.859375
2024,1,2024_01_PIT_ATL,ATL,0.07228915662650602,5.313253012048193
2024,1,2024_01_PIT_ATL,PIT,0.04411764705882353,5.014705882352941
2024,1,2024_01_TEN_CHI,CHI,0.08536585365853659,4.304878048780488
2024,1,2024_01_TEN_CHI,TEN,0.0958904109589041,4.178082191780822
2024,1,2024_01_WAS_TB,TB,0.3108108108108108,4.756756756756757
2024,1,2024_01_WAS_TB,WAS,0.20253164556962025,4.582278481012659
2024,2,2024_02_ATL_PHI,ATL,0.14285714285714285,5.5476190476190474
2024,2,2024_02_ATL_PHI,PHI,0.1111111111111111,5.236111111111111
2024,2,2024_02_BUF_MIA,BUF,0.0449438202247191,4.977528089887641
2024,2,2024_02_BUF_MIA,MIA,0.15517241379310345,4.5
2024,2,2024_02_CHI_HOU,CHI,0.125,4.55
2024,2,2024_02_CHI_HOU,HOU,0.2222222222222222,4.4
2024,2,2024_02_CIN_KC,CIN,0.07692307692307693,5.128205128205129
2024,2,2024_02_CIN_KC,KC,0.21518987341772153,5.075949367088608
2024,2,2024_02_CLE_JAX,CLE,0.22972972972972974,4.8108108108108105
2024,2,2024_02_CLE_JAX,JAX,0.12790697674418605,5.046511627906977
2024,2,2024_02_IND_GB,GB,0.058823529411764705,4.676470588235294
2024,2,2024_02_IND_GB,IND,0.0975609756097561,5.695121951219512
2024,2,2024_02_LAC_CAR,CAR,0.08860759493670886,5.506329113924051
2024,2,2024_02_LAC_CAR,LAC,0.09523809523809523,4.444444444444445
2024,2,2024_02_LA_ARI,ARI,0.16666666666666666,4.7727272727272725
2024,2,2024_02_LA_ARI,LA,0.05128205128205128,5.346153846153846
2024,2,2024_02_LV_BAL,BAL,0.17721518987341772,4.468354430379747
2024,2,2024_02_LV_BAL,LV,0.11627906976744186,4.209302325581396
2024,2,2024_02_NO_DAL,DAL,0.08333333333333333,5.263888888888889
2024,2,2024_02_NO_DAL,NO,0.09411764705882353,4.105882352941176
2024,2,2024_02_NYG_WAS,NYG,0.14772727272727273,4.704545454545454
2024,2,2024_02_NYG_WAS,WAS,0.22388059701492538,5.223880597014926
2024,2,2024_02_NYJ_TEN,NYJ,0.0625,5.1375
2024,2,2024_02_NYJ_TEN,TEN,0.125,4.722222222222222
2024,2,2024_02_PIT_DEN,DEN,0.23170731707317074,4.853658536585366
2024,2,2024_02_PIT_DEN,PIT,0.1891891891891892,4.513513513513513
2024,2,2024_02_SEA_NE,NE,0.3448275862068966,4.459770114942529
2024,2,2024_02_SEA_NE,SEA,0.09523809523809523,5.2976190476190474
2024,2,2024_02_SF_MIN,MIN,0.18072289156626506,5.253012048192771
2024,2,2024_02_SF_MIN,SF,0.058823529411764705,4.588235294117647
2024,2,2024_02_TB_DET,DET,0.1111111111111111,4.984126984126984
2024,2,2024_02_TB_DET,TB,0.1836734693877551,5.387755102040816
2024,3,2024_03_BAL_DAL,BAL,0.16842105263157894,5.136842105263158
2024,3,2024_03_BAL_DAL,DAL,0.08641975308641975,4.7407407407407405
2024,3,2024_03_CAR_LV,CAR,0.1875,4.3625
2024,3,2024_03_CAR_LV,LV,0.2777777777777778,4.844444444444444
2024,3,2024_03_CHI_IND,CHI,0.056338028169014086,4.788732394366197
2024,3,2024_03_CHI_IND,IND,0.08737864077669903,5.281553398058253
2024,3,2024_03_DEN_TB,DEN,0.3,4.885714285714286
2024,3,2024_03_DEN_TB,TB,0.3670886075949367,5.6075949367088604
2024,3,2024_03_DET_ARI,ARI,0.08433734939759036,4.614457831325301
2024,3,2024_03_DET_ARI,DET,0.19444444444444445,5.083333333333333
2024,3,2024_03_GB_TEN,GB,0.13432835820895522,4.731343283582089
2024,3,2024_03_GB_TEN,TEN,0.1625,4.7875
2024,3,2024_03_HOU_MIN,HOU,0.05128205128205128,4.5
2024,3,2024_03_HOU_MIN,MIN,0.38823529411764707,4.152941176470589
2024,3,2024_03_JAX_BUF,BUF,0.04597701149425287,4.747126436781609
2024,3,2024_03_JAX_BUF,JAX,0.09090909090909091,4.974025974025974
2024,3,2024_03_KC_ATL,ATL,0.16279069767441862,5.104651162790698
2024,3,2024_03_KC_ATL,KC,0.24,4.8133333333333335
2024,3,2024_03_LAC_PIT,LAC,0.11392405063291139,5.063291139240507
2024,3,2024_03_LAC_PIT,PIT,0.08064516129032258,4.645161290322581
2024,3,2024_03_MIA_SEA,MIA,0.13924050632911392,4.746835443037975
2024,3,2024_03_MIA_SEA,SEA,0.16883116883116883,4.8441558441558445
2024,3,2024_03_NE_NYJ,NE,0.17857142857142858,5.428571428571429
2024,3,2024_03_NE_NYJ,NYJ,0.20634920634920634,4.698412698412699
2024,3,2024_03_NYG_CLE,CLE,0.16853932584269662,4.707865168539326
2024,3,2024_03_NYG_CLE,NYG,0.32098765432098764,4.91358024691358
2024,3,2024_03_PHI_NO,NO,0.15853658536585366,5.2682926829268295
2024,3,2024_03_PHI_NO,PHI,0.05970149253731343,5.492537313432836
2024,3,2024_03_SF_LA,LA,0.13095238095238096,5.285714285714286
2024,3,2024_03_SF_LA,SF,0.1232876712328767,4.958904109589041
2024,3,2024_03_WAS_CIN,CIN,0.14864864864864866,4.702702702702703
2024,3,2024_03_WAS_CIN,WAS,0.13157894736842105,5.144736842105263
2024,4,2024_04_BUF_BAL,BAL,0.14666666666666667,4.773333333333333
2024,4,2024_04_BUF_BAL,BUF,0.11267605633802817,5.295774647887324
2024,4,2024_04_CIN_CAR,CAR,0.14634146341463414,5.353658536585366
2024,4,2024_04_CIN_CAR,CIN,0.12790697674418605,5.0813953488372094
2024,4,2024_04_CLE_LV,CLE,0.2602739726027397,4.972602739726027
2024,4,2024_04_CLE_LV,LV,0.2328767123287671,4.931506849315069
2024,4,2024_04_DAL_NYG,DAL,0.14814814814814814,5.1234567901234565
2024,4,2024_04_DAL_NYG,NYG,0.07042253521126761,4.690140845070423
2024,4,2024_04_DEN_NYJ,DEN,0.23655913978494625,4.849462365591398
2024,4,2024_04_DEN_NYJ,NYJ,0.10526315789473684,4.684210526315789
2024,4,2024_04_JAX_HOU,HOU,0.17567567567567569,4.635135135135135
2024,4,2024_04_JAX_HOU,JAX,0.02197802197802198,5.043956043956044
2024,4,2024_04_KC_LAC,KC,0.1232876712328767,4.794520547945205
2024,4,2024_04_KC_LAC,LAC,0.09333333333333334,4.746666666666667
2024,4,2024_04_LA_CHI,CHI,0.17567567567567569,4.5675675675675675
2024,4,2024_04_LA_CHI,LA,0.1282051282051282,4.256410256410256
2024,4,2024_04_MIN_GB,GB,0.09195402298850575,5.022988505747127
2024,4,2024_04_MIN_GB,MIN,0.2717391304347826,5.336956521739131
2024,4,2024_04_NE_SF,NE,0.15789473684210525,4.894736842105263
2024,4,2024_04_NE_SF,SF,0.16455696202531644,4.962025316455696
2024,4,2024_04_NO_ATL,ATL,0.14444444444444443,4.955555555555556
2024,4,2024_04_NO_ATL,NO,0.09722222222222222,4.611111111111111
2024,4,2024_04_PHI_TB,PHI,0.18478260869565216,5.010869565217392
2024,4,2024_04_PHI_TB,TB,0.375,4.902777777777778
2024,4,2024_04_PIT_IND,IND,0.09411764705882353,4.788235294117647
2024,4,2024_04_PIT_IND,PIT,0.14814814814814814,4.851851851851852
2024,4,2024_04_SEA_DET,DET,0.2169811320754717,5.188679245283019
2024,4,2024_04_SEA_DET,SEA,0.11940298507462686,4.8059701492537314
2024,4,2024_04_TEN_MIA,MIA,0.047058823529411764,4.694117647058824
2024,4,2024_04_TEN_MIA,TEN,0.05405405405405406,4.283783783783784
2024,4,2024_04_WAS_ARI,ARI,0.06097560975609756,4.939024390243903
2024,4,2024_04_WAS_ARI,WAS,0.125,4.972222222222222
2024,5,2024_05_ARI_SF,ARI,0.23376623376623376,4.779220779220779
2024,5,2024_05_ARI_SF,SF,0.16666666666666666,4.763888888888889
2024,5,2024_05_BAL_CIN,BAL,0.12359550561797752,4.438202247191011
2024,5,2024_05_BAL_CIN,CIN,0.23157894736842105,4.5473684210526315
2024,5,2024_05_BUF_HOU,BUF,0.11904761904761904,5.023809523809524
2024,5,2024_05_BUF_HOU,HOU,0.1625,4.7375
2024,5,2024_05_CAR_CHI,CAR,0.13636363636363635,5.079545454545454
2024,5,2024_05_CAR_CHI,CHI,0.09333333333333334,4.746666666666667
2024,5,2024_05_CLE_WAS,CLE,0.18292682926829268,5.121951219512195
2024,5,2024_05_CLE_WAS,WAS,0.17857142857142858,4.380952380952381
2024,5,2024_05_DAL_PIT,DAL,0.13513513513513514,4.95945945945946
2024,5,2024_05_DAL_PIT,PIT,0.09782608695652174,4.956521739130435
2024,5,2024_05_GB_LA,GB,0.12359550561797752,5.269662921348314
2024,5,2024_05_GB_LA,LA,0.14285714285714285,4.402597402597403
2024,5,2024_05_IND_JAX,IND,0.06666666666666667,4.88
2024,5,2024_05_IND_JAX,JAX,0.08791208791208792,4.516483516483516
2024,5,2024_05_LV_DEN,DEN,0.17647058823529413,4.764705882352941
2024,5,2024_05_LV_DEN,LV,0.14457831325301204,3.963855421686747
2024,5,2024_05_MIA_NE,MIA,0.22077922077922077,4.532467532467533
2024,5,2024_05_MIA_NE,NE,0.13186813186813187,5.131868131868132
2024,5,2024_05_NO_KC,KC,0.23529411764705882,5.029411764705882
2024,5,2024_05_NO_KC,NO,0.11458333333333333,5.59375
2024,5,2024_05_NYG_SEA,NYG,0.1282051282051282,4.358974358974359
2024,5,2024_05_NYG_SEA,SEA,0.18604651162790697,5.034883720930233
2024,5,2024_05_NYJ_MIN,MIN,0.28888888888888886,4.7444444444444445
2024,5,2024_05_NYJ_MIN,NYJ,0.14444444444444443,4.777777777777778
2024,5,2024_05_TB_ATL,ATL,0.14925373134328357,5.029850746268656
2024,5,2024_05_TB_ATL,TB,0.21495327102803738,4.962616822429907
2024,6,2024_06_ARI_GB,ARI,0.10112359550561797,4.46067415730337
2024,6,2024_06_ARI_GB,GB,0.10666666666666667,4.226666666666667
2024,6,2024_06_ATL_CAR,ATL,0.05952380952380952,4.619047619047619
2024,6,2024_06_ATL_CAR,CAR,0.10975609756097561,4.841463414634147
2024,6,2024_06_BUF_NYJ,BUF,0.10256410256410256,5
2024,6,2024_06_BUF_NYJ,NYJ,0.18823529411764706,5.2
2024,6,2024_06_CIN_NYG,CIN,0.2,5.0777777777777775
2024,6,2024_06_CIN_NYG,NYG,0.109375,4.703125
2024,6,2024_06_CLE_PHI,CLE,0.19230769230769232,4.884615384615385
2024,6,2024_06_CLE_PHI,PHI,0.2,4.546666666666667
2024,6,2024_06_DET_DAL,DAL,0.0963855421686747,5.0843373493975905
2024,6,2024_06_DET_DAL,DET,0.16470588235294117,4.91764705882353
2024,6,2024_06_HOU_NE,HOU,0.16279069767441862,4.662790697674419
2024,6,2024_06_HOU_NE,NE,0.2073170731707317,5.024390243902439
2024,6,2024_06_IND_TEN,IND,0.12,4.626666666666667
2024,6,2024_06_IND_TEN,TEN,0.20481927710843373,5.0120481927710845
2024,6,2024_06_JAX_CHI,CHI,0.16883116883116883,4.753246753246753
2024,6,2024_06_JAX_CHI,JAX,0.0641025641025641,4.82051282051282
2024,6,2024_06_LAC_DEN,DEN,0.2903225806451613,5.204301075268817
2024,6,2024_06_LAC_DEN,LAC,0.19718309859154928,4.23943661971831
2024,6,2024_06_PIT_LV,LV,0.14634146341463414,4.719512195121951
2024,6,2024_06_PIT_LV,PIT,0.14473684210526316,4.907894736842105
2024,6,2024_06_SF_SEA,SEA,0.06172839506172839,5.296296296296297
2024,6,2024_06_SF_SEA,SF,0.0625,4.84375
2024,6,2024_06_TB_NO,NO,0.1134020618556701,4.845360824742268
2024,6,2024_06_TB_NO,TB,0.18888888888888888,4.833333333333333
2024,6,2024_06_WAS_BAL,BAL,0.09210526315789473,4.618421052631579
2024,6,2024_06_WAS_BAL,WAS,0.13253012048192772,5.168674698795181
2024,7,2024_07_BAL_TB,BAL,0.020202020202020204,1.4646464646464648
2024,7,2024_07_BAL_TB,TB,0.02702702702702703,1.2702702702702702
2024,7,2024_07_CAR_WAS,CAR,0.09523809523809523,4.607142857142857
2024,7,2024_07_CAR_WAS,WAS,0.06666666666666667,4.266666666666667
2024,7,2024_07_CIN_CLE,CIN,0.19387755102040816,4.969387755102041
2024,7,2024_07_CIN_CLE,CLE,0.07042253521126761,4.507042253521127
2024,7,2024_07_DEN_NO,DEN,0.13636363636363635,5.159090909090909
2024,7,2024_07_DEN_NO,NO,0.16455696202531644,5.253164556962025
2024,7,2024_07_DET_MIN,DET,0.21333333333333335,4.72
2024,7,2024_07_DET_MIN,MIN,0.22077922077922077,4.1558441558441555
2024,7,2024_07_HOU_GB,GB,0.12658227848101267,5.2025316455696204
2024,7,2024_07_HOU_GB,HOU,0.136986301369863,5.027397260273973
2024,7,2024_07_KC_SF,KC,0.2,5.213333333333333
2024,7,2024_07_KC_SF,SF,0.04878048780487805,5.2073170731707314
2024,7,2024_07_LAC_ARI,ARI,0,1.5584415584415585
2024,7,2024_07_LAC_ARI,LAC,0,2.0694444444444446
2024,7,2024_07_LV_LA,LA,0.16842105263157894,5.073684210526316
2024,7,2024_07_LV_LA,LV,0.19718309859154928,4.71830985915493
2024,7,2024_07_MIA_IND,IND,0.011904761904761904,4.833333333333333
2024,7,2024_07_MIA_IND,MIA,0.24050632911392406,4.822784810126582
2024,7,2024_07_NE_JAX,JAX,0.07894736842105263,4.578947368421052
2024,7,2024_07_NE_JAX,NE,0.05555555555555555,5.111111111111111
2024,7,2024_07_NYJ_PIT,NYJ,0.15853658536585366,5.621951219512195
2024,7,2024_07_NYJ_PIT,PIT,0.13333333333333333,4.626666666666667
2024,7,2024_07_PHI_NYG,NYG,0.08536585365853659,5.353658536585366
2024,7,2024_07_PHI_NYG,PHI,0.11688311688311688,4.35064935064935
2024,7,2024_07_SEA_ATL,ATL,0,2.0526315789473686
2024,7,2024_07_SEA_ATL,SEA,0,2.2333333333333334
2024,7,2024_07_TEN_BUF,BUF,0.14444444444444443,4.333333333333333
2024,7,2024_07_TEN_BUF,TEN,0.15714285714285714,4.257142857142857
2024,8,2024_08_ARI_MIA,ARI,0.18181818181818182,4.857142857142857
2024,8,2024_08_ARI_MIA,MIA,0.2345679012345679,4.901234567901234
2024,8,2024_08_ATL_TB,ATL,0.14606741573033707,5.056179775280899
2024,8,2024_08_ATL_TB,TB,0.09210526315789473,5.197368421052632
2024,8,2024_08_BAL_CLE,BAL,0.2,4.870588235294117
2024,8,2024_08_BAL_CLE,CLE,0.1744186046511628,4.383720930232558
2024,8,2024_08_BUF_SEA,BUF,0.11940298507462686,4.253731343283582
2024,8,2024_08_BUF_SEA,SEA,0.043478260869565216,4.717391304347826
2024,8,2024_08_CAR_DEN,CAR,0.15294117647058825,5.364705882352941
2024,8,2024_08_CAR_DEN,DEN,0.19480519480519481,4.935064935064935
2024,8,2024_08_CHI_WAS,CHI,0.19101123595505617,4.98876404494382
2024,8,2024_08_CHI_WAS,WAS,0.2,4.875
2024,8,2024_08_DAL_SF,DAL,0.13095238095238096,5.285714285714286
2024,8,2024_08_DAL_SF,SF,0.08860759493670886,4.89873417721519
2024,8,2024_08_GB_JAX,GB,0.10526315789473684,4.565789473684211
2024,8,2024_08_GB_JAX,JAX,0.06741573033707865,4.674157303370786
2024,8,2024_08_IND_HOU,HOU,0.10714285714285714,4.011904761904762
2024,8,2024_08_IND_HOU,IND,0.1348314606741573,4.449438202247191
2024,8,2024_08_KC_LV,KC,0.2465753424657534,5.054794520547945
2024,8,2024_08_KC_LV,LV,0.14285714285714285,5.333333333333333
2024,8,2024_08_MIN_LA,LA,0.0625,4.96875
2024,8,2024_08_MIN_LA,MIN,0.1797752808988764,5.089887640449438
2024,8,2024_08_NO_LAC,LAC,0.12903225806451613,4.623655913978495
2024,8,2024_08_NO_LAC,NO,0.13414634146341464,4.987804878048781
2024,8,2024_08_NYG_PIT,NYG,0.14457831325301204,4.481927710843373
2024,8,2024_08_NYG_PIT,PIT,0.18681318681318682,4.516483516483516
2024,8,2024_08_NYJ_NE,NE,0.16883116883116883,4.909090909090909
2024,8,2024_08_NYJ_NE,NYJ,0.12345679012345678,5.160493827160494
2024,8,2024_08_PHI_CIN,CIN,0.08108108108108109,5.472972972972973
2024,8,2024_08_PHI_CIN,PHI,0.18571428571428572,4.914285714285715
2024,8,2024_08_TEN_DET,DET,0.14893617021276595,5.308510638297872
2024,8,2024_08_TEN_DET,TEN,0.109375,4.875
2024,9,2024_09_CHI_ARI,ARI,0.21348314606741572,4.853932584269663
2024,9,2024_09_CHI_ARI,CHI,0.0547945205479452,5.027397260273973
2024,9,2024_09_DAL_ATL,ATL,0.14893617021276595,4.595744680851064
2024,9,2024_09_DAL_ATL,DAL,0.1388888888888889,4.472222222222222
2024,9,2024_09_DEN_BAL,BAL,0.09411764705882353,5.364705882352941
2024,9,2024_09_DEN_BAL,DEN,0.07042253521126761,5.253521126760563
2024,9,2024_09_DET_GB,DET,0.1,5.0625
2024,9,2024_09_DET_GB,GB,0.11428571428571428,4.8
2024,9,2024_09_HOU_NYJ,HOU,0.18309859154929578,5.28169014084507
2024,9,2024_09_HOU_NYJ,NYJ,0.09473684210526316,5.389473684210526
2024,9,2024_09_IND_MIN,IND,0.08235294117647059,5.564705882352941
2024,9,2024_09_IND_MIN,MIN,0.18181818181818182,5.151515151515151
2024,9,2024_09_JAX_PHI,JAX,0.06382978723404255,4.723404255319149
2024,9,2024_09_JAX_PHI,PHI,0.10606060606060606,4.696969696969697
2024,9,2024_09_LAC_CLE,CLE,0.0945945945945946,4.45945945945946
2024,9,2024_09_LAC_CLE,LAC,0.09473684210526316,4.71578947368421
2024,9,2024_09_LA_SEA,LA,0.19,4.65
2024,9,2024_09_LA_SEA,SEA,0.20430107526881722,5.301075268817204
2024,9,2024_09_LV_CIN,CIN,0.13580246913580246,4.555555555555555
2024,9,2024_09_LV_CIN,LV,0.07608695652173914,5.021739130434782
2024,9,2024_09_MIA_BUF,BUF,0.025974025974025976,4.181818181818182
2024,9,2024_09_MIA_BUF,MIA,0.13924050632911392,4.544303797468355
2024,9,2024_09_NE_TEN,NE,0.17391304347826086,5.239130434782608
2024,9,2024_09_NE_TEN,TEN,0.19047619047619047,4.714285714285714
2024,9,2024_09_NO_CAR,CAR,0.1276595744680851,5.404255319148936
2024,9,2024_09_NO_CAR,NO,0.09859154929577464,4.577464788732394
2024,9,2024_09_TB_KC,KC,0.2112676056338028,4.704225352112676
2024,9,2024_09_TB_KC,TB,0.09090909090909091,5.212121212121212
2024,9,2024_09_WAS_NYG,NYG,0.10810810810810811,5.135135135135135
2024,9,2024_09_WAS_NYG,WAS,0.09210526315789473,5.605263157894737
2024,10,2024_10_ATL_NO,ATL,0.14705882352941177,5.014705882352941
2024,10,2024_10_ATL_NO,NO,0.07446808510638298,5.0212765957446805
2024,10,2024_10_BUF_IND,BUF,0.10126582278481013,4.063291139240507
2024,10,2024_10_BUF_IND,IND,0.1,4.4
2024,10,2024_10_CIN_BAL,BAL,0.16842105263157894,5.421052631578948
2024,10,2024_10_CIN_BAL,CIN,0.0875,4.65
2024,10,2024_10_DEN_KC,DEN,0.2375,5.175
2024,10,2024_10_DEN_KC,KC,0.1232876712328767,4.767123287671233
2024,10,2024_10_DET_HOU,DET,0.2,5.176470588235294
2024,10,2024_10_DET_HOU,HOU,0.1,5
2024,10,2024_10_MIA_LA,LA,0.10606060606060606,5
2024,10,2024_10_MIA_LA,MIA,0.12790697674418605,4.906976744186046
2024,10,2024_10_MIN_JAX,JAX,0.031578947368421054,5.2631578947368425
2024,10,2024_10_MIN_JAX,MIN,0.2,5
2024,10,2024_10_NE_CHI,CHI,0.11538461538461539,5.102564102564102
2024,10,2024_10_NE_CHI,NE,0.19230769230769232,4.551282051282051
2024,10,2024_10_NYG_CAR,CAR,0.10869565217391304,4.739130434782608
2024,10,2024_10_NYG_CAR,NYG,0.038461538461538464,4.641025641025641
2024,10,2024_10_NYJ_ARI,ARI,0.13432835820895522,4.865671641791045
2024,10,2024_10_NYJ_ARI,NYJ,0.14492753623188406,5.231884057971015
2024,10,2024_10_PHI_DAL,DAL,0.1686746987951807,5.096385542168675
2024,10,2024_10_PHI_DAL,PHI,0.13333333333333333,4.786666666666667
2024,10,2024_10_PIT_WAS,PIT,0.325,4.9375
2024,10,2024_10_PIT_WAS,WAS,0.16842105263157894,5.021052631578947
2024,10,2024_10_SF_TB,SF,0.14285714285714285,5.194805194805195
2024,10,2024_10_SF_TB,TB,0.27848101265822783,5.329113924050633
2024,10,2024_10_TEN_LAC,LAC,0.0821917808219178,4.273972602739726
2024,10,2024_10_TEN_LAC,TEN,0.07042253521126761,4.915492957746479
2024,11,2024_11_ATL_DEN,ATL,0.14666666666666667,5.133333333333334
2024,11,2024_11_ATL_DEN,DEN,0.13333333333333333,4.56
2024,11,2024_11_BAL_PIT,BAL,0.09375,4.864583333333333
2024,11,2024_11_BAL_PIT,PIT,0.2564102564102564,4.910256410256411
2024,11,2024_11_CIN_LAC,CIN,0.1744186046511628,4.732558139534884
2024,11,2024_11_CIN_LAC,LAC,0.1782178217821782,4.485148514851486
2024,11,2024_11_CLE_NO,CLE,0.027777777777777776,5.569444444444445
2024,11,2024_11_CLE_NO,NO,0.07777777777777778,4.8
2024,11,2024_11_GB_CHI,CHI,0.07272727272727272,4.9818181818181815
2024,11,2024_11_GB_CHI,GB,0.13095238095238096,5.226190476190476
2024,11,2024_11_HOU_DAL,DAL,0.15,5.2375
2024,11,2024_11_HOU_DAL,HOU,0.08163265306122448,5.346938775510204
2024,11,2024_11_IND_NYJ,IND,0.11428571428571428,4.514285714285714
2024,11,2024_11_IND_NYJ,NYJ,0.1411764705882353,5.094117647058823
2024,11,2024_11_JAX_DET,DET,0.23880597014925373,4.447761194029851
2024,11,2024_11_JAX_DET,JAX,0.056179775280898875,5.51685393258427
2024,11,2024_11_KC_BUF,BUF,0.19117647058823528,5.102941176470588
2024,11,2024_11_KC_BUF,KC,0.2441860465116279,5.093023255813954
2024,11,2024_11_LA_NE,LA,0.20430107526881722,4.935483870967742
2024,11,2024_11_LA_NE,NE,0.25,4.632352941176471
2024,11,2024_11_LV_MIA,LV,0.1375,4.3125
2024,11,2024_11_LV_MIA,MIA,0.1282051282051282,4.141025641025641
2024,11,2024_11_MIN_TEN,MIN,0.2465753424657534,5.1506849315068495
2024,11,2024_11_MIN_TEN,TEN,0.13953488372093023,5.534883720930233
2024,11,2024_11_SEA_SF,SEA,0.18421052631578946,4.7368421052631575
2024,11,2024_11_SEA_SF,SF,0.0273972602739726,4.616438356164384
2024,11,2024_11_WAS_PHI,PHI,0.0625,4.975
2024,11,2024_11_WAS_PHI,WAS,0.18823529411764706,5.223529411764706
2024,12,2024_12_ARI_SEA,ARI,0.10526315789473684,4.578947368421052
2024,12,2024_12_ARI_SEA,SEA,0.09859154929577464,4.71830985915493
2024,12,2024_12_BAL_LAC,BAL,0.18604651162790697,4.755813953488372
2024,12,2024_12_BAL_LAC,LAC,0.15584415584415584,5.259740259740259
2024,12,2024_12_DAL_WAS,DAL,0.1797752808988764,4.865168539325842
2024,12,2024_12_DAL_WAS,WAS,0.1590909090909091,4.875
2024,12,2024_12_DEN_LV,DEN,0.21875,4.84375
2024,12,2024_12_DEN_LV,LV,0.24705882352941178,4.870588235294117
2024,12,2024_12_DET_IND,DET,0.21739130434782608,4.913043478260869
2024,12,2024_12_DET_IND,IND,0.05813953488372093,5.174418604651163
2024,12,2024_12_KC_CAR,CAR,0.0898876404494382,4.797752808988764
2024,12,2024_12_KC_CAR,KC,0.1625,4.675
2024,12,2024_12_MIN_CHI,CHI,0.08139534883720931,5.1395348837209305
2024,12,2024_12_MIN_CHI,MIN,0.17894736842105263,4.6421052631578945
2024,12,2024_12_NE_MIA,MIA,0.13793103448275862,4.482758620689655
2024,12,2024_12_NE_MIA,NE,0.08433734939759036,4.807228915662651
2024,12,2024_12_PHI_LA,LA,0.08139534883720931,5.034883720930233
2024,12,2024_12_PHI_LA,PHI,0.11392405063291139,5.075949367088608
2024,12,2024_12_PIT_CLE,CLE,0.060240963855421686,5.602409638554217
2024,12,2024_12_PIT_CLE,PIT,0.1095890410958904,5.575342465753424
2024,12,2024_12_SF_GB,GB,0.12307692307692308,4.676923076923077
2024,12,2024_12_SF_GB,SF,0.06976744186046512,5.383720930232558
2024,12,2024_12_TB_NYG,NYG,0.16,5.48
2024,12,2024_12_TB_NYG,TB,0.3380281690140845,4.971830985915493
2024,12,2024_12_TEN_HOU,HOU,0.045454545454545456,3.7613636363636362
2024,12,2024_12_TEN_HOU,TEN,0.10526315789473684,3.3947368421052633
2024,13,2024_13_ARI_MIN,ARI,0.2537313432835821,4.91044776119403
2024,13,2024_13_ARI_MIN,MIN,0.27722772277227725,5.02970297029703
2024,13,2024_13_CHI_DET,CHI,0.18072289156626506,5.63855421686747
2024,13,2024_13_CHI_DET,DET,0.24050632911392406,5.2025316455696204
2024,13,2024_13_CLE_DEN,CLE,0.17647058823529413,5.235294117647059
2024,13,2024_13_CLE_DEN,DEN,0.1588785046728972,5.186915887850467
2024,13,2024_13_HOU_JAX,HOU,0.12941176470588237,5.070588235294117
2024,13,2024_13_HOU_JAX,JAX,0.15384615384615385,4.782051282051282
2024,13,2024_13_IND_NE,IND,0.15476190476190477,5.059523809523809
2024,13,2024_13_IND_NE,NE,0.1780821917808219,5.301369863013699
2024,13,2024_13_LAC_ATL,ATL,0.16666666666666666,3.9
2024,13,2024_13_LAC_ATL,LAC,0.06521739130434782,4.423913043478261
2024,13,2024_13_LA_NO,LA,0.18518518518518517,5.1234567901234565
2024,13,2024_13_LA_NO,NO,0.1044776119402985,5.149253731343284
2024,13,2024_13_LV_KC,KC,0.18823529411764706,4.741176470588235
2024,13,2024_13_LV_KC,LV,0.23595505617977527,4.348314606741573
2024,13,2024_13_MIA_GB,GB,0.09195402298850575,5
2024,13,2024_13_MIA_GB,MIA,0.18571428571428572,5.085714285714285
2024,13,2024_13_NYG_DAL,DAL,0.1686746987951807,4.445783132530121
2024,13,2024_13_NYG_DAL,NYG,0.1978021978021978,4.758241758241758
2024,13,2024_13_PHI_BAL,BAL,0,4.8
2024,13,2024_13_PHI_BAL,PHI,0.0449438202247191,4.797752808988764
2024,13,2024_13_PIT_CIN,CIN,0.12359550561797752,4.696629213483146
2024,13,2024_13_PIT_CIN,PIT,0.14634146341463414,4.646341463414634
2024,13,2024_13_SEA_NYJ,NYJ,0.12987012987012986,5.012987012987013
2024,13,2024_13_SEA_NYJ,SEA,0.18292682926829268,4.890243902439025
2024,13,2024_13_SF_BUF,BUF,0,4.698412698412699
2024,13,2024_13_SF_BUF,SF,0.09859154929577464,5.408450704225352
2024,13,2024_13_TB_CAR,CAR,0.12745098039215685,4.7745098039215685
2024,13,2024_13_TB_CAR,TB,0.3258426966292135,5
2024,13,2024_13_TEN_WAS,TEN,0.15306122448979592,4.938775510204081
2024,13,2024_13_TEN_WAS,WAS,0.16666666666666666,4.319444444444445
2024,14,2024_14_ATL_MIN,ATL,0.06329113924050633,4.632911392405063
2024,14,2024_14_ATL_MIN,MIN,0.2111111111111111,5.122222222222222
2024,14,2024_14_BUF_LA,BUF,0.09574468085106383,4.925531914893617
2024,14,2024_14_BUF_LA,LA,0.1518987341772152,4.569620253164557
2024,14,2024_14_CAR_PHI,CAR,0.18055555555555555,4.902777777777778
2024,14,2024_14_CAR_PHI,PHI,0.14457831325301204,5.108433734939759
2024,14,2024_14_CHI_SF,CHI,0.14666666666666667,4.8533333333333335
2024,14,2024_14_CHI_SF,SF,0.029850746268656716,4.686567164179104
2024,14,2024_14_CIN_DAL,CIN,0.2,4.933333333333334
2024,14,2024_14_CIN_DAL,DAL,0.22988505747126436,4.839080459770115
2024,14,2024_14_CLE_PIT,CLE,0.08641975308641975,4.9753086419753085
2024,14,2024_14_CLE_PIT,PIT,0.13333333333333333,4.544444444444444
2024,14,2024_14_GB_DET,DET,0.22388059701492538,4.925373134328358
2024,14,2024_14_GB_DET,GB,0.18085106382978725,5.691489361702128
2024,14,2024_14_JAX_TEN,JAX,0.08108108108108109,5.621621621621622
2024,14,2024_14_JAX_TEN,TEN,0.17142857142857143,5.385714285714286
2024,14,2024_14_LAC_KC,KC,0.1891891891891892,4.851351351351352
2024,14,2024_14_LAC_KC,LAC,0.14285714285714285,4.690476190476191
2024,14,2024_14_LV_TB,LV,0.16,5.28
2024,14,2024_14_LV_TB,TB,0.21518987341772153,5.189873417721519
2024,14,2024_14_NO_NYG,NO,0.09278350515463918,4.536082474226804
2024,14,2024_14_NO_NYG,NYG,0.21176470588235294,5.023529411764706
2024,14,2024_14_NYJ_MIA,MIA,0.19540229885057472,4.586206896551724
2024,14,2024_14_NYJ_MIA,NYJ,0.16853932584269662,4.640449438202247
2024,14,2024_14_SEA_ARI,ARI,0.1951219512195122,4.426829268292683
2024,14,2024_14_SEA_ARI,SEA,0.10465116279069768,4.755813953488372
2024,15,2024_15_ATL_LV,ATL,0.0975609756097561,4.609756097560975
2024,15,2024_15_ATL_LV,LV,0.1282051282051282,4.67948717948718
2024,15,2024_15_BAL_NYG,BAL,0.15853658536585366,5.219512195121951
2024,15,2024_15_BAL_NYG,NYG,0.09722222222222222,5.041666666666667
2024,15,2024_15_BUF_DET,BUF,0.11224489795918367,4.408163265306122
2024,15,2024_15_BUF_DET,DET,0.15730337078651685,4.617977528089888
2024,15,2024_15_CHI_MIN,CHI,0.0851063829787234,4.180851063829787
2024,15,2024_15_CHI_MIN,MIN,0.15476190476190477,4.130952380952381
2024,15,2024_15_CIN_TEN,CIN,0.10714285714285714,5.154761904761905
2024,15,2024_15_CIN_TEN,TEN,0.0449438202247191,4.775280898876405
2024,15,2024_15_DAL_CAR,CAR,0.10344827586206896,4.540229885057471
2024,15,2024_15_DAL_CAR,DAL,0.10666666666666667,4.053333333333334
2024,15,2024_15_GB_SEA,GB,0.12162162162162163,4.95945945945946
2024,15,2024_15_GB_SEA,SEA,0.1375,5.3
2024,15,2024_15_IND_DEN,DEN,0.12222222222222222,5.211111111111111
2024,15,2024_15_IND_DEN,IND,0.07407407407407407,4.617283950617284
2024,15,2024_15_KC_CLE,CLE,0.08695652173913043,5.021739130434782
2024,15,2024_15_KC_CLE,KC,0.2191780821917808,5
2024,15,2024_15_LA_SF,LA,0.11594202898550725,4.840579710144928
2024,15,2024_15_LA_SF,SF,0.12658227848101267,5.3164556962025316
2024,15,2024_15_MIA_HOU,HOU,0.1111111111111111,4.753086419753086
2024,15,2024_15_MIA_HOU,MIA,0.13846153846153847,4.369230769230769
2024,15,2024_15_NE_ARI,ARI,0.171875,4.640625
2024,15,2024_15_NE_ARI,NE,0.14634146341463414,5.219512195121951
2024,15,2024_15_NYJ_JAX,JAX,0.02702702702702703,3.9864864864864864
2024,15,2024_15_NYJ_JAX,NYJ,0.10309278350515463,4.65979381443299
2024,15,2024_15_PIT_PHI,PHI,0.07017543859649122,4.701754385964913
2024,15,2024_15_PIT_PHI,PIT,0.12903225806451613,5.397849462365591
2024,15,2024_15_TB_LAC,LAC,0.14285714285714285,5.130952380952381
2024,15,2024_15_TB_LAC,TB,0.3235294117647059,4.926470588235294
2024,15,2024_15_WAS_NO,NO,0.10869565217391304,5.043478260869565
2024,15,2024_15_WAS_NO,WAS,0.19117647058823528,4.705882352941177
2024,16,2024_16_ARI_CAR,ARI,0.06818181818181818,4.3522727272727275
2024,16,2024_16_ARI_CAR,CAR,0.15730337078651685,3.764044943820225
2024,16,2024_16_CLE_CIN,CIN,0.13333333333333333,5.173333333333333
2024,16,2024_16_CLE_CIN,CLE,0.12857142857142856,4.928571428571429
2024,16,2024_16_DEN_LAC,DEN,0.13924050632911392,5.177215189873418
2024,16,2024_16_DEN_LAC,LAC,0.15853658536585366,4.829268292682927
2024,16,2024_16_DET_CHI,CHI,0.0875,4.9875
2024,16,2024_16_DET_CHI,DET,0.23170731707317074,4.7682926829268295
2024,16,2024_16_HOU_KC,HOU,0.22093023255813954,4.848837209302325
2024,16,2024_16_HOU_KC,KC,0.2465753424657534,4.739726027397261
2024,16,2024_16_JAX_LV,JAX,0.10112359550561797,4.674157303370786
2024,16,2024_16_JAX_LV,LV,0.1111111111111111,5.148148148148148
2024,16,2024_16_LA_NYJ,LA,0.12658227848101267,5.3924050632911396
2024,16,2024_16_LA_NYJ,NYJ,0.08196721311475409,5.278688524590164
2024,16,2024_16_MIN_SEA,MIN,0.16470588235294117,4.411764705882353
2024,16,2024_16_MIN_SEA,SEA,0.060240963855421686,4.469879518072289
2024,16,2024_16_NE_BUF,BUF,0.23333333333333334,5.177777777777778
2024,16,2024_16_NE_BUF,NE,0.1506849315068493,4.945205479452055
2024,16,2024_16_NO_GB,GB,0.1,4.5285714285714285
2024,16,2024_16_NO_GB,NO,0.10975609756097561,5.280487804878049
2024,16,2024_16_NYG_ATL,ATL,0.18181818181818182,4.35064935064935
2024,16,2024_16_NYG_ATL,NYG,0.13924050632911392,5.025316455696203
2024,16,2024_16_PHI_WAS,PHI,0.1951219512195122,4.341463414634147
2024,16,2024_16_PHI_WAS,WAS,0.26881720430107525,4.795698924731183
2024,16,2024_16_PIT_BAL,BAL,0.06578947368421052,4.894736842105263
2024,16,2024_16_PIT_BAL,PIT,0.15584415584415584,4.974025974025974
2024,16,2024_16_SF_MIA,MIA,0.14457831325301204,4.9397590361445785
2024,16,2024_16_SF_MIA,SF,0.0375,5.575
2024,16,2024_16_TB_DAL,DAL,0.1511627906976744,4.813953488372093
2024,16,2024_16_TB_DAL,TB,0.1794871794871795,4
2024,16,2024_16_TEN_IND,IND,0.02631578947368421,4.815789473684211
2024,16,2024_16_TEN_IND,TEN,0.04878048780487805,4.951219512195122
2024,17,2024_17_ARI_LA,ARI,0.08450704225352113,4.76056338028169
2024,17,2024_17_ARI_LA,LA,0.17582417582417584,5.252747252747253
2024,17,2024_17_ATL_WAS,ATL,0.2653061224489796,4.938775510204081
2024,17,2024_17_ATL_WAS,WAS,0.1875,4.9125
2024,17,2024_17_BAL_HOU,BAL,0.17142857142857143,4.885714285714286
2024,17,2024_17_BAL_HOU,HOU,0.08108108108108109,5.45945945945946
2024,17,2024_17_CAR_TB,CAR,0.13333333333333333,4.855555555555555
2024,17,2024_17_CAR_TB,TB,0.25757575757575757,4.0606060606060606
2024,17,2024_17_DAL_PHI,DAL,0.1111111111111111,4.802469135802469
2024,17,2024_17_DAL_PHI,PHI,0.13333333333333333,4.773333333333333
2024,17,2024_17_DEN_CIN,CIN,0.12162162162162163,4.337837837837838
2024,17,2024_17_DEN_CIN,DEN,0.2403846153846154,4.471153846153846
2024,17,2024_17_DET_SF,DET,0.2222222222222222,5.246913580246914
2024,17,2024_17_DET_SF,SF,0.08433734939759036,5.27710843373494
2024,17,2024_17_GB_MIN,GB,0.13333333333333333,4.6
2024,17,2024_17_GB_MIN,MIN,0.34210526315789475,4.565789473684211
2024,17,2024_17_IND_NYG,IND,0.07894736842105263,4.315789473684211
2024,17,2024_17_IND_NYG,NYG,0.08695652173913043,5.413043478260869
2024,17,2024_17_KC_PIT,KC,0.13186813186813187,4.945054945054945
2024,17,2024_17_KC_PIT,PIT,0.2,5.12
2024,17,2024_17_LAC_NE,LAC,0.1791044776119403,4.776119402985074
2024,17,2024_17_LAC_NE,NE,0.09782608695652174,5.554347826086956
2024,17,2024_17_LV_NO,LV,0.08974358974358974,4.371794871794871
2024,17,2024_17_LV_NO,NO,0.0898876404494382,5.067415730337078
2024,17,2024_17_MIA_CLE,CLE,0.14666666666666667,4.92
2024,17,2024_17_MIA_CLE,MIA,0.18888888888888888,5.366666666666666
2024,17,2024_17_NYJ_BUF,BUF,0.13333333333333333,5.013333333333334
2024,17,2024_17_NYJ_BUF,NYJ,0.14285714285714285,5.261904761904762
2024,17,2024_17_SEA_CHI,CHI,0.1746031746031746,4.920634920634921
2024,17,2024_17_SEA_CHI,SEA,0.2191780821917808,4.767123287671233
2024,17,2024_17_TEN_JAX,JAX,0.06097560975609756,4.719512195121951
2024,17,2024_17_TEN_JAX,TEN,0.1,5.114285714285714
2024,18,2024_18_BUF_NE,BUF,0.13924050632911392,4.708860759493671
2024,18,2024_18_BUF_NE,NE,0.07407407407407407,4.962962962962963
2024,18,2024_18_CAR_ATL,ATL,0.13095238095238096,4.714285714285714
2024,18,2024_18_CAR_ATL,CAR,0.09574468085106383,4.819148936170213
2024,18,2024_18_CHI_GB,CHI,0.09090909090909091,4.623376623376624
2024,18,2024_18_CHI_GB,GB,0.125,4.125
2024,18,2024_18_CIN_PIT,CIN,0.14666666666666667,4.8133333333333335
2024,18,2024_18_CIN_PIT,PIT,0.1590909090909091,4.8977272727272725
2024,18,2024_18_CLE_BAL,BAL,0.22972972972972974,4.77027027027027
2024,18,2024_18_CLE_BAL,CLE,0.2235294117647059,5.3882352941176475
2024,18,2024_18_HOU_TEN,HOU,0.10666666666666667,5.173333333333333
2024,18,2024_18_HOU_TEN,TEN,0.15789473684210525,4.842105263157895
2024,18,2024_18_JAX_IND,IND,0.056818181818181816,4.704545454545454
2024,18,2024_18_JAX_IND,JAX,0.05102040816326531,4.73469387755102
2024,18,2024_18_KC_DEN,DEN,0,4.122448979591836
2024,18,2024_18_KC_DEN,KC,0.07058823529411765,5.6
2024,18,2024_18_LAC_LV,LAC,0.12121212121212122,4.590909090909091
2024,18,2024_18_LAC_LV,LV,0.10869565217391304,4.9021739130434785
2024,18,2024_18_MIA_NYJ,MIA,0.21794871794871795,5
2024,18,2024_18_MIA_NYJ,NYJ,0.10465116279069768,5.058139534883721
2024,18,2024_18_MIN_DET,DET,0.3375,4.9125
2024,18,2024_18_MIN_DET,MIN,0.2804878048780488,5.170731707317073
2024,18,2024_18_NO_TB,NO,0.19047619047619047,4.559523809523809
2024,18,2024_18_NO_TB,TB,0.32926829268292684,5.195121951219512
2024,18,2024_18_NYG_PHI,NYG,0.15853658536585366,5.475609756097561
2024,18,2024_18_NYG_PHI,PHI,0.07352941176470588,4.911764705882353
2024,18,2024_18_SEA_LA,LA,0.14084507042253522,4.52112676056338
2024,18,2024_18_SEA_LA,SEA,0.15,4.8875
2024,18,2024_18_SF_ARI,ARI,0.10752688172043011,4.623655913978495
2024,18,2024_18_SF_ARI,SF,0.10714285714285714,4.7023809523809526
2024,18,2024_18_WAS_DAL,DAL,0.2054794520547945,4.493150684931507
2024,18,2024_18_WAS_DAL,WAS,0.15306122448979592,4.887755102040816
2024,19,2024_19_DEN_BUF,BUF,0.14035087719298245,4.175438596491228
2024,19,2024_19_DEN_BUF,DEN,0.13793103448275862,5.35632183908046
2024,19,2024_19_GB_PHI,GB,0.09333333333333334,4.92
2024,19,2024_19_GB_PHI,PHI,0.025974025974025976,4.714285714285714
2024,19,2024_19_LAC_HOU,HOU,0.16901408450704225,5.394366197183099
2024,19,2024_19_LAC_HOU,LAC,0.10227272727272728,4.988636363636363
2024,19,2024_19_MIN_LA,LA,0.12941176470588237,4.776470588235294
2024,19,2024_19_MIN_LA,MIN,0.2898550724637681,4.405797101449275
2024,19,2024_19_PIT_BAL,BAL,0.03333333333333333,4.366666666666666
2024,19,2024_19_PIT_BAL,PIT,0.125,5.511363636363637
2024,19,2024_19_WAS_TB,TB,0.20238095238095238,5.321428571428571
2024,19,2024_19_WAS_TB,WAS,0.1,4.816666666666666
2024,20,2024_20_BAL_BUF,BAL,0.07894736842105263,4.868421052631579
2024,20,2024_20_BAL_BUF,BUF,0.14492753623188406,5.217391304347826
2024,20,2024_20_HOU_KC,HOU,0.125,4.8125
2024,20,2024_20_HOU_KC,KC,0.2619047619047619,4.9523809523809526
2024,20,2024_20_LA_PHI,LA,0.1375,5
2024,20,2024_20_LA_PHI,PHI,0.20224719101123595,4.966292134831461
2024,20,2024_20_WAS_DET,DET,0.21739130434782608,4.989130434782608
2024,20,2024_20_WAS_DET,WAS,0.10588235294117647,4.247058823529412
2024,21,2024_21_BUF_KC,BUF,0.11392405063291139,5.1645569620253164
2024,21,2024_21_BUF_KC,KC,0.15294117647058825,5.564705882352941
2024,21,2024_21_WAS_PHI,PHI,0.09574468085106383,4.702127659574468
2024,21,2024_21_WAS_PHI,WAS,0.20652173913043478,4.836956521739131
2024,22,2024_22_KC_PHI,KC,0.13186813186813187,4.714285714285714
2024,22,2024_22_KC_PHI,PHI,0.04225352112676056,4.422535211267606
