season,week,game_id,defense,rushers5_rate,avg_pass_rushers,pressure_rate,man_rate,zone_rate,cover0_rate,cover1_rate,cover2_rate,cover3_rate,cover4_rate,cover6_rate
2018,1,2018_01_ATL_PHI,ATL,0.1891891891891892,4.054054054054054,0.34285714285714286,0.17142857142857143,0.8285714285714286,0,0,0,0,0,0
2018,1,2018_01_ATL_PHI,PHI,0.24489795918367346,4.285714285714286,0.37209302325581395,0.4418604651162791,0.5581395348837209,0,0,0,0,0,0
2018,1,2018_01_BUF_BAL,BAL,0.30952380952380953,4.261904761904762,0.36363636363636365,0.3939393939393939,0.6060606060606061,0,0,0,0,0,0
2018,1,2018_01_BUF_BAL,BUF,0.18604651162790697,4.1395348837209305,0.2631578947368421,0.02631578947368421,0.9736842105263158,0,0,0,0,0,0
2018,1,2018_01_CHI_GB,CHI,0.11904761904761904,3.9047619047619047,0.2972972972972973,0.3783783783783784,0.6216216216216216,0,0,0,0,0,0
2018,1,2018_01_CHI_GB,GB,0.13953488372093023,3.813953488372093,0.17142857142857143,0.37142857142857144,0.6285714285714286,0,0,0,0,0,0
2018,1,2018_01_CIN_IND,CIN,0.17857142857142858,4.125,0.32075471698113206,0.4339622641509434,0.5660377358490566,0,0,0,0,0,0
2018,1,2018_01_CIN_IND,IND,0.15625,3.9375,0.32142857142857145,0.17857142857142858,0.8214285714285714,0,0,0,0,0,0
2018,1,2018_01_DAL_CAR,CAR,0.3333333333333333,4.256410256410256,0.27586206896551724,0.10344827586206896,0.896551724137931,0,0,0,0,0,0
2018,1,2018_01_DAL_CAR,DAL,0.22580645161290322,4.096774193548387,0.24,0.38461538461538464,0.6153846153846154,0,0,0,0,0,0
2018,1,2018_01_HOU_NE,HOU,0.21951219512195122,3.951219512195122,0.1282051282051282,0.48717948717948717,0.5128205128205128,0,0,0,0,0,0
2018,1,2018_01_HOU_NE,NE,0.16666666666666666,4.0476190476190474,0.38235294117647056,0.5,0.5,0,0,0,0,0,0
2018,1,2018_01_JAX_NYG,JAX,0.125,4.2,0.32432432432432434,0.3783783783783784,0.6216216216216216,0,0,0,0,0,0
2018,1,2018_01_JAX_NYG,NYG,0.4,4.4,0.2727272727272727,0.42424242424242425,0.5757575757575758,0,0,0,0,0,0
2018,1,2018_01_KC_LAC,KC,0.15384615384615385,4.038461538461538,0.37254901960784315,0.4117647058823529,0.5882352941176471,0,0,0,0,0,0
2018,1,2018_01_KC_LAC,LAC,0.25806451612903225,4.096774193548387,0.48148148148148145,0.1111111111111111,0.8888888888888888,0,0,0,0,0,0
2018,1,2018_01_LA_OAK,LA,0.14285714285714285,4.190476190476191,0.25,0.225,0.775,0,0,0,0,0,0
2018,1,2018_01_LA_OAK,OAK,0.17647058823529413,4.147058823529412,0.18181818181818182,0.21212121212121213,0.7878787878787878,0,0,0,0,0,0
2018,1,2018_01_NYJ_DET,DET,0.16666666666666666,3.875,0.14285714285714285,0.47619047619047616,0.5238095238095238,0,0,0,0,0,0
2018,1,2018_01_NYJ_DET,NYJ,0.18867924528301888,4.150943396226415,0.25,0.21153846153846154,0.7884615384615384,0,0,0,0,0,0
2018,1,2018_01_PIT_CLE,CLE,0.391304347826087,4.239130434782608,0.21951219512195122,0.43902439024390244,0.5609756097560976,0,0,0,0,0,0
2018,1,2018_01_PIT_CLE,PIT,0.3888888888888889,4.2407407407407405,0.358974358974359,0.3333333333333333,0.6666666666666666,0,0,0,0,0,0
2018,1,2018_01_SEA_DEN,DEN,0.225,4.15,0.36363636363636365,0.18181818181818182,0.8181818181818182,0,0,0,0,0,0
2018,1,2018_01_SEA_DEN,SEA,0.2,4.05,0.3076923076923077,0.28205128205128205,0.717948717948718,0,0,0,0,0,0
2018,1,2018_01_SF_MIN,MIN,0.2894736842105263,3.9473684210526314,0.42424242424242425,0.3939393939393939,0.6060606060606061,0,0,0,0,0,0
2018,1,2018_01_SF_MIN,SF,0.19047619047619047,4.309523809523809,0.4166666666666667,0.19444444444444445,0.8055555555555556,0,0,0,0,0,0
2018,1,2018_01_TB_NO,NO,0.3235294117647059,4.323529411764706,0.10714285714285714,0.5357142857142857,0.4642857142857143,0,0,0,0,0,0
2018,1,2018_01_TB_NO,TB,0.21739130434782608,4.260869565217392,0.24444444444444444,0.3111111111111111,0.6888888888888889,0,0,0,0,0,0
2018,1,2018_01_TEN_MIA,MIA,0.10256410256410256,4,0.13157894736842105,0.2631578947368421,0.7368421052631579,0,0,0,0,0,0
2018,1,2018_01_TEN_MIA,TEN,0.3103448275862069,4.206896551724138,0.35714285714285715,0.6071428571428571,0.39285714285714285,0,0,0,0,0,0
2018,1,2018_01_WAS_ARI,ARI,0.4594594594594595,4.486486486486487,0.4666666666666667,0.23333333333333334,0.7666666666666667,0,0,0,0,0,0
2018,1,2018_01_WAS_ARI,WAS,0.13513513513513514,4.162162162162162,0.4411764705882353,0.20588235294117646,0.7941176470588235,0,0,0,0,0,0
2018,2,2018_02_ARI_LA,ARI,0.5,4.470588235294118,0.34375,0.28125,0.71875,0,0,0,0,0,0
2018,2,2018_02_ARI_LA,LA,0.25,4.321428571428571,0.3333333333333333,0.2962962962962963,0.7037037037037037,0,0,0,0,0,0
2018,2,2018_02_BAL_CIN,BAL,0.16666666666666666,4,0.2619047619047619,0.23809523809523808,0.7619047619047619,0,0,0,0,0,0
2018,2,2018_02_BAL_CIN,CIN,0.25,4.216666666666667,0.37735849056603776,0.23636363636363636,0.7636363636363637,0,0,0,0,0,0
2018,2,2018_02_CAR_ATL,ATL,0.16,4.06,0.4444444444444444,0.17777777777777778,0.8222222222222222,0,0,0,0,0,0
2018,2,2018_02_CAR_ATL,CAR,0.22580645161290322,4.290322580645161,0.39285714285714285,0.25,0.75,0,0,0,0,0,0
2018,2,2018_02_CLE_NO,CLE,0.5263157894736842,4.657894736842105,0.22857142857142856,0.4857142857142857,0.5142857142857142,0,0,0,0,0,0
2018,2,2018_02_CLE_NO,NO,0.22857142857142856,4.371428571428571,0.23333333333333334,0.26666666666666666,0.7333333333333333,0,0,0,0,0,0
2018,2,2018_02_DET_SF,DET,0.30303030303030304,4.151515151515151,0.11538461538461539,0.5384615384615384,0.46153846153846156,0,0,0,0,0,0
2018,2,2018_02_DET_SF,SF,0.14285714285714285,4.142857142857143,0.37735849056603776,0.24528301886792453,0.7547169811320755,0,0,0,0,0,0
2018,2,2018_02_HOU_TEN,HOU,0.5652173913043478,4.565217391304348,0.22727272727272727,0.3333333333333333,0.6666666666666666,0,0,0,0,0,0
2018,2,2018_02_HOU_TEN,TEN,0.2,3.975,0.4838709677419355,0.4375,0.5625,0,0,0,0,0,0
2018,2,2018_02_IND_WAS,IND,0.058823529411764705,3.8823529411764706,0.22727272727272727,0.13043478260869565,0.8695652173913043,0,0,0,0,0,0
2018,2,2018_02_IND_WAS,WAS,0.45454545454545453,4.454545454545454,0.3548387096774194,0.5483870967741935,0.45161290322580644,0,0,0,0,0,0
2018,2,2018_02_KC_PIT,KC,0.19047619047619047,3.9365079365079363,0.18333333333333332,0.4666666666666667,0.5333333333333333,0,0,0,0,0,0
2018,2,2018_02_KC_PIT,PIT,0.3548387096774194,4.258064516129032,0.42857142857142855,0.4642857142857143,0.5357142857142857,0,0,0,0,0,0
2018,2,2018_02_LAC_BUF,BUF,0.23333333333333334,4.233333333333333,0.4074074074074074,0.2962962962962963,0.7037037037037037,0,0,0,0,0,0
2018,2,2018_02_LAC_BUF,LAC,0.30952380952380953,4.309523809523809,0.36363636363636365,0.15151515151515152,0.8484848484848485,0,0,0,0,0,0
2018,2,2018_02_MIA_NYJ,MIA,0.2,4.2,0.36585365853658536,0.1951219512195122,0.8048780487804879,0,0,0,0,0,0
2018,2,2018_02_MIA_NYJ,NYJ,0.25,3.9642857142857144,0.30434782608695654,0.391304347826087,0.6086956521739131,0,0,0,0,0,0
2018,2,2018_02_MIN_GB,GB,0.19230769230769232,4.134615384615385,0.3125,0.48936170212765956,0.5106382978723404,0,0,0,0,0,0
2018,2,2018_02_MIN_GB,MIN,0.2708333333333333,4,0.34146341463414637,0.2857142857142857,0.7142857142857143,0,0,0,0,0,0
2018,2,2018_02_NE_JAX,JAX,0.23684210526315788,4.2368421052631575,0.37142857142857144,0.42857142857142855,0.5714285714285714,0,0,0,0,0,0
2018,2,2018_02_NE_JAX,NE,0.3877551020408163,4.469387755102041,0.4222222222222222,0.7777777777777778,0.2222222222222222,0,0,0,0,0,0
2018,2,2018_02_NYG_DAL,DAL,0.21568627450980393,4.254901960784314,0.29545454545454547,0.09090909090909091,0.9090909090909091,0,0,0,0,0,0
2018,2,2018_02_NYG_DAL,NYG,0.44,4.32,0.36,0.48,0.52,0,0,0,0,0,0
2018,2,2018_02_OAK_DEN,DEN,0.36363636363636365,4.151515151515151,0.1875,0.46875,0.53125,0,0,0,0,0,0
2018,2,2018_02_OAK_DEN,OAK,0.2972972972972973,4.405405405405405,0.2857142857142857,0.48484848484848486,0.5151515151515151,0,0,0,0,0,0
2018,2,2018_02_PHI_TB,PHI,0.2571428571428571,4.542857142857143,0.30303030303030304,0.2727272727272727,0.7272727272727273,0,0,0,0,0,0
2018,2,2018_02_PHI_TB,TB,0.19230769230769232,4.115384615384615,0.3404255319148936,0.2708333333333333,0.7291666666666666,0,0,0,0,0,0
2018,2,2018_02_SEA_CHI,CHI,0.17777777777777778,3.8444444444444446,0.30303030303030304,0.3888888888888889,0.6111111111111112,0,0,0,0,0,0
2018,2,2018_02_SEA_CHI,SEA,0.3333333333333333,4.230769230769231,0.17647058823529413,0.23529411764705882,0.7647058823529411,0,0,0,0,0,0
2018,3,2018_03_BUF_MIN,BUF,0.16666666666666666,4.083333333333333,0.4909090909090909,0.10909090909090909,0.8909090909090909,0,0,0,0,0,0
2018,3,2018_03_BUF_MIN,MIN,0.3333333333333333,4.1,0.2727272727272727,0.5,0.5,0,0,0,0,0,0
2018,3,2018_03_CHI_ARI,ARI,0.4,4.375,0.34285714285714286,0.14285714285714285,0.8571428571428571,0,0,0,0,0,0
2018,3,2018_03_CHI_ARI,CHI,0.25806451612903225,4.129032258064516,0.2692307692307692,0.2692307692307692,0.7307692307692307,0,0,0,0,0,0
2018,3,2018_03_CIN_CAR,CAR,0.2708333333333333,4.208333333333333,0.3111111111111111,0.34782608695652173,0.6521739130434783,0,0,0,0,0,0
2018,3,2018_03_CIN_CAR,CIN,0.3793103448275862,4.482758620689655,0.3333333333333333,0.4166666666666667,0.5833333333333334,0,0,0,0,0,0
2018,3,2018_03_DAL_SEA,DAL,0.2857142857142857,4.392857142857143,0.19230769230769232,0.5769230769230769,0.4230769230769231,0,0,0,0,0,0
2018,3,2018_03_DAL_SEA,SEA,0.35,4.35,0.35294117647058826,0.35294117647058826,0.6470588235294118,0,0,0,0,0,0
2018,3,2018_03_DEN_BAL,BAL,0.3783783783783784,4.378378378378378,0.23529411764705882,0.3333333333333333,0.6666666666666666,0,0,0,0,0,0
2018,3,2018_03_DEN_BAL,DEN,0.37209302325581395,4.372093023255814,0.1794871794871795,0.475,0.525,0,0,0,0,0,0
2018,3,2018_03_GB_WAS,GB,0.20833333333333334,4.083333333333333,0.55,0.6,0.4,0,0,0,0,0,0
2018,3,2018_03_GB_WAS,WAS,0.16,3.86,0.3333333333333333,0.3181818181818182,0.6818181818181818,0,0,0,0,0,0
2018,3,2018_03_IND_PHI,IND,0.22727272727272727,4.113636363636363,0.24324324324324326,0.02857142857142857,0.9714285714285714,0,0,0,0,0,0
2018,3,2018_03_IND_PHI,PHI,0.09090909090909091,4.068181818181818,0.4146341463414634,0.1951219512195122,0.8048780487804879,0,0,0,0,0,0
2018,3,2018_03_LAC_LA,LA,0.34375,4.40625,0.5333333333333333,0.4666666666666667,0.5333333333333333,0,0,0,0,0,0
2018,3,2018_03_LAC_LA,LAC,0.15789473684210525,4,0.2777777777777778,0.05555555555555555,0.9444444444444444,0,0,0,0,0,0
2018,3,2018_03_NE_DET,DET,0.03571428571428571,3.7857142857142856,0.3076923076923077,0.15384615384615385,0.8461538461538461,0,0,0,0,0,0
2018,3,2018_03_NE_DET,NE,0.21052631578947367,4.157894736842105,0.22857142857142856,0.6388888888888888,0.3611111111111111,0,0,0,0,0,0
2018,3,2018_03_NO_ATL,ATL,0.21568627450980393,4.03921568627451,0.24489795918367346,0.42857142857142855,0.5714285714285714,0,0,0,0,0,0
2018,3,2018_03_NO_ATL,NO,0.225,4.2,0.3142857142857143,0.2857142857142857,0.7142857142857143,0,0,0,0,0,0
2018,3,2018_03_NYG_HOU,HOU,0.36363636363636365,4.363636363636363,0.2413793103448276,0.5172413793103449,0.4827586206896552,0,0,0,0,0,0
2018,3,2018_03_NYG_HOU,NYG,0.125,3.9166666666666665,0.47368421052631576,0.275,0.725,0,0,0,0,0,0
2018,3,2018_03_NYJ_CLE,CLE,0.18181818181818182,4.0606060606060606,0.3225806451612903,0.25806451612903225,0.7419354838709677,0,0,0,0,0,0
2018,3,2018_03_NYJ_CLE,NYJ,0.5476190476190477,4.595238095238095,0.2972972972972973,0.5675675675675675,0.43243243243243246,0,0,0,0,0,0
2018,3,2018_03_OAK_MIA,MIA,0.14285714285714285,4.166666666666667,0.358974358974359,0.2564102564102564,0.7435897435897436,0,0,0,0,0,0
2018,3,2018_03_OAK_MIA,OAK,0.14814814814814814,3.8518518518518516,0.16666666666666666,0.2916666666666667,0.7083333333333334,0,0,0,0,0,0
2018,3,2018_03_PIT_TB,PIT,0.3157894736842105,4.368421052631579,0.42,0.4,0.6,0,0,0,0,0,0
2018,3,2018_03_PIT_TB,TB,0.3170731707317073,4.439024390243903,0.21052631578947367,0.34210526315789475,0.6578947368421053,0,0,0,0,0,0
2018,3,2018_03_SF_KC,KC,0.16666666666666666,4.138888888888889,0.5,0.26666666666666666,0.7333333333333333,0,0,0,0,0,0
2018,3,2018_03_SF_KC,SF,0.14634146341463414,4.024390243902439,0.5,0.23684210526315788,0.7631578947368421,0,0,0,0,0,0
2018,3,2018_03_TEN_JAX,JAX,0.3448275862068966,4.413793103448276,0.3333333333333333,0.42857142857142855,0.5714285714285714,0,0,0,0,0,0
2018,3,2018_03_TEN_JAX,TEN,0.2,3.975,0.17647058823529413,0.17647058823529413,0.8235294117647058,0,0,0,0,0,0
2018,4,2018_04_BAL_PIT,BAL,0.2708333333333333,4.25,0.2765957446808511,0.2553191489361702,0.7446808510638298,0,0,0,0,0,0
2018,4,2018_04_BAL_PIT,PIT,0.20454545454545456,4.181818181818182,0.16666666666666666,0.38095238095238093,0.6190476190476191,0,0,0,0,0,0
2018,4,2018_04_BUF_GB,BUF,0.2608695652173913,4.217391304347826,0.175,0.475,0.525,0,0,0,0,0,0
2018,4,2018_04_BUF_GB,GB,0.32558139534883723,4.348837209302325,0.3333333333333333,0.5454545454545454,0.45454545454545453,0,0,0,0,0,0
2018,4,2018_04_CIN_ATL,ATL,0.2826086956521739,4.282608695652174,0.2682926829268293,0.6341463414634146,0.36585365853658536,0,0,0,0,0,0
2018,4,2018_04_CIN_ATL,CIN,0.3023255813953488,4.116279069767442,0.2564102564102564,0.23076923076923078,0.7692307692307693,0,0,0,0,0,0
2018,4,2018_04_CLE_OAK,CLE,0.4098360655737705,4.508196721311475,0.3508771929824561,0.3620689655172414,0.6379310344827587,0,0,0,0,0,0
2018,4,2018_04_CLE_OAK,OAK,0.15555555555555556,4.155555555555556,0.1951219512195122,0.21951219512195122,0.7804878048780488,0,0,0,0,0,0
2018,4,2018_04_DET_DAL,DAL,0.11764705882352941,4.147058823529412,0.43333333333333335,0.3333333333333333,0.6666666666666666,0,0,0,0,0,0
2018,4,2018_04_DET_DAL,DET,0.41935483870967744,4.548387096774194,0.18518518518518517,0.8518518518518519,0.14814814814814814,0,0,0,0,0,0
2018,4,2018_04_HOU_IND,HOU,0.22058823529411764,4.014705882352941,0.27419354838709675,0.4918032786885246,0.5081967213114754,0,0,0,0,0,0
2018,4,2018_04_HOU_IND,IND,0.18867924528301888,3.9245283018867925,0.35,0.09523809523809523,0.9047619047619048,0,0,0,0,0,0
2018,4,2018_04_KC_DEN,DEN,0.1702127659574468,3.7872340425531914,0.3333333333333333,0.3333333333333333,0.6666666666666666,0,0,0,0,0,0
2018,4,2018_04_KC_DEN,KC,0.32432432432432434,4.1891891891891895,0.36363636363636365,0.5454545454545454,0.45454545454545453,0,0,0,0,0,0
2018,4,2018_04_MIA_NE,MIA,0.14285714285714285,4.057142857142857,0.4,0.34285714285714286,0.6571428571428571,0,0,0,0,0,0
2018,4,2018_04_MIA_NE,NE,0.25,4.107142857142857,0.4,0.52,0.48,0,0,0,0,0,0
2018,4,2018_04_MIN_LA,LA,0.35714285714285715,4.375,0.42,0.42,0.58,0,0,0,0,0,0
2018,4,2018_04_MIN_LA,MIN,0.25,3.9166666666666665,0.29411764705882354,0.3939393939393939,0.6060606060606061,0,0,0,0,0,0
2018,4,2018_04_NO_NYG,NO,0.28888888888888886,4.222222222222222,0.2926829268292683,0.3170731707317073,0.6829268292682927,0,0,0,0,0,0
2018,4,2018_04_NO_NYG,NYG,0.3142857142857143,4.2,0.29411764705882354,0.3939393939393939,0.6060606060606061,0,0,0,0,0,0
2018,4,2018_04_NYJ_JAX,JAX,0.23076923076923078,4.256410256410256,0.4117647058823529,0.2647058823529412,0.7352941176470589,0,0,0,0,0,0
2018,4,2018_04_NYJ_JAX,NYJ,0.47619047619047616,4.571428571428571,0.39473684210526316,0.39473684210526316,0.6052631578947368,0,0,0,0,0,0
2018,4,2018_04_PHI_TEN,PHI,0.2857142857142857,4.387755102040816,0.3953488372093023,0.4418604651162791,0.5581395348837209,0,0,0,0,0,0
2018,4,2018_04_PHI_TEN,TEN,0.3392857142857143,4.339285714285714,0.28,0.46,0.54,0,0,0,0,0,0
2018,4,2018_04_SEA_ARI,ARI,0.4838709677419355,4.451612903225806,0.28,0.38461538461538464,0.6153846153846154,0,0,0,0,0,0
2018,4,2018_04_SEA_ARI,SEA,0.2,4,0.4074074074074074,0.3333333333333333,0.6666666666666666,0,0,0,0,0,0
2018,4,2018_04_SF_LAC,LAC,0.2619047619047619,4.238095238095238,0.32432432432432434,0.24324324324324326,0.7567567567567568,0,0,0,0,0,0
2018,4,2018_04_SF_LAC,SF,0.225,4.25,0.3333333333333333,0.5897435897435898,0.41025641025641024,0,0,0,0,0,0
2018,4,2018_04_TB_CHI,CHI,0.16279069767441862,3.9069767441860463,0.18421052631578946,0.18421052631578946,0.8157894736842105,0,0,0,0,0,0
2018,4,2018_04_TB_CHI,TB,0.14285714285714285,3.9642857142857144,0.19230769230769232,0.5,0.5,0,0,0,0,0,0
2018,5,2018_05_ARI_SF,ARI,0.4067796610169492,4.4576271186440675,0.2222222222222222,0.2037037037037037,0.7962962962962963,0,0,0,0,0,0
2018,5,2018_05_ARI_SF,SF,0.15384615384615385,3.9615384615384617,0.3333333333333333,0.28,0.72,0,0,0,0,0,0
2018,5,2018_05_ATL_PIT,ATL,0.2903225806451613,4.32258064516129,0.2413793103448276,0.4482758620689655,0.5517241379310345,0,0,0,0,0,0
2018,5,2018_05_ATL_PIT,PIT,0.3076923076923077,4.365384615384615,0.37777777777777777,0.35555555555555557,0.6444444444444445,0,0,0,0,0,0
2018,5,2018_05_BAL_CLE,BAL,0.42,4.36,0.38095238095238093,0.4418604651162791,0.5581395348837209,0,0,0,0,0,0
2018,5,2018_05_BAL_CLE,CLE,0.26666666666666666,4.183333333333334,0.22807017543859648,0.40350877192982454,0.5964912280701754,0,0,0,0,0,0
2018,5,2018_05_DAL_HOU,DAL,0.3137254901960784,4.352941176470588,0.29545454545454547,0.3181818181818182,0.6818181818181818,0,0,0,0,0,0
2018,5,2018_05_DAL_HOU,HOU,0.38235294117647056,4.294117647058823,0.41379310344827586,0.4482758620689655,0.5517241379310345,0,0,0,0,0,0
2018,5,2018_05_DEN_NYJ,DEN,0.391304347826087,4.478260869565218,0.3181818181818182,0.45454545454545453,0.5454545454545454,0,0,0,0,0,0
2018,5,2018_05_DEN_NYJ,NYJ,0.3090909090909091,4.2727272727272725,0.3333333333333333,0.35294117647058826,0.6470588235294118,0,0,0,0,0,0
2018,5,2018_05_GB_DET,DET,0.13793103448275862,4.017241379310345,0.25,0.6153846153846154,0.38461538461538464,0,0,0,0,0,0
2018,5,2018_05_GB_DET,GB,0.4482758620689655,4.482758620689655,0.4230769230769231,0.6538461538461539,0.34615384615384615,0,0,0,0,0,0
2018,5,2018_05_IND_NE,IND,0.11363636363636363,3.7045454545454546,0.25,0.045454545454545456,0.9545454545454546,0,0,0,0,0,0
2018,5,2018_05_IND_NE,NE,0.18333333333333332,3.95,0.2033898305084746,0.5254237288135594,0.4745762711864407,0,0,0,0,0,0
2018,5,2018_05_JAX_KC,JAX,0.1951219512195122,3.926829268292683,0.3684210526315789,0.2631578947368421,0.7368421052631579,0,0,0,0,0,0
2018,5,2018_05_JAX_KC,KC,0.20588235294117646,4.176470588235294,0.39344262295081966,0.3770491803278688,0.6229508196721312,0,0,0,0,0,0
2018,5,2018_05_LA_SEA,LA,0.2608695652173913,4.173913043478261,0.3333333333333333,0.38095238095238093,0.6190476190476191,0,0,0,0,0,0
2018,5,2018_05_LA_SEA,SEA,0.4,4.3428571428571425,0.375,0.375,0.625,0,0,0,0,0,0
2018,5,2018_05_MIA_CIN,CIN,0.28205128205128205,4.17948717948718,0.4411764705882353,0.2857142857142857,0.7142857142857143,0,0,0,0,0,0
2018,5,2018_05_MIA_CIN,MIA,0.4411764705882353,4.529411764705882,0.43333333333333335,0.43333333333333335,0.5666666666666667,0,0,0,0,0,0
2018,5,2018_05_MIN_PHI,MIN,0.21951219512195122,4.170731707317073,0.47058823529411764,0.2571428571428571,0.7428571428571429,0,0,0,0,0,0
2018,5,2018_05_MIN_PHI,PHI,0.325,4.5,0.43243243243243246,0.5405405405405406,0.4594594594594595,0,0,0,0,0,0
2018,5,2018_05_NYG_CAR,CAR,0.2894736842105263,4.315789473684211,0.43243243243243246,0.2702702702702703,0.7297297297297297,0,0,0,0,0,0
2018,5,2018_05_NYG_CAR,NYG,0.28205128205128205,4.0256410256410255,0.11764705882352941,0.45714285714285713,0.5428571428571428,0,0,0,0,0,0
2018,5,2018_05_OAK_LAC,LAC,0.1891891891891892,3.7837837837837838,0.4838709677419355,0.2727272727272727,0.7272727272727273,0,0,0,0,0,0
2018,5,2018_05_OAK_LAC,OAK,0.21428571428571427,4.142857142857143,0.37037037037037035,0.18518518518518517,0.8148148148148148,0,0,0,0,0,0
2018,5,2018_05_TEN_BUF,BUF,0.43333333333333335,4.433333333333334,0.4230769230769231,0.23076923076923078,0.7692307692307693,0,0,0,0,0,0
2018,5,2018_05_TEN_BUF,TEN,0.391304347826087,4.086956521739131,0.3,0.47368421052631576,0.5263157894736842,0,0,0,0,0,0
2018,5,2018_05_WAS_NO,NO,0.27906976744186046,4.372093023255814,0.3333333333333333,0.3076923076923077,0.6923076923076923,0,0,0,0,0,0
2018,5,2018_05_WAS_NO,WAS,0.25,4.3125,0.13793103448275862,0.3448275862068966,0.6551724137931034,0,0,0,0,0,0
2018,6,2018_06_ARI_MIN,ARI,0.28205128205128205,4.282051282051282,0.21212121212121213,0.20588235294117646,0.7941176470588235,0,0,0,0,0,0
2018,6,2018_06_ARI_MIN,MIN,0.34285714285714286,4.285714285714286,0.2903225806451613,0.25806451612903225,0.7419354838709677,0,0,0,0,0,0
2018,6,2018_06_BAL_TEN,BAL,0.6785714285714286,4.857142857142857,0.4,0.3333333333333333,0.6666666666666666,0,0,0,0,0,0
2018,6,2018_06_BAL_TEN,TEN,0.34210526315789475,4.342105263157895,0.24324324324324326,0.35135135135135137,0.6486486486486487,0,0,0,0,0,0
2018,6,2018_06_BUF_HOU,BUF,0.29411764705882354,4.294117647058823,0.46153846153846156,0.23076923076923078,0.7692307692307693,0,0,0,0,0,0
2018,6,2018_06_BUF_HOU,HOU,0.34285714285714286,4.4,0.13793103448275862,0.5862068965517241,0.41379310344827586,0,0,0,0,0,0
2018,6,2018_06_CAR_WAS,CAR,0.2857142857142857,4.357142857142857,0.4722222222222222,0.16666666666666666,0.8333333333333334,0,0,0,0,0,0
2018,6,2018_06_CAR_WAS,WAS,0.3488372093023256,4.395348837209302,0.5,0.55,0.45,0,0,0,0,0,0
2018,6,2018_06_CHI_MIA,CHI,0.24444444444444444,4.066666666666666,0.3488372093023256,0.38636363636363635,0.6136363636363636,0,0,0,0,0,0
2018,6,2018_06_CHI_MIA,MIA,0.16666666666666666,4.083333333333333,0.2903225806451613,0.25806451612903225,0.7419354838709677,0,0,0,0,0,0
2018,6,2018_06_IND_NYJ,IND,0.08823529411764706,3.8529411764705883,0.10344827586206896,0.23333333333333334,0.7666666666666667,0,0,0,0,0,0
2018,6,2018_06_IND_NYJ,NYJ,0.2727272727272727,4.068181818181818,0.23255813953488372,0.4186046511627907,0.5813953488372093,0,0,0,0,0,0
2018,6,2018_06_JAX_DAL,DAL,0.16129032258064516,4.225806451612903,0.3076923076923077,0.23076923076923078,0.7692307692307693,0,0,0,0,0,0
2018,6,2018_06_JAX_DAL,JAX,0.10526315789473684,3.9210526315789473,0.2962962962962963,0.3333333333333333,0.6666666666666666,0,0,0,0,0,0
2018,6,2018_06_KC_NE,KC,0.23684210526315788,3.8947368421052633,0.2,0.7714285714285715,0.22857142857142856,0,0,0,0,0,0
2018,6,2018_06_KC_NE,NE,0.24324324324324326,4.081081081081081,0.3888888888888889,0.6388888888888888,0.3611111111111111,0,0,0,0,0,0
2018,6,2018_06_LAC_CLE,CLE,0.5,4.363636363636363,0.23809523809523808,0.23809523809523808,0.7619047619047619,0,0,0,0,0,0
2018,6,2018_06_LAC_CLE,LAC,0.19230769230769232,4.076923076923077,0.30434782608695654,0.15217391304347827,0.8478260869565217,0,0,0,0,0,0
2018,6,2018_06_LA_DEN,DEN,0.3142857142857143,4.3428571428571425,0.25,0.39285714285714285,0.6071428571428571,0,0,0,0,0,0
2018,6,2018_06_LA_DEN,LA,0.2727272727272727,4.2727272727272725,0.36585365853658536,0.36585365853658536,0.6341463414634146,0,0,0,0,0,0
2018,6,2018_06_PHI_NYG,NYG,0.15384615384615385,4.051282051282051,0.25,0.3333333333333333,0.6666666666666666,0,0,0,0,0,0
2018,6,2018_06_PHI_NYG,PHI,0.02127659574468085,4,0.3488372093023256,0.20930232558139536,0.7906976744186046,0,0,0,0,0,0
2018,6,2018_06_PIT_CIN,CIN,0.32608695652173914,4.413043478260869,0.34782608695652173,0.391304347826087,0.6086956521739131,0,0,0,0,0,0
2018,6,2018_06_PIT_CIN,PIT,0.3333333333333333,4.466666666666667,0.23809523809523808,0.5714285714285714,0.42857142857142855,0,0,0,0,0,0
2018,6,2018_06_SEA_OAK,OAK,0.11538461538461539,3.923076923076923,0.08695652173913043,0.2608695652173913,0.7391304347826086,0,0,0,0,0,0
2018,6,2018_06_SEA_OAK,SEA,0.125,4.075,0.25806451612903225,0.12903225806451613,0.8709677419354839,0,0,0,0,0,0
2018,6,2018_06_SF_GB,GB,0.5714285714285714,4.571428571428571,0.21739130434782608,0.43478260869565216,0.5652173913043478,0,0,0,0,0,0
2018,6,2018_06_SF_GB,SF,0.3076923076923077,4.3076923076923075,0.35555555555555557,0.45652173913043476,0.5434782608695652,0,0,0,0,0,0
2018,6,2018_06_TB_ATL,ATL,0.19148936170212766,4.1063829787234045,0.425,0.4634146341463415,0.5365853658536586,0,0,0,0,0,0
2018,6,2018_06_TB_ATL,TB,0.46511627906976744,4.488372093023256,0.2926829268292683,0.34146341463414637,0.6585365853658537,0,0,0,0,0,0
2018,7,2018_07_BUF_IND,BUF,0.32,4.44,0.17391304347826086,0.4782608695652174,0.5217391304347826,0,0,0,0,0,0
2018,7,2018_07_BUF_IND,IND,0.030303030303030304,4.03030303030303,0.3870967741935484,0.1935483870967742,0.8064516129032258,0,0,0,0,0,0
2018,7,2018_07_CAR_PHI,CAR,0.3170731707317073,4.317073170731708,0.2972972972972973,0.35135135135135137,0.6486486486486487,0,0,0,0,0,0
2018,7,2018_07_CAR_PHI,PHI,0.1590909090909091,4.204545454545454,0.41025641025641024,0.5128205128205128,0.48717948717948717,0,0,0,0,0,0
2018,7,2018_07_CIN_KC,CIN,0.06976744186046512,3.7674418604651163,0.23076923076923078,0.10256410256410256,0.8974358974358975,0,0,0,0,0,0
2018,7,2018_07_CIN_KC,KC,0.1111111111111111,4.055555555555555,0.24242424242424243,0.5151515151515151,0.48484848484848486,0,0,0,0,0,0
2018,7,2018_07_CLE_TB,CLE,0.25396825396825395,4.190476190476191,0.2692307692307692,0.38461538461538464,0.6153846153846154,0,0,0,0,0,0
2018,7,2018_07_CLE_TB,TB,0.23809523809523808,4.238095238095238,0.23529411764705882,0.14705882352941177,0.8529411764705882,0,0,0,0,0,0
2018,7,2018_07_DAL_WAS,DAL,0.20689655172413793,4.275862068965517,0.24,0.2,0.8,0,0,0,0,0,0
2018,7,2018_07_DAL_WAS,WAS,0.36363636363636365,4.386363636363637,0.5142857142857142,0.45714285714285713,0.5428571428571428,0,0,0,0,0,0
2018,7,2018_07_DEN_ARI,ARI,0.44,4.48,0.4090909090909091,0.13636363636363635,0.8636363636363636,0,0,0,0,0,0
2018,7,2018_07_DEN_ARI,DEN,0.30434782608695654,4.3478260869565215,0.38461538461538464,0.358974358974359,0.6410256410256411,0,0,0,0,0,0
2018,7,2018_07_DET_MIA,DET,0.1111111111111111,3.7777777777777777,0.4838709677419355,0.45161290322580644,0.5483870967741935,0,0,0,0,0,0
2018,7,2018_07_DET_MIA,MIA,0.375,4.5,0.3181818181818182,0.2727272727272727,0.7272727272727273,0,0,0,0,0,0
2018,7,2018_07_HOU_JAX,HOU,0.3018867924528302,4.150943396226415,0.35714285714285715,0.38095238095238093,0.6190476190476191,0,0,0,0,0,0
2018,7,2018_07_HOU_JAX,JAX,0.26666666666666666,4.366666666666666,0.3333333333333333,0.375,0.625,0,0,0,0,0,0
2018,7,2018_07_LA_SF,LA,0.2571428571428571,4.285714285714286,0.4074074074074074,0.14814814814814814,0.8518518518518519,0,0,0,0,0,0
2018,7,2018_07_LA_SF,SF,0.34615384615384615,4.461538461538462,0.16666666666666666,0.2916666666666667,0.7083333333333334,0,0,0,0,0,0
2018,7,2018_07_MIN_NYJ,MIN,0.3617021276595745,4.404255319148936,0.40476190476190477,0.21428571428571427,0.7857142857142857,0,0,0,0,0,0
2018,7,2018_07_MIN_NYJ,NYJ,0.3902439024390244,4.439024390243903,0.425,0.675,0.325,0,0,0,0,0,0
2018,7,2018_07_NE_CHI,CHI,0.13157894736842105,3.8157894736842106,0.19444444444444445,0.4444444444444444,0.5555555555555556,0,0,0,0,0,0
2018,7,2018_07_NE_CHI,NE,0.3103448275862069,4.189655172413793,0.2857142857142857,0.58,0.42,0,0,0,0,0,0
2018,7,2018_07_NO_BAL,BAL,0.5806451612903226,4.67741935483871,0.23333333333333334,0.41379310344827586,0.5862068965517241,0,0,0,0,0,0
2018,7,2018_07_NO_BAL,NO,0.17073170731707318,3.7804878048780486,0.2,0.20512820512820512,0.7948717948717948,0,0,0,0,0,0
2018,7,2018_07_NYG_ATL,ATL,0.3488372093023256,4.255813953488372,0.2631578947368421,0.21052631578947367,0.7894736842105263,0,0,0,0,0,0
2018,7,2018_07_NYG_ATL,NYG,0.30952380952380953,4.190476190476191,0.20512820512820512,0.3076923076923077,0.6923076923076923,0,0,0,0,0,0
2018,7,2018_07_TEN_LAC,LAC,0.2,3.975,0.15625,0.25,0.75,0,0,0,0,0,0
2018,7,2018_07_TEN_LAC,TEN,0.42857142857142855,4.464285714285714,0.34615384615384615,0.6153846153846154,0.38461538461538464,0,0,0,0,0,0
2018,8,2018_08_BAL_CAR,BAL,0.43243243243243246,4.1891891891891895,0.4,0.2,0.8,0,0,0,0,0,0
2018,8,2018_08_BAL_CAR,CAR,0.3617021276595745,4.51063829787234,0.4090909090909091,0.4090909090909091,0.5909090909090909,0,0,0,0,0,0
2018,8,2018_08_CLE_PIT,CLE,0.2702702702702703,4.1891891891891895,0.2222222222222222,0.3055555555555556,0.6944444444444444,0,0,0,0,0,0
2018,8,2018_08_CLE_PIT,PIT,0.358974358974359,4.487179487179487,0.5277777777777778,0.4444444444444444,0.5555555555555556,0,0,0,0,0,0
2018,8,2018_08_DEN_KC,DEN,0.35135135135135137,4.1891891891891895,0.3235294117647059,0.47058823529411764,0.5294117647058824,0,0,0,0,0,0
2018,8,2018_08_DEN_KC,KC,0.2,4.2,0.3235294117647059,0.4411764705882353,0.5588235294117647,0,0,0,0,0,0
2018,8,2018_08_GB_LA,GB,0.35555555555555557,4.111111111111111,0.4444444444444444,0.5428571428571428,0.45714285714285713,0,0,0,0,0,0
2018,8,2018_08_GB_LA,LA,0.47058823529411764,4.470588235294118,0.36666666666666664,0.43333333333333335,0.5666666666666667,0,0,0,0,0,0
2018,8,2018_08_IND_OAK,IND,0.10714285714285714,3.9642857142857144,0.25,0.17857142857142858,0.8214285714285714,0,0,0,0,0,0
2018,8,2018_08_IND_OAK,OAK,0.12903225806451613,4.032258064516129,0.1935483870967742,0.3548387096774194,0.6451612903225806,0,0,0,0,0,0
2018,8,2018_08_MIA_HOU,HOU,0.1,3.9,0.34210526315789475,0.15789473684210525,0.8421052631578947,0,0,0,0,0,0
2018,8,2018_08_MIA_HOU,MIA,0.3333333333333333,4.380952380952381,0.3,0.25,0.75,0,0,0,0,0,0
2018,8,2018_08_NE_BUF,BUF,0.0625,3.9166666666666665,0.18181818181818182,0.24444444444444444,0.7555555555555555,0,0,0,0,0,0
2018,8,2018_08_NE_BUF,NE,0.3409090909090909,4.409090909090909,0.3170731707317073,0.6341463414634146,0.36585365853658536,0,0,0,0,0,0
2018,8,2018_08_NO_MIN,MIN,0.125,4.041666666666667,0.25,0.25,0.75,0,0,0,0,0,0
2018,8,2018_08_NO_MIN,NO,0.2222222222222222,4.266666666666667,0.35,0.5609756097560976,0.43902439024390244,0,0,0,0,0,0
2018,8,2018_08_NYJ_CHI,CHI,0.21875,4.15625,0.4827586206896552,0.3103448275862069,0.6896551724137931,0,0,0,0,0,0
2018,8,2018_08_NYJ_CHI,NYJ,0.3939393939393939,4.333333333333333,0.3448275862068966,0.41379310344827586,0.5862068965517241,0,0,0,0,0,0
2018,8,2018_08_PHI_JAX,JAX,0.24324324324324326,4.1891891891891895,0.3,0.3333333333333333,0.6666666666666666,0,0,0,0,0,0
2018,8,2018_08_PHI_JAX,PHI,0.23076923076923078,4.365384615384615,0.3902439024390244,0.2926829268292683,0.7073170731707317,0,0,0,0,0,0
2018,8,2018_08_SEA_DET,DET,0.5789473684210527,4.842105263157895,0.4117647058823529,0.7647058823529411,0.23529411764705882,0,0,0,0,0,0
2018,8,2018_08_SEA_DET,SEA,0.06818181818181818,3.909090909090909,0.25,0.125,0.875,0,0,0,0,0,0
2018,8,2018_08_SF_ARI,ARI,0.4411764705882353,4.588235294117647,0.35714285714285715,0.42857142857142855,0.5714285714285714,0,0,0,0,0,0
2018,8,2018_08_SF_ARI,SF,0.26666666666666666,4.288888888888889,0.2,0.275,0.725,0,0,0,0,0,0
2018,8,2018_08_TB_CIN,CIN,0.13333333333333333,4.016666666666667,0.26,0.26,0.74,0,0,0,0,0,0
2018,8,2018_08_TB_CIN,TB,0.18421052631578946,4.026315789473684,0.21212121212121213,0.47058823529411764,0.5294117647058824,0,0,0,0,0,0
2018,8,2018_08_WAS_NYG,NYG,0.21212121212121213,4.090909090909091,0.3125,0.28125,0.71875,0,0,0,0,0,0
2018,8,2018_08_WAS_NYG,WAS,0.14814814814814814,4,0.32608695652173914,0.10638297872340426,0.8936170212765957,0,0,0,0,0,0
2018,9,2018_09_ATL_WAS,ATL,0.22,4.04,0.2608695652173913,0.21739130434782608,0.782608695652174,0,0,0,0,0,0
2018,9,2018_09_ATL_WAS,WAS,0.3,4.325,0.3157894736842105,0.4473684210526316,0.5526315789473685,0,0,0,0,0,0
2018,9,2018_09_CHI_BUF,BUF,0.2857142857142857,4.523809523809524,0.45,0.35,0.65,0,0,0,0,0,0
2018,9,2018_09_CHI_BUF,CHI,0.2711864406779661,4.305084745762712,0.40816326530612246,0.2857142857142857,0.7142857142857143,0,0,0,0,0,0
2018,9,2018_09_DET_MIN,DET,0.043478260869565216,3.9565217391304346,0.36363636363636365,0.5238095238095238,0.47619047619047616,0,0,0,0,0,0
2018,9,2018_09_DET_MIN,MIN,0.14583333333333334,4.1875,0.25,0.1388888888888889,0.8611111111111112,0,0,0,0,0,0
2018,9,2018_09_GB_NE,GB,0.21052631578947367,4.052631578947368,0.16666666666666666,0.3888888888888889,0.6111111111111112,0,0,0,0,0,0
2018,9,2018_09_GB_NE,NE,0.16666666666666666,4.104166666666667,0.4186046511627907,0.5813953488372093,0.4186046511627907,0,0,0,0,0,0
2018,9,2018_09_HOU_DEN,DEN,0.5,4.53125,0.3333333333333333,0.4166666666666667,0.5833333333333334,0,0,0,0,0,0
2018,9,2018_09_HOU_DEN,HOU,0.29545454545454547,4.136363636363637,0.2619047619047619,0.3333333333333333,0.6666666666666666,0,0,0,0,0,0
2018,9,2018_09_KC_CLE,CLE,0.14285714285714285,3.857142857142857,0.3225806451612903,0.3125,0.6875,0,0,0,0,0,0
2018,9,2018_09_KC_CLE,KC,0.28888888888888886,4.333333333333333,0.16279069767441862,0.4186046511627907,0.5813953488372093,0,0,0,0,0,0
2018,9,2018_09_LAC_SEA,LAC,0.1702127659574468,3.893617021276596,0.35135135135135137,0.1282051282051282,0.8717948717948718,0,0,0,0,0,0
2018,9,2018_09_LAC_SEA,SEA,0.07142857142857142,3.9285714285714284,0.2692307692307692,0.3076923076923077,0.6923076923076923,0,0,0,0,0,0
2018,9,2018_09_LA_NO,LA,0.34210526315789475,4.473684210526316,0.2222222222222222,0.5555555555555556,0.4444444444444444,0,0,0,0,0,0
2018,9,2018_09_LA_NO,NO,0.23255813953488372,4.162790697674419,0.375,0.4,0.6,0,0,0,0,0,0
2018,9,2018_09_NYJ_MIA,MIA,0.20930232558139536,4.162790697674419,0.358974358974359,0.1794871794871795,0.8205128205128205,0,0,0,0,0,0
2018,9,2018_09_NYJ_MIA,NYJ,0.27586206896551724,4.206896551724138,0.5,0.5833333333333334,0.4166666666666667,0,0,0,0,0,0
2018,9,2018_09_OAK_SF,OAK,0.22727272727272727,4.363636363636363,0.13636363636363635,0.5,0.5,0,0,0,0,0,0
2018,9,2018_09_OAK_SF,SF,0.20588235294117646,4.352941176470588,0.3333333333333333,0.20833333333333334,0.7916666666666666,0,0,0,0,0,0
2018,9,2018_09_PIT_BAL,BAL,0.34,4.16,0.16666666666666666,0.4375,0.5625,0,0,0,0,0,0
2018,9,2018_09_PIT_BAL,PIT,0.45,4.475,0.39473684210526316,0.4473684210526316,0.5526315789473685,0,0,0,0,0,0
2018,9,2018_09_TB_CAR,CAR,0.625,4.729166666666667,0.4878048780487805,0.5,0.5,0,0,0,0,0,0
2018,9,2018_09_TB_CAR,TB,0.26666666666666666,4.2,0.16,0.52,0.48,0,0,0,0,0,0
2018,9,2018_09_TEN_DAL,DAL,0.21621621621621623,4.243243243243243,0.3103448275862069,0.20689655172413793,0.7931034482758621,0,0,0,0,0,0
2018,9,2018_09_TEN_DAL,TEN,0.1794871794871795,4.128205128205129,0.25,0.5625,0.4375,0,0,0,0,0,0
2018,10,2018_10_ARI_KC,ARI,0.3333333333333333,4.194444444444445,0.25,0.32142857142857145,0.6785714285714286,0,0,0,0,0,0
2018,10,2018_10_ARI_KC,KC,0.1590909090909091,4.159090909090909,0.6153846153846154,0.38461538461538464,0.6153846153846154,0,0,0,0,0,0
2018,10,2018_10_ATL_CLE,ATL,0.4583333333333333,4.666666666666667,0.23809523809523808,0.38095238095238093,0.6190476190476191,0,0,0,0,0,0
2018,10,2018_10_ATL_CLE,CLE,0.23214285714285715,4.035714285714286,0.2549019607843137,0.40384615384615385,0.5961538461538461,0,0,0,0,0,0
2018,10,2018_10_BUF_NYJ,BUF,0.23684210526315788,4.2894736842105265,0.3235294117647059,0.20588235294117646,0.7941176470588235,0,0,0,0,0,0
2018,10,2018_10_BUF_NYJ,NYJ,0.4444444444444444,4.555555555555555,0.4230769230769231,0.4,0.6,0,0,0,0,0,0
2018,10,2018_10_CAR_PIT,CAR,0.3,4.266666666666667,0.14814814814814814,0.25925925925925924,0.7407407407407407,0,0,0,0,0,0
2018,10,2018_10_CAR_PIT,PIT,0.5882352941176471,4.705882352941177,0.3793103448275862,0.5862068965517241,0.41379310344827586,0,0,0,0,0,0
2018,10,2018_10_DAL_PHI,DAL,0.2553191489361702,4.148936170212766,0.2558139534883721,0.25,0.75,0,0,0,0,0,0
2018,10,2018_10_DAL_PHI,PHI,0.2558139534883721,4.325581395348837,0.25,0.3888888888888889,0.6111111111111112,0,0,0,0,0,0
2018,10,2018_10_DET_CHI,CHI,0.28,4.12,0.3333333333333333,0.30952380952380953,0.6904761904761905,0,0,0,0,0,0
2018,10,2018_10_DET_CHI,DET,0.18181818181818182,3.5757575757575757,0.26666666666666666,0.6333333333333333,0.36666666666666664,0,0,0,0,0,0
2018,10,2018_10_JAX_IND,IND,0.024390243902439025,3.7804878048780486,0.23076923076923078,0.10526315789473684,0.8947368421052632,0,0,0,0,0,0
2018,10,2018_10_JAX_IND,JAX,0.2,4.233333333333333,0.3103448275862069,0.3448275862068966,0.6551724137931034,0,0,0,0,0,0
2018,10,2018_10_LAC_OAK,LAC,0.14285714285714285,4.166666666666667,0.2972972972972973,0.1891891891891892,0.8108108108108109,0,0,0,0,0,0
2018,10,2018_10_LAC_OAK,OAK,0.25925925925925924,4.148148148148148,0.34615384615384615,0.15384615384615385,0.8461538461538461,0,0,0,0,0,0
2018,10,2018_10_MIA_GB,GB,0.2558139534883721,4.255813953488372,0.3783783783783784,0.5833333333333334,0.4166666666666667,0,0,0,0,0,0
2018,10,2018_10_MIA_GB,MIA,0.2727272727272727,4.181818181818182,0.21428571428571427,0.21428571428571427,0.7857142857142857,0,0,0,0,0,0
2018,10,2018_10_NE_TEN,NE,0.4642857142857143,4.607142857142857,0.2,0.72,0.28,0,0,0,0,0,0
2018,10,2018_10_NE_TEN,TEN,0.1956521739130435,3.9130434782608696,0.21428571428571427,0.3953488372093023,0.6046511627906976,0,0,0,0,0,0
2018,10,2018_10_NO_CIN,CIN,0.18518518518518517,4.148148148148148,0.37037037037037035,0.37037037037037035,0.6296296296296297,0,0,0,0,0,0
2018,10,2018_10_NO_CIN,NO,0.42857142857142855,4.321428571428571,0.36363636363636365,0.5217391304347826,0.4782608695652174,0,0,0,0,0,0
2018,10,2018_10_NYG_SF,NYG,0.1794871794871795,3.9743589743589745,0.21621621621621623,0.28205128205128205,0.717948717948718,0,0,0,0,0,0
2018,10,2018_10_NYG_SF,SF,0.09375,4,0.16129032258064516,0.1935483870967742,0.8064516129032258,0,0,0,0,0,0
2018,10,2018_10_SEA_LA,LA,0.16216216216216217,4.054054054054054,0.4,0.38461538461538464,0.6153846153846154,0,0,0,0,0,0
2018,10,2018_10_SEA_LA,SEA,0.2619047619047619,4.190476190476191,0.23076923076923078,0.358974358974359,0.6410256410256411,0,0,0,0,0,0
2018,10,2018_10_WAS_TB,TB,0.22580645161290322,4.354838709677419,0.4074074074074074,0.37037037037037035,0.6296296296296297,0,0,0,0,0,0
2018,10,2018_10_WAS_TB,WAS,0.10204081632653061,3.795918367346939,0.3170731707317073,0.2926829268292683,0.7073170731707317,0,0,0,0,0,0
2018,11,2018_11_CAR_DET,CAR,0.5384615384615384,4.589743589743589,0.35135135135135137,0.3783783783783784,0.6216216216216216,0,0,0,0,0,0
2018,11,2018_11_CAR_DET,DET,0.16666666666666666,4.023809523809524,0.18421052631578946,0.42105263157894735,0.5789473684210527,0,0,0,0,0,0
2018,11,2018_11_CIN_BAL,BAL,0.38461538461538464,4.282051282051282,0.43243243243243246,0.43243243243243246,0.5675675675675675,0,0,0,0,0,0
2018,11,2018_11_CIN_BAL,CIN,0.07407407407407407,3.962962962962963,0.2631578947368421,0.15789473684210525,0.8421052631578947,0,0,0,0,0,0
2018,11,2018_11_DAL_ATL,ATL,0.17647058823529413,4.147058823529412,0.28125,0.3125,0.6875,0,0,0,0,0,0
2018,11,2018_11_DAL_ATL,DAL,0.21621621621621623,4.216216216216216,0.5,0.29411764705882354,0.7058823529411765,0,0,0,0,0,0
2018,11,2018_11_DEN_LAC,DEN,0.43478260869565216,4.608695652173913,0.3488372093023256,0.4883720930232558,0.5116279069767442,0,0,0,0,0,0
2018,11,2018_11_DEN_LAC,LAC,0.12121212121212122,3.787878787878788,0.34375,0.09375,0.90625,0,0,0,0,0,0
2018,11,2018_11_GB_SEA,GB,0.3142857142857143,4.257142857142857,0.16129032258064516,0.41935483870967744,0.5806451612903226,0,0,0,0,0,0
2018,11,2018_11_GB_SEA,SEA,0.19444444444444445,4.166666666666667,0.23333333333333334,0.26666666666666666,0.7333333333333333,0,0,0,0,0,0
2018,11,2018_11_HOU_WAS,HOU,0.17647058823529413,3.980392156862745,0.24324324324324326,0.38461538461538464,0.6153846153846154,0,0,0,0,0,0
2018,11,2018_11_HOU_WAS,WAS,0.3793103448275862,4.206896551724138,0.2916666666666667,0.2916666666666667,0.7083333333333334,0,0,0,0,0,0
2018,11,2018_11_KC_LA,KC,0.375,4.410714285714286,0.24489795918367346,0.8571428571428571,0.14285714285714285,0,0,0,0,0,0
2018,11,2018_11_KC_LA,LA,0.14814814814814814,4.111111111111111,0.3695652173913043,0.30434782608695654,0.6956521739130435,0,0,0,0,0,0
2018,11,2018_11_MIN_CHI,CHI,0.16326530612244897,4.142857142857143,0.43478260869565216,0.17391304347826086,0.8260869565217391,0,0,0,0,0,0
2018,11,2018_11_MIN_CHI,MIN,0.2702702702702703,4.216216216216216,0.16129032258064516,0.1935483870967742,0.8064516129032258,0,0,0,0,0,0
2018,11,2018_11_OAK_ARI,ARI,0.42857142857142855,4.257142857142857,0.2413793103448276,0.3333333333333333,0.6666666666666666,0,0,0,0,0,0
2018,11,2018_11_OAK_ARI,OAK,0.13636363636363635,3.8636363636363638,0.25,0.1,0.9,0,0,0,0,0,0
2018,11,2018_11_PHI_NO,NO,0.2777777777777778,4.333333333333333,0.3333333333333333,0.30303030303030304,0.696969696969697,0,0,0,0,0,0
2018,11,2018_11_PHI_NO,PHI,0.40625,4.375,0.21875,0.84375,0.15625,0,0,0,0,0,0
2018,11,2018_11_PIT_JAX,JAX,0.02,3.78,0.26666666666666666,0.19148936170212766,0.8085106382978723,0,0,0,0,0,0
2018,11,2018_11_PIT_JAX,PIT,0.6153846153846154,4.769230769230769,0.5555555555555556,0.6111111111111112,0.3888888888888889,0,0,0,0,0,0
2018,11,2018_11_TB_NYG,NYG,0.2,4.133333333333334,0.24324324324324326,0.1891891891891892,0.8108108108108109,0,0,0,0,0,0
2018,11,2018_11_TB_NYG,TB,0.18181818181818182,4.2272727272727275,0.2222222222222222,0.3888888888888889,0.6111111111111112,0,0,0,0,0,0
2018,11,2018_11_TEN_IND,IND,0.16216216216216217,4.135135135135135,0.3448275862068966,0.034482758620689655,0.9655172413793104,0,0,0,0,0,0
2018,11,2018_11_TEN_IND,TEN,0.125,3.8125,0.125,0.5625,0.4375,0,0,0,0,0,0
2018,12,2018_12_ARI_LAC,ARI,0.3157894736842105,4.2894736842105265,0.25,0.125,0.875,0,0,0,0,0,0
2018,12,2018_12_ARI_LAC,LAC,0.14285714285714285,3.9523809523809526,0.3684210526315789,0.10526315789473684,0.8947368421052632,0,0,0,0,0,0
2018,12,2018_12_ATL_NO,ATL,0.125,4,0.22727272727272727,0.5,0.5,0,0,0,0,0,0
2018,12,2018_12_ATL_NO,NO,0.32727272727272727,4.4,0.3191489361702128,0.425531914893617,0.574468085106383,0,0,0,0,0,0
2018,12,2018_12_CHI_DET,CHI,0.4,4.45,0.2894736842105263,0.34210526315789475,0.6578947368421053,0,0,0,0,0,0
2018,12,2018_12_CHI_DET,DET,0.13953488372093023,3.744186046511628,0.23684210526315788,0.4473684210526316,0.5526315789473685,0,0,0,0,0,0
2018,12,2018_12_CLE_CIN,CIN,0.25,4.178571428571429,0.19230769230769232,0.15384615384615385,0.8461538461538461,0,0,0,0,0,0
2018,12,2018_12_CLE_CIN,CLE,0.28,4.36,0.2608695652173913,0.5869565217391305,0.41304347826086957,0,0,0,0,0,0
2018,12,2018_12_GB_MIN,GB,0.2558139534883721,4,0.40540540540540543,0.2894736842105263,0.7105263157894737,0,0,0,0,0,0
2018,12,2018_12_GB_MIN,MIN,0.09375,3.65625,0.21428571428571427,0.2857142857142857,0.7142857142857143,0,0,0,0,0,0
2018,12,2018_12_JAX_BUF,BUF,0.3,4.433333333333334,0.30434782608695654,0.34782608695652173,0.6521739130434783,0,0,0,0,0,0
2018,12,2018_12_JAX_BUF,JAX,0.2692307692307692,4.115384615384615,0.47368421052631576,0.2631578947368421,0.7368421052631579,0,0,0,0,0,0
2018,12,2018_12_MIA_IND,IND,0.25925925925925924,4.148148148148148,0.48,0.2,0.8,0,0,0,0,0,0
2018,12,2018_12_MIA_IND,MIA,0.275,4.375,0.2894736842105263,0.39473684210526316,0.6052631578947368,0,0,0,0,0,0
2018,12,2018_12_NE_NYJ,NE,0.4897959183673469,4.653061224489796,0.38636363636363635,0.37777777777777777,0.6222222222222222,0,0,0,0,0,0
2018,12,2018_12_NE_NYJ,NYJ,0.22580645161290322,3.806451612903226,0.22580645161290322,0.2903225806451613,0.7096774193548387,0,0,0,0,0,0
2018,12,2018_12_NYG_PHI,NYG,0.1935483870967742,4.064516129032258,0.25925925925925924,0.18518518518518517,0.8148148148148148,0,0,0,0,0,0
2018,12,2018_12_NYG_PHI,PHI,0.07692307692307693,3.948717948717949,0.2702702702702703,0.21621621621621623,0.7837837837837838,0,0,0,0,0,0
2018,12,2018_12_OAK_BAL,BAL,0.32432432432432434,4.27027027027027,0.38235294117647056,0.38235294117647056,0.6176470588235294,0,0,0,0,0,0
2018,12,2018_12_OAK_BAL,OAK,0.2413793103448276,4.241379310344827,0.16,0.08,0.92,0,0,0,0,0,0
2018,12,2018_12_PIT_DEN,DEN,0.3064516129032258,4.145161290322581,0.15517241379310345,0.43859649122807015,0.5614035087719298,0,0,0,0,0,0
2018,12,2018_12_PIT_DEN,PIT,0.6666666666666666,4.9,0.32142857142857145,0.6071428571428571,0.39285714285714285,0,0,0,0,0,0
2018,12,2018_12_SEA_CAR,CAR,0.5454545454545454,4.454545454545454,0.3333333333333333,0.2903225806451613,0.7096774193548387,0,0,0,0,0,0
2018,12,2018_12_SEA_CAR,SEA,0.21875,4.03125,0.3333333333333333,0.4,0.6,0,0,0,0,0,0
2018,12,2018_12_SF_TB,SF,0.18604651162790697,4.023255813953488,0.3684210526315789,0.07894736842105263,0.9210526315789473,0,0,0,0,0,0
2018,12,2018_12_SF_TB,TB,0.3055555555555556,4.305555555555555,0.34375,0.40625,0.59375,0,0,0,0,0,0
2018,12,2018_12_TEN_HOU,HOU,0.2,4.2,0.21739130434782608,0.08695652173913043,0.9130434782608695,0,0,0,0,0,0
2018,12,2018_12_TEN_HOU,TEN,0.34285714285714286,4.171428571428572,0.2608695652173913,0.4166666666666667,0.5833333333333334,0,0,0,0,0,0
2018,12,2018_12_WAS_DAL,DAL,0.13333333333333333,4.088888888888889,0.18421052631578946,0.23684210526315788,0.7631578947368421,0,0,0,0,0,0
2018,12,2018_12_WAS_DAL,WAS,0.3783783783783784,4.4324324324324325,0.41935483870967744,0.3870967741935484,0.6129032258064516,0,0,0,0,0,0
2018,13,2018_13_ARI_GB,ARI,0.4444444444444444,4.481481481481482,0.26,0.16,0.84,0,0,0,0,0,0
2018,13,2018_13_ARI_GB,GB,0.4482758620689655,4.655172413793103,0.38461538461538464,0.4230769230769231,0.5769230769230769,0,0,0,0,0,0
2018,13,2018_13_BAL_ATL,ATL,0.25806451612903225,3.967741935483871,0.23076923076923078,0.2,0.8,0,0,0,0,0,0
2018,13,2018_13_BAL_ATL,BAL,0.5161290322580645,4.67741935483871,0.37037037037037035,0.4074074074074074,0.5925925925925926,0,0,0,0,0,0
2018,13,2018_13_BUF_MIA,BUF,0.3333333333333333,4.296296296296297,0.375,0.4583333333333333,0.5416666666666666,0,0,0,0,0,0
2018,13,2018_13_BUF_MIA,MIA,0.30952380952380953,4.238095238095238,0.3939393939393939,0.24242424242424243,0.7575757575757576,0,0,0,0,0,0
2018,13,2018_13_CAR_TB,CAR,0.4473684210526316,4.394736842105263,0.13333333333333333,0.2,0.8,0,0,0,0,0,0
2018,13,2018_13_CAR_TB,TB,0.3125,4.25,0.35714285714285715,0.16666666666666666,0.8333333333333334,0,0,0,0,0,0
2018,13,2018_13_CHI_NYG,CHI,0.1282051282051282,4.102564102564102,0.3055555555555556,0.3333333333333333,0.6666666666666666,0,0,0,0,0,0
2018,13,2018_13_CHI_NYG,NYG,0.2391304347826087,4.173913043478261,0.5,0.55,0.45,0,0,0,0,0,0
2018,13,2018_13_CLE_HOU,CLE,0.48717948717948717,4.666666666666667,0.25806451612903225,0.4838709677419355,0.5161290322580645,0,0,0,0,0,0
2018,13,2018_13_CLE_HOU,HOU,0.09302325581395349,3.7209302325581395,0.3170731707317073,0.20930232558139536,0.7906976744186046,0,0,0,0,0,0
2018,13,2018_13_DEN_CIN,CIN,0.16666666666666666,4.083333333333333,0.2857142857142857,0.5238095238095238,0.47619047619047616,0,0,0,0,0,0
2018,13,2018_13_DEN_CIN,DEN,0.2857142857142857,4.238095238095238,0.3783783783783784,0.35135135135135137,0.6486486486486487,0,0,0,0,0,0
2018,13,2018_13_IND_JAX,IND,0.0625,4.03125,0.25,0,1,0,0,0,0,0,0
2018,13,2018_13_IND_JAX,JAX,0.17543859649122806,4.2105263157894735,0.36538461538461536,0.28846153846153844,0.7115384615384616,0,0,0,0,0,0
2018,13,2018_13_KC_OAK,KC,0.1951219512195122,4.170731707317073,0.23684210526315788,0.3684210526315789,0.631578947368421,0,0,0,0,0,0
2018,13,2018_13_KC_OAK,OAK,0.14285714285714285,3.9523809523809526,0.2894736842105263,0.2631578947368421,0.7368421052631579,0,0,0,0,0,0
2018,13,2018_13_LAC_PIT,LAC,0.08695652173913043,3.9565217391304346,0.15555555555555556,0.08888888888888889,0.9111111111111111,0,0,0,0,0,0
2018,13,2018_13_LAC_PIT,PIT,0.42105263157894735,4.526315789473684,0.3333333333333333,0.3611111111111111,0.6388888888888888,0,0,0,0,0,0
2018,13,2018_13_LA_DET,DET,0.17142857142857143,3.914285714285714,0.36363636363636365,0.5454545454545454,0.45454545454545453,0,0,0,0,0,0
2018,13,2018_13_LA_DET,LA,0.34210526315789475,4.394736842105263,0.38235294117647056,0.35294117647058826,0.6470588235294118,0,0,0,0,0,0
2018,13,2018_13_MIN_NE,MIN,0.24242424242424243,4.303030303030303,0.1875,0.28125,0.71875,0,0,0,0,0,0
2018,13,2018_13_MIN_NE,NE,0.391304347826087,4.478260869565218,0.22727272727272727,0.5,0.5,0,0,0,0,0,0
2018,13,2018_13_NO_DAL,DAL,0.13333333333333333,4.1,0.17857142857142858,0.42857142857142855,0.5714285714285714,0,0,0,0,0,0
2018,13,2018_13_NO_DAL,NO,0.43243243243243246,4.5675675675675675,0.17857142857142858,0.39285714285714285,0.6071428571428571,0,0,0,0,0,0
2018,13,2018_13_NYJ_TEN,NYJ,0.3170731707317073,4.2682926829268295,0.3142857142857143,0.4857142857142857,0.5142857142857142,0,0,0,0,0,0
2018,13,2018_13_NYJ_TEN,TEN,0.42424242424242425,4.606060606060606,0.26666666666666666,0.43333333333333335,0.5666666666666667,0,0,0,0,0,0
2018,13,2018_13_SF_SEA,SEA,0.23076923076923078,4.0576923076923075,0.391304347826087,0.2708333333333333,0.7291666666666666,0,0,0,0,0,0
2018,13,2018_13_SF_SEA,SF,0.2608695652173913,4.130434782608695,0.4117647058823529,0.23529411764705882,0.7647058823529411,0,0,0,0,0,0
2018,13,2018_13_WAS_PHI,PHI,0.2413793103448276,4.310344827586207,0.32,0.16,0.84,0,0,0,0,0,0
2018,13,2018_13_WAS_PHI,WAS,0.46153846153846156,4.384615384615385,0.23076923076923078,0.6410256410256411,0.358974358974359,0,0,0,0,0,0
2018,14,2018_14_ATL_GB,ATL,0.46153846153846156,4.461538461538462,0.28125,0.4375,0.5625,0,0,0,0,0,0
2018,14,2018_14_ATL_GB,GB,0.20454545454545456,4,0.42857142857142855,0.2857142857142857,0.7142857142857143,0,0,0,0,0,0
2018,14,2018_14_BAL_KC,BAL,0.29310344827586204,4.189655172413793,0.6226415094339622,0.4339622641509434,0.5660377358490566,0,0,0,0,0,0
2018,14,2018_14_BAL_KC,KC,0.4,4.5,0.5,0.6923076923076923,0.3076923076923077,0,0,0,0,0,0
2018,14,2018_14_CAR_CLE,CAR,0.28,4.24,0.2608695652173913,0.043478260869565216,0.9565217391304348,0,0,0,0,0,0
2018,14,2018_14_CAR_CLE,CLE,0.44680851063829785,4.48936170212766,0.27906976744186046,0.5813953488372093,0.4186046511627907,0,0,0,0,0,0
2018,14,2018_14_CIN_LAC,CIN,0.18181818181818182,4.03030303030303,0.13793103448275862,0.41379310344827586,0.5862068965517241,0,0,0,0,0,0
2018,14,2018_14_CIN_LAC,LAC,0.1935483870967742,4.161290322580645,0.25925925925925924,0.037037037037037035,0.9629629629629629,0,0,0,0,0,0
2018,14,2018_14_DEN_SF,DEN,0.4166666666666667,4.527777777777778,0.3939393939393939,0.5151515151515151,0.48484848484848486,0,0,0,0,0,0
2018,14,2018_14_DEN_SF,SF,0.3191489361702128,4.382978723404255,0.35714285714285715,0.38095238095238093,0.6190476190476191,0,0,0,0,0,0
2018,14,2018_14_DET_ARI,ARI,0.36,4.4,0.30434782608695654,0.19047619047619047,0.8095238095238095,0,0,0,0,0,0
2018,14,2018_14_DET_ARI,DET,0.13043478260869565,3.8260869565217392,0.34146341463414637,0.5365853658536586,0.4634146341463415,0,0,0,0,0,0
2018,14,2018_14_IND_HOU,HOU,0.24444444444444444,4.177777777777778,0.1951219512195122,0.3902439024390244,0.6097560975609756,0,0,0,0,0,0
2018,14,2018_14_IND_HOU,IND,0.21739130434782608,4.195652173913044,0.3684210526315789,0.15789473684210525,0.8421052631578947,0,0,0,0,0,0
2018,14,2018_14_JAX_TEN,JAX,0.23076923076923078,4.153846153846154,0.16666666666666666,0.16666666666666666,0.8333333333333334,0,0,0,0,0,0
2018,14,2018_14_JAX_TEN,TEN,0.2857142857142857,4.408163265306122,0.3488372093023256,0.32558139534883723,0.6744186046511628,0,0,0,0,0,0
2018,14,2018_14_LA_CHI,CHI,0.16326530612244897,4,0.3333333333333333,0.18181818181818182,0.8181818181818182,0,0,0,0,0,0
2018,14,2018_14_LA_CHI,LA,0.17647058823529413,3.911764705882353,0.26666666666666666,0.26666666666666666,0.7333333333333333,0,0,0,0,0,0
2018,14,2018_14_MIN_SEA,MIN,0.375,4.333333333333333,0.35,0.5,0.5,0,0,0,0,0,0
2018,14,2018_14_MIN_SEA,SEA,0.08571428571428572,3.9714285714285715,0.2727272727272727,0.12121212121212122,0.8787878787878788,0,0,0,0,0,0
2018,14,2018_14_NE_MIA,MIA,0.28888888888888886,4.288888888888889,0.23255813953488372,0.3488372093023256,0.6511627906976745,0,0,0,0,0,0
2018,14,2018_14_NE_MIA,NE,0.5,4.75,0.42105263157894735,0.47368421052631576,0.5263157894736842,0,0,0,0,0,0
2018,14,2018_14_NO_TB,NO,0.2978723404255319,4.361702127659575,0.3157894736842105,0.39473684210526316,0.6052631578947368,0,0,0,0,0,0
2018,14,2018_14_NO_TB,TB,0.21875,4.15625,0.25806451612903225,0.25806451612903225,0.7419354838709677,0,0,0,0,0,0
2018,14,2018_14_NYG_WAS,NYG,0.225,4.225,0.3333333333333333,0.13333333333333333,0.8666666666666667,0,0,0,0,0,0
2018,14,2018_14_NYG_WAS,WAS,0.3793103448275862,4.206896551724138,0.25925925925925924,0.5185185185185185,0.48148148148148145,0,0,0,0,0,0
2018,14,2018_14_NYJ_BUF,BUF,0.16,4.08,0.28,0.32,0.68,0,0,0,0,0,0
2018,14,2018_14_NYJ_BUF,NYJ,0.40425531914893614,4.382978723404255,0.40540540540540543,0.3783783783783784,0.6216216216216216,0,0,0,0,0,0
2018,14,2018_14_PHI_DAL,DAL,0.19444444444444445,4.166666666666667,0.3125,0.34375,0.65625,0,0,0,0,0,0
2018,14,2018_14_PHI_DAL,PHI,0.19298245614035087,4.298245614035087,0.3148148148148148,0.2962962962962963,0.7037037037037037,0,0,0,0,0,0
2018,14,2018_14_PIT_OAK,OAK,0.12195121951219512,4.146341463414634,0.07894736842105263,0.2631578947368421,0.7368421052631579,0,0,0,0,0,0
2018,14,2018_14_PIT_OAK,PIT,0.4473684210526316,4.421052631578948,0.23529411764705882,0.5882352941176471,0.4117647058823529,0,0,0,0,0,0
2018,15,2018_15_ARI_ATL,ARI,0.3076923076923077,4.153846153846154,0.3055555555555556,0.16666666666666666,0.8333333333333334,0,0,0,0,0,0
2018,15,2018_15_ARI_ATL,ATL,0.38636363636363635,4.318181818181818,0.4722222222222222,0.36363636363636365,0.6363636363636364,0,0,0,0,0,0
2018,15,2018_15_CLE_DEN,CLE,0.35294117647058826,4.352941176470588,0.3191489361702128,0.5416666666666666,0.4583333333333333,0,0,0,0,0,0
2018,15,2018_15_CLE_DEN,DEN,0.35294117647058826,4.529411764705882,0.25806451612903225,0.45161290322580644,0.5483870967741935,0,0,0,0,0,0
2018,15,2018_15_DAL_IND,DAL,0.3,4.166666666666667,0.2692307692307692,0.4074074074074074,0.5925925925925926,0,0,0,0,0,0
2018,15,2018_15_DAL_IND,IND,0.4523809523809524,4.619047619047619,0.3076923076923077,0.17647058823529413,0.8235294117647058,0,0,0,0,0,0
2018,15,2018_15_DET_BUF,BUF,0.5172413793103449,4.655172413793103,0.5172413793103449,0.3103448275862069,0.6896551724137931,0,0,0,0,0,0
2018,15,2018_15_DET_BUF,DET,0.27586206896551724,4.068965517241379,0.2692307692307692,0.5769230769230769,0.4230769230769231,0,0,0,0,0,0
2018,15,2018_15_GB_CHI,CHI,0.1,3.94,0.2619047619047619,0.2857142857142857,0.7142857142857143,0,0,0,0,0,0
2018,15,2018_15_GB_CHI,GB,0.1935483870967742,3.774193548387097,0.17857142857142858,0.39285714285714285,0.6071428571428571,0,0,0,0,0,0
2018,15,2018_15_HOU_NYJ,HOU,0.2,4.022222222222222,0.3684210526315789,0.2631578947368421,0.7368421052631579,0,0,0,0,0,0
2018,15,2018_15_HOU_NYJ,NYJ,0.5142857142857142,4.542857142857143,0.42857142857142855,0.32142857142857145,0.6785714285714286,0,0,0,0,0,0
2018,15,2018_15_LAC_KC,KC,0.27906976744186046,4.372093023255814,0.3684210526315789,0.631578947368421,0.3684210526315789,0,0,0,0,0,0
2018,15,2018_15_LAC_KC,LAC,0.08108108108108109,3.7837837837837838,0.2647058823529412,0.029411764705882353,0.9705882352941176,0,0,0,0,0,0
2018,15,2018_15_MIA_MIN,MIA,0.375,4.5,0.23809523809523808,0.3333333333333333,0.6666666666666666,0,0,0,0,0,0
2018,15,2018_15_MIA_MIN,MIN,0.4411764705882353,4.676470588235294,0.4583333333333333,0.25,0.75,0,0,0,0,0,0
2018,15,2018_15_NE_PIT,NE,0.2222222222222222,4.138888888888889,0.29411764705882354,0.8529411764705882,0.14705882352941177,0,0,0,0,0,0
2018,15,2018_15_NE_PIT,PIT,0.24324324324324326,4.162162162162162,0.3333333333333333,0.3055555555555556,0.6944444444444444,0,0,0,0,0,0
2018,15,2018_15_NO_CAR,CAR,0.24324324324324326,4.27027027027027,0.22857142857142856,0.17142857142857143,0.8285714285714286,0,0,0,0,0,0
2018,15,2018_15_NO_CAR,NO,0.4444444444444444,4.361111111111111,0.2413793103448276,0.36666666666666664,0.6333333333333333,0,0,0,0,0,0
2018,15,2018_15_OAK_CIN,CIN,0.20930232558139536,4.1395348837209305,0.2222222222222222,0.2894736842105263,0.7105263157894737,0,0,0,0,0,0
2018,15,2018_15_OAK_CIN,OAK,0.24324324324324326,4.297297297297297,0.18181818181818182,0.3939393939393939,0.6060606060606061,0,0,0,0,0,0
2018,15,2018_15_PHI_LA,LA,0.125,4.15625,0.2903225806451613,0.16129032258064516,0.8387096774193549,0,0,0,0,0,0
2018,15,2018_15_PHI_LA,PHI,0.1724137931034483,4.137931034482759,0.2641509433962264,0.18867924528301888,0.8113207547169812,0,0,0,0,0,0
2018,15,2018_15_SEA_SF,SEA,0.25,4.25,0.3448275862068966,0.3103448275862069,0.6896551724137931,0,0,0,0,0,0
2018,15,2018_15_SEA_SF,SF,0.2857142857142857,4.428571428571429,0.3548387096774194,0.3333333333333333,0.6666666666666666,0,0,0,0,0,0
2018,15,2018_15_TB_BAL,BAL,0.15384615384615385,3.9615384615384617,0.4,0.28,0.72,0,0,0,0,0,0
2018,15,2018_15_TB_BAL,TB,0.4,4.5,0.43478260869565216,0.17391304347826086,0.8260869565217391,0,0,0,0,0,0
2018,15,2018_15_TEN_NYG,NYG,0.4090909090909091,4.363636363636363,0.14285714285714285,0.47619047619047616,0.5238095238095238,0,0,0,0,0,0
2018,15,2018_15_TEN_NYG,TEN,0.1702127659574468,4.0638297872340425,0.20454545454545456,0.4090909090909091,0.5909090909090909,0,0,0,0,0,0
2018,15,2018_15_WAS_JAX,JAX,0.47058823529411764,4.647058823529412,0.32,0.44,0.56,0,0,0,0,0,0
2018,15,2018_15_WAS_JAX,WAS,0.20689655172413793,4.137931034482759,0.47058823529411764,0.11764705882352941,0.8823529411764706,0,0,0,0,0,0
2018,16,2018_16_ATL_CAR,ATL,0.32786885245901637,4.311475409836065,0.375,0.32727272727272727,0.6727272727272727,0,0,0,0,0,0
2018,16,2018_16_ATL_CAR,CAR,0.18518518518518517,4.185185185185185,0.3076923076923077,0.11538461538461539,0.8846153846153846,0,0,0,0,0,0
2018,16,2018_16_BAL_LAC,BAL,0.47619047619047616,4.5,0.5675675675675675,0.21621621621621623,0.7837837837837838,0,0,0,0,0,0
2018,16,2018_16_BAL_LAC,LAC,0.10714285714285714,4.107142857142857,0.5454545454545454,0.13636363636363635,0.8636363636363636,0,0,0,0,0,0
2018,16,2018_16_BUF_NE,BUF,0.4230769230769231,4.461538461538462,0.32,0.44,0.56,0,0,0,0,0,0
2018,16,2018_16_BUF_NE,NE,0.37209302325581395,4.162790697674419,0.24390243902439024,0.5853658536585366,0.4146341463414634,0,0,0,0,0,0
2018,16,2018_16_CHI_SF,CHI,0.2564102564102564,3.9743589743589745,0.4473684210526316,0.21052631578947367,0.7894736842105263,0,0,0,0,0,0
2018,16,2018_16_CHI_SF,SF,0.09090909090909091,3.909090909090909,0.2413793103448276,0.2413793103448276,0.7586206896551724,0,0,0,0,0,0
2018,16,2018_16_CIN_CLE,CIN,0.3170731707317073,4.317073170731708,0.23684210526315788,0.42105263157894735,0.5789473684210527,0,0,0,0,0,0
2018,16,2018_16_CIN_CLE,CLE,0.52,4.88,0.3684210526315789,0.5263157894736842,0.47368421052631576,0,0,0,0,0,0
2018,16,2018_16_DEN_OAK,DEN,0.14814814814814814,3.8518518518518516,0.11538461538461539,0.34615384615384615,0.6538461538461539,0,0,0,0,0,0
2018,16,2018_16_DEN_OAK,OAK,0.175,4.225,0.35135135135135137,0.1891891891891892,0.8108108108108109,0,0,0,0,0,0
2018,16,2018_16_GB_NYJ,GB,0.23684210526315788,4.105263157894737,0.22857142857142856,0.2647058823529412,0.7352941176470589,0,0,0,0,0,0
2018,16,2018_16_GB_NYJ,NYJ,0.3225806451612903,4.403225806451613,0.2545454545454545,0.24528301886792453,0.7547169811320755,0,0,0,0,0,0
2018,16,2018_16_HOU_PHI,HOU,0.1568627450980392,3.8823529411764706,0.2653061224489796,0.52,0.48,0,0,0,0,0,0
2018,16,2018_16_HOU_PHI,PHI,0.2,4.24,0.425,0.3,0.7,0,0,0,0,0,0
2018,16,2018_16_JAX_MIA,JAX,0.2962962962962963,4.185185185185185,0.45454545454545453,0.2727272727272727,0.7272727272727273,0,0,0,0,0,0
2018,16,2018_16_JAX_MIA,MIA,0.4,4.466666666666667,0.4583333333333333,0.20833333333333334,0.7916666666666666,0,0,0,0,0,0
2018,16,2018_16_KC_SEA,KC,0.5555555555555556,4.75,0.3793103448275862,0.7931034482758621,0.20689655172413793,0,0,0,0,0,0
2018,16,2018_16_KC_SEA,SEA,0.13636363636363635,4.136363636363637,0.45,0.275,0.725,0,0,0,0,0,0
2018,16,2018_16_LA_ARI,ARI,0.6296296296296297,4.888888888888889,0.2916666666666667,0.3333333333333333,0.6666666666666666,0,0,0,0,0,0
2018,16,2018_16_LA_ARI,LA,0.20512820512820512,4.153846153846154,0.41935483870967744,0.16666666666666666,0.8333333333333334,0,0,0,0,0,0
2018,16,2018_16_MIN_DET,DET,0.36666666666666664,4.466666666666667,0.21428571428571427,0.42857142857142855,0.5714285714285714,0,0,0,0,0,0
2018,16,2018_16_MIN_DET,MIN,0.2765957446808511,4.297872340425532,0.3023255813953488,0.27906976744186046,0.7209302325581395,0,0,0,0,0,0
2018,16,2018_16_NYG_IND,IND,0.2727272727272727,4.333333333333333,0.30303030303030304,0.18181818181818182,0.8181818181818182,0,0,0,0,0,0
2018,16,2018_16_NYG_IND,NYG,0.20408163265306123,4.1020408163265305,0.34782608695652173,0.3617021276595745,0.6382978723404256,0,0,0,0,0,0
2018,16,2018_16_PIT_NO,NO,0.37037037037037035,4.203703703703703,0.22448979591836735,0.38,0.62,0,0,0,0,0,0
2018,16,2018_16_PIT_NO,PIT,0.38095238095238093,4.380952380952381,0.45,0.55,0.45,0,0,0,0,0,0
2018,16,2018_16_TB_DAL,DAL,0.12962962962962962,4.12962962962963,0.375,0.25,0.75,0,0,0,0,0,0
2018,16,2018_16_TB_DAL,TB,0.34615384615384615,4.461538461538462,0.32,0.32,0.68,0,0,0,0,0,0
2018,16,2018_16_WAS_TEN,TEN,0.4230769230769231,4.3076923076923075,0.30434782608695654,0.4782608695652174,0.5217391304347826,0,0,0,0,0,0
2018,16,2018_16_WAS_TEN,WAS,0.20689655172413793,4.137931034482759,0.36,0.28,0.72,0,0,0,0,0,0
2018,17,2018_17_ARI_SEA,ARI,0.5555555555555556,4.62962962962963,0.2857142857142857,0.19047619047619047,0.8095238095238095,0,0,0,0,0,0
2018,17,2018_17_ARI_SEA,SEA,0.275,4.35,0.2647058823529412,0.4117647058823529,0.5882352941176471,0,0,0,0,0,0
2018,17,2018_17_ATL_TB,ATL,0.2972972972972973,4.378378378378378,0.42857142857142855,0.37142857142857144,0.6285714285714286,0,0,0,0,0,0
2018,17,2018_17_ATL_TB,TB,0.23404255319148937,4.148936170212766,0.35555555555555557,0.2222222222222222,0.7777777777777778,0,0,0,0,0,0
2018,17,2018_17_CAR_NO,CAR,0.25925925925925924,4.333333333333333,0.36363636363636365,0.18181818181818182,0.8181818181818182,0,0,0,0,0,0
2018,17,2018_17_CAR_NO,NO,0.5757575757575758,5.03030303030303,0.5,0.6,0.4,0,0,0,0,0,0
2018,17,2018_17_CHI_MIN,CHI,0.21052631578947367,4.157894736842105,0.48484848484848486,0.18181818181818182,0.8181818181818182,0,0,0,0,0,0
2018,17,2018_17_CHI_MIN,MIN,0.32142857142857145,4.214285714285714,0.2692307692307692,0.38461538461538464,0.6153846153846154,0,0,0,0,0,0
2018,17,2018_17_CIN_PIT,CIN,0.2553191489361702,4.085106382978723,0.3111111111111111,0.4444444444444444,0.5555555555555556,0,0,0,0,0,0
2018,17,2018_17_CIN_PIT,PIT,0.3793103448275862,4.137931034482759,0.3333333333333333,0.375,0.625,0,0,0,0,0,0
2018,17,2018_17_CLE_BAL,BAL,0.5238095238095238,4.690476190476191,0.35714285714285715,0.5714285714285714,0.42857142857142855,0,0,0,0,0,0
2018,17,2018_17_CLE_BAL,CLE,0.5,4.821428571428571,0.16666666666666666,0.2916666666666667,0.7083333333333334,0,0,0,0,0,0
2018,17,2018_17_DAL_NYG,DAL,0.3333333333333333,4.261904761904762,0.2926829268292683,0.325,0.675,0,0,0,0,0,0
2018,17,2018_17_DAL_NYG,NYG,0.24489795918367346,4.36734693877551,0.4772727272727273,0.3181818181818182,0.6818181818181818,0,0,0,0,0,0
2018,17,2018_17_DET_GB,DET,0.19148936170212766,4.042553191489362,0.23076923076923078,0.525,0.475,0,0,0,0,0,0
2018,17,2018_17_DET_GB,GB,0.38235294117647056,4.352941176470588,0.30303030303030304,0.53125,0.46875,0,0,0,0,0,0
2018,17,2018_17_IND_TEN,IND,0.1724137931034483,4.068965517241379,0.20689655172413793,0.10344827586206896,0.896551724137931,0,0,0,0,0,0
2018,17,2018_17_IND_TEN,TEN,0.1,3.9,0.17142857142857143,0.34285714285714286,0.6571428571428571,0,0,0,0,0,0
2018,17,2018_17_JAX_HOU,HOU,0.2571428571428571,4.228571428571429,0.17857142857142858,0.35714285714285715,0.6428571428571429,0,0,0,0,0,0
2018,17,2018_17_JAX_HOU,JAX,0.3953488372093023,4.604651162790698,0.37142857142857144,0.5,0.5,0,0,0,0,0,0
2018,17,2018_17_LAC_DEN,DEN,0.52,4.64,0.5,0.5416666666666666,0.4583333333333333,0,0,0,0,0,0
2018,17,2018_17_LAC_DEN,LAC,0.24,4.16,0.3958333333333333,0.10869565217391304,0.8913043478260869,0,0,0,0,0,0
2018,17,2018_17_MIA_BUF,BUF,0.2702702702702703,4.324324324324325,0.34375,0.21875,0.78125,0,0,0,0,0,0
2018,17,2018_17_MIA_BUF,MIA,0.5625,4.59375,0.38461538461538464,0.34615384615384615,0.6538461538461539,0,0,0,0,0,0
2018,17,2018_17_NYJ_NE,NE,0.5454545454545454,4.696969696969697,0.25,0.6956521739130435,0.30434782608695654,0,0,0,0,0,0
2018,17,2018_17_NYJ_NE,NYJ,0.4117647058823529,4.323529411764706,0.15151515151515152,0.5151515151515151,0.48484848484848486,0,0,0,0,0,0
2018,17,2018_17_OAK_KC,KC,0.19444444444444445,4.055555555555555,0.21212121212121213,0.6363636363636364,0.36363636363636365,0,0,0,0,0,0
2018,17,2018_17_OAK_KC,OAK,0.14285714285714285,3.857142857142857,0.2222222222222222,0.4074074074074074,0.5925925925925926,0,0,0,0,0,0
2018,17,2018_17_PHI_WAS,PHI,0.22857142857142856,4.2,0.42857142857142855,0.14814814814814814,0.8518518518518519,0,0,0,0,0,0
2018,17,2018_17_PHI_WAS,WAS,0.32432432432432434,4.243243243243243,0.23529411764705882,0.29411764705882354,0.7058823529411765,0,0,0,0,0,0
2018,17,2018_17_SF_LA,LA,0.4444444444444444,4.388888888888889,0.36363636363636365,0.24242424242424243,0.7575757575757576,0,0,0,0,0,0
2018,17,2018_17_SF_LA,SF,0.2413793103448276,4.068965517241379,0.17857142857142858,0.3103448275862069,0.6896551724137931,0,0,0,0,0,0
2018,18,2018_18_IND_HOU,HOU,0.40540540540540543,4.513513513513513,0.25,0.78125,0.21875,0,0,0,0,0,0
2018,18,2018_18_IND_HOU,IND,0.2982456140350877,4.280701754385965,0.30612244897959184,0.14285714285714285,0.8571428571428571,0,0,0,0,0,0
2018,18,2018_18_LAC_BAL,BAL,0.4,4.4,0.4375,0.36666666666666664,0.6333333333333333,0,0,0,0,0,0
2018,18,2018_18_LAC_BAL,LAC,0.1,3.875,0.37037037037037035,0,1,0,0,0,0,0,0
2018,18,2018_18_PHI_CHI,CHI,0.24390243902439024,4.146341463414634,0.325,0.358974358974359,0.6410256410256411,0,0,0,0,0,0
2018,18,2018_18_PHI_CHI,PHI,0.0851063829787234,4.0638297872340425,0.40476190476190477,0.2619047619047619,0.7380952380952381,0,0,0,0,0,0
2018,18,2018_18_SEA_DAL,DAL,0.20689655172413793,4.344827586206897,0.3333333333333333,0.37037037037037035,0.6296296296296297,0,0,0,0,0,0
2018,18,2018_18_SEA_DAL,SEA,0.22857142857142856,4.142857142857143,0.36363636363636365,0.3333333333333333,0.6666666666666666,0,0,0,0,0,0
2018,19,2018_19_DAL_LA,DAL,0.3103448275862069,4.241379310344827,0.18518518518518517,0.32142857142857145,0.6785714285714286,0,0,0,0,0,0
2018,19,2018_19_DAL_LA,LA,0.2647058823529412,4.088235294117647,0.15625,0.1875,0.8125,0,0,0,0,0,0
2018,19,2018_19_IND_KC,IND,0.23404255319148937,4.127659574468085,0.17073170731707318,0.1951219512195122,0.8048780487804879,0,0,0,0,0,0
2018,19,2018_19_IND_KC,KC,0.14634146341463414,4.097560975609756,0.25,0.25,0.75,0,0,0,0,0,0
2018,19,2018_19_LAC_NE,LAC,0.1590909090909091,3.9318181818181817,0.25,0.18181818181818182,0.8181818181818182,0,0,0,0,0,0
2018,19,2018_19_LAC_NE,NE,0.2830188679245283,4.169811320754717,0.6666666666666666,0.803921568627451,0.19607843137254902,0,0,0,0,0,0
2018,19,2018_19_PHI_NO,NO,0.2903225806451613,4.161290322580645,0.3548387096774194,0.3225806451612903,0.6774193548387096,0,0,0,0,0,0
2018,19,2018_19_PHI_NO,PHI,0.0975609756097561,4.024390243902439,0.24324324324324326,0.2894736842105263,0.7105263157894737,0,0,0,0,0,0
2018,20,2018_20_LA_NO,LA,0.11627906976744186,4.046511627906977,0.17073170731707318,0.5121951219512195,0.4878048780487805,0,0,0,0,0,0
2018,20,2018_20_LA_NO,NO,0.36363636363636365,4.5227272727272725,0.24390243902439024,0.425,0.575,0,0,0,0,0,0
2018,20,2018_20_NE_KC,KC,0.3695652173913043,4.282608695652174,0.21739130434782608,0.6956521739130435,0.30434782608695654,0,0,0,0,0,0
2018,20,2018_20_NE_KC,NE,0.3055555555555556,4.083333333333333,0.4838709677419355,0.7419354838709677,0.25806451612903225,0,0,0,0,0,0
2018,21,2018_21_NE_LA,LA,0.19444444444444445,4.083333333333333,0.17142857142857143,0.5428571428571428,0.45714285714285713,0,0,0,0,0,0
2018,21,2018_21_NE_LA,NE,0.5238095238095238,4.380952380952381,0.40540540540540543,0.4473684210526316,0.5526315789473685,0,0,0,0,0,0
