season,week,player_id,ngs_cpoe,ngs_air_yards,ngs_time_to_throw,ngs_aggressiveness
2021,1,00-0036971,-11.657926732418574,8.5658,2.674627450980392,13.725490196078432
2021,1,00-0034796,-1.3473187386989736,7.845172413793105,3.037533333333334,20
2021,1,00-0036442,6.785482057818669,8.551538461538458,2.563769230769231,11.11111111111111
2021,1,00-0027973,-1.4826311876899325,4.1986842105263165,2.438473684210526,18.421052631578945
2021,1,00-0033873,5.6455403152439345,9.343235294117648,2.637861111111111,8.333333333333332
2021,1,00-0026498,9.904644272934945,9.123846153846154,2.6122307692307696,15.384615384615385
2021,1,00-0033106,-1.6365264983553658,6.320357142857143,2.7098421052631583,8.771929824561402
2021,1,00-0019596,2.310648739337914,8.422391304347823,2.5019199999999997,18
2021,1,00-0022924,-6.605316232889891,5.74,2.30034375,31.25
2021,1,00-0037013,-10.913919395691643,9.833333333333332,2.8491891891891896,13.513513513513514
2021,1,00-0035710,-0.00800814580273368,8.801111111111112,2.5802222222222215,18.91891891891892
2021,1,00-0036355,4.029422994465278,8.201304347826087,2.597765957446809,23.404255319148938
2021,1,00-0026143,-7.832528182438452,5.245454545454545,2.6720285714285716,8.571428571428571
2021,1,00-0029604,5.244642982677547,6.09913043478261,2.5948333333333333,10.204081632653061
2021,1,00-0034869,-1.1754232219287246,7.536060606060606,2.609485714285714,5.714285714285714
2021,1,00-0031800,9.945959647496537,7.724999999999996,2.756066666666667,26.666666666666668
2021,1,00-0036972,4.732951426353225,6.303947368421053,2.540820512820513,10.256410256410255
2021,1,00-0031345,0.014157533645629883,7.230454545454548,2.511166666666667,8
2021,1,00-0035228,3.5604116739705205,8.7990625,2.99928125,15.625
2021,1,00-0034857,-6.795469627660864,9.700833333333335,2.7768235294117654,11.76470588235294
2021,1,00-0034855,13.892512768507004,9.829999999999998,3.085714285714286,32.142857142857146
2021,1,00-0028118,0.8462065548607711,9.4609375,2.840030303030303,18.181818181818183
2021,1,00-0029263,14.438162906014405,10.382857142857143,2.706782608695652,8.695652173913043
2021,1,00-0031237,13.512482328547378,8.362571428571428,3.032166666666667,13.88888888888889
2021,1,00-0032950,2.985748883924991,5.693428571428572,2.9155263157894744,13.157894736842104
2021,1,00-0036389,8.068396278790075,3.7309375000000005,2.8584411764705884,8.571428571428571
2021,1,00-0023459,-4.806556572605459,7.953846153846154,2.942214285714286,14.285714285714285
2021,1,00-0029701,-6.519238267626079,7.396285714285716,2.585485714285714,20
2021,1,00-0036212,-4.05874533785714,9.24037037037037,2.581925925925926,25.925925925925924
2021,1,00-0033077,7.1607159836025005,7.055614035087721,2.3859137931034478,15.517241379310345
2021,1,00-0031280,-2.4445970143590756,9.537307692307694,2.807944444444445,8.928571428571429
2021,1,00-0031503,3.500604070723057,8.727368421052631,2.91125,10
2021,2,00-0034855,8.160829969814841,5.326190476190476,2.4389523809523803,0
2021,2,00-0036972,2.719082931677491,4.592142857142856,2.7574333333333336,10
2021,2,00-0033077,13.488020665115783,5.327407407407408,2.4877777777777776,18.51851851851852
2021,2,00-0036442,-0.09607019523780025,8.384137931034484,2.4525333333333332,23.333333333333332
2021,2,00-0035228,11.701396190457885,8.037352941176474,3.0586388888888885,5.555555555555555
2021,2,00-0029263,2.066335830116472,10.169354838709678,2.625225806451613,16.129032258064516
2021,2,00-0031280,7.492481333178446,8.31810810810811,2.697243243243243,13.513513513513514
2021,2,00-0032950,1.709333687059349,7.758333333333332,2.8975161290322573,16.129032258064516
2021,2,00-0036971,-10.181508676120728,12.114848484848483,2.939636363636364,15.151515151515152
2021,2,00-0023459,11.870656355663584,8.98111111111111,2.586925925925926,14.814814814814813
2021,2,00-0037013,-7.855822789398104,8.836363636363636,3.25930303030303,12.121212121212121
2021,2,00-0029604,1.0718838777393103,6.556562500000001,2.5333124999999996,18.75
2021,2,00-0031345,-4.970830579598754,3.584333333333333,2.443533333333334,10
2021,2,00-0033119,-5.518522411584854,5.544615384615385,2.611675,17.5
2021,2,00-0036355,6.198519877180814,6.5817499999999995,2.7764146341463416,14.634146341463413
2021,2,00-0026498,-8.293671607971206,7.7731034482758625,2.9866333333333333,3.3333333333333335
2021,2,00-0031800,8.796730346005887,7.70931818181818,2.4429999999999996,19.565217391304348
2021,2,00-0029701,4.079297110438347,10.352820512820514,2.8254,20
2021,2,00-0034869,7.8023803665449805,7.4688888888888885,2.990789473684211,21.052631578947366
2021,2,00-0036389,-3.065016995305605,14.648260869565217,3.2494782608695654,26.08695652173913
2021,2,00-0033106,7.583949135409455,6.998571428571427,3.139222222222222,16.666666666666664
2021,2,00-0022924,0.3131720796227455,9.0155,2.504975,15
2021,2,00-0034857,-5.498838650457792,9.423793103448274,2.9816969696969697,15.151515151515152
2021,2,00-0033873,5.031725812342856,8.453333333333331,2.8099354838709676,6.451612903225806
2021,2,00-0026143,-0.2038863042126451,4.4410869565217395,2.5932173913043486,8.695652173913043
2021,2,00-0031237,8.11484030940953,10.907941176470588,3.2754999999999996,17.647058823529413
2021,2,00-0031503,-11.461029811338939,8.407619047619047,3.0777272727272726,9.090909090909092
2021,2,00-0019596,-4.8111115892728264,9.894285714285713,2.3942777777777775,2.7777777777777777
2021,2,00-0034796,1.209808542178223,9.718799999999998,2.748,15.384615384615385
2021,2,00-0035710,8.966817008331418,10.766562500000001,2.7895937500000003,28.125
2021,2,00-0036898,-15.653822819391891,10.958235294117646,3.2143333333333337,22.22222222222222
2021,3,00-0019596,4.066276360641822,6.770370370370371,2.5431636363636363,10.909090909090908
2021,3,00-0026143,1.6855453451474602,4.0791666666666675,2.9398055555555556,11.11111111111111
2021,3,00-0026498,0.5336570896600534,9.062105263157896,2.5673157894736853,13.157894736842104
2021,3,00-0034796,2.9395933353131767,19.33777777777778,3.8833999999999995,16.129032258064516
2021,3,00-0036442,5.631449818611145,8.35388888888889,2.4088888888888893,11.11111111111111
2021,3,00-0031237,13.191519916057594,7.585416666666667,2.88432,12
2021,3,00-0029263,7.393276342190802,8.172857142857142,2.7779375,15.625
2021,3,00-0033873,-1.9854711961339788,8.928048780487805,2.9420681818181817,4.545454545454546
2021,3,00-0031280,1.1743813623175967,9.341249999999999,2.7655348837209295,18.6046511627907
2021,3,00-0033106,1.3960103690624237,4.489285714285715,2.7792000000000003,3.3333333333333335
2021,3,00-0035710,-3.011475247996202,6.927428571428571,2.802171428571429,14.285714285714285
2021,3,00-0036389,-4.621758674963928,6.566315789473684,2.7495128205128205,15.384615384615385
2021,3,00-0031800,-7.6589712873101305,7.219166666666665,3.2122083333333333,20.833333333333336
2021,3,00-0032950,-6.361007358174064,6.962941176470587,2.704513513513514,18.91891891891892
2021,3,00-0036972,1.8256936003180115,12.134705882352941,2.8439607843137256,25.49019607843137
2021,3,00-0037013,-7.550206780433655,7.738787878787877,2.979085714285714,22.857142857142858
2021,3,00-0029701,0.04626476654298983,6.392307692307693,2.6174814814814815,7.4074074074074066
2021,3,00-0036945,-24.243716597557068,5.5745,2.62935,45
2021,3,00-0031345,2.8362129628658224,6.692631578947368,2.6269499999999995,20
2021,3,00-0034869,1.9542765529716775,7.913030303030303,2.9484411764705887,17.647058823529413
2021,3,00-0036971,3.9527251439936038,8.539687500000003,3.009121212121212,17.647058823529413
2021,3,00-0033077,13.390936989050658,9.1688,2.8500769230769225,11.538461538461538
2021,3,00-0036355,4.0954530239105225,6.507428571428571,2.772921052631579,10.526315789473683
2021,3,00-0033119,0.583331043622934,7.494468085106383,2.7137708333333332,20.408163265306122
2021,3,00-0034855,-1.361262209473118,9.707931034482758,2.8962,6.451612903225806
2021,3,00-0034857,10.109730515369165,9.618571428571428,2.936976744186047,9.30232558139535
2021,3,00-0029604,7.104214672979552,5.561052631578948,2.6124210526315785,15.789473684210526
2021,3,00-0036898,7.165878252791515,7.670400000000002,2.580407407407407,14.285714285714285
2021,3,00-0031503,1.072159853009957,11.052499999999998,3.50152380952381,28.57142857142857
2021,3,00-0035228,9.375240204527088,7.535588235294121,2.7624117647058823,5.88235294117647
2021,3,00-0022924,-4.485082883259338,5.584310344827586,2.2751206896551723,13.793103448275861
2021,3,00-0023459,7.582173609372347,11,2.383741935483871,9.090909090909092
2021,4,00-0036898,-10.92313549348286,8.2235,2.5549999999999997,19.047619047619047
2021,4,00-0035710,10.453024879097946,9.284594594594596,2.8675249999999997,22.5
2021,4,00-0034855,-15.41992629116232,10.25290322580645,2.892333333333333,12.121212121212121
2021,4,00-0037012,-17.605519625875687,9.357647058823531,3.0591111111111116,0
2021,4,00-0019596,-10.90999789709268,11.015813953488374,2.787697674418605,23.25581395348837
2021,4,00-0032950,10.252673644572496,8.8328125,3.0151875000000006,21.875
2021,4,00-0031237,-18.445857183542103,9.156875,2.3275625,18.75
2021,4,00-0034869,-1.7232256583296532,8.544102564102564,2.9116153846153847,17.94871794871795
2021,4,00-0037013,-7.558962790405047,9.686176470588235,3.0313823529411765,11.76470588235294
2021,4,00-0031503,5.759071526320071,6.9943478260869565,3.004217391304348,13.043478260869565
2021,4,00-0034857,0.7244610715479922,9.051333333333334,2.7314000000000003,13.333333333333334
2021,4,00-0034796,-2.9596228454564013,11.56857142857143,3.062378378378378,18.91891891891892
2021,4,00-0036971,6.90452593068283,8.824545454545456,3.3185416666666665,8.333333333333332
2021,4,00-0033106,-4.05053206180272,8.706216216216216,3.028657894736842,5.263157894736842
2021,4,00-0035228,7.532692234963179,6.128275862068964,2.8227812500000002,12.5
2021,4,00-0036389,4.521157957303018,7.994090909090911,2.9608749999999997,12.5
2021,4,00-0031280,-3.971571299959635,8.82375,3.0227352941176466,17.647058823529413
2021,4,00-0031800,3.120807174480319,9.320606060606062,2.957969696969697,21.21212121212121
2021,4,00-0029604,-3.888823719401117,7.943055555555554,2.6519473684210526,23.684210526315788
2021,4,00-0035704,-5.047077862989333,9.17904761904762,2.814904761904762,33.33333333333333
2021,4,00-0026143,1.7132857016154759,10.569024390243904,2.559048780487805,26.190476190476193
2021,4,00-0033077,-5.510934916409589,7.767727272727272,2.4722272727272725,22.727272727272727
2021,4,00-0036945,2.391306267065154,13.208823529411765,2.995470588235294,5.88235294117647
2021,4,00-0036972,5.3330182284116745,5.234250000000001,2.503,7.5
2021,4,00-0026498,-2.248069816609707,8.64609756097561,2.666341463414634,14.634146341463413
2021,4,00-0033119,-0.7023777564366753,7.875666666666664,3.036,16.666666666666664
2021,4,00-0029263,2.996913764787749,5.6918181818181814,2.547478260869566,13.043478260869565
2021,4,00-0036442,12.056080438196659,7.845937500000001,2.73090625,18.75
2021,4,00-0031345,-5.023411564205006,10.19681818181818,2.669608695652174,17.391304347826086
2021,4,00-0029701,-3.3861054449665247,7.758979591836734,2.61030612244898,24.489795918367346
2021,4,00-0023459,-8.992424317532112,8.796857142857144,2.5026111111111113,16.666666666666664
2021,4,00-0033873,11.032065798838943,6.800666666666667,2.3243,13.333333333333334
2021,4,00-0036355,0.0021294543617642603,7.52918918918919,2.589552631578947,13.157894736842104
2021,4,00-0022924,-2.8786277770996094,7.050769230769231,2.26765,12.5
2021,5,00-0032950,2.7447745629719265,5.695588235294117,2.7780857142857145,17.142857142857142
2021,5,00-0031503,-8.871575742959983,11.750357142857139,2.9071333333333333,13.333333333333334
2021,5,00-0033077,5.303110601380467,8.736451612903227,2.8055,18.75
2021,5,00-0034855,8.933293540030718,8.650689655172414,2.985903225806452,18.75
2021,5,00-0035228,8.025054970095233,7.218214285714285,2.7686451612903222,16.129032258064516
2021,5,00-0030565,0.08358990444856573,9.969999999999999,3.2269411764705884,17.647058823529413
2021,5,00-0036898,12.691294222042472,8.72037037037037,2.617172413793104,13.793103448275861
2021,5,00-0033119,-1.4433861160889592,6.068205128205127,2.8120769230769227,7.6923076923076925
2021,5,00-0034857,-1.6057408199860603,12.360000000000005,3.209769230769231,19.230769230769234
2021,5,00-0031237,4.687762809427156,9.413714285714283,2.9072105263157897,15.789473684210526
2021,5,00-0037013,-5.341821792535484,8.809677419354836,3.344375,9.375
2021,5,00-0036945,5.26346895843745,10.136315789473686,2.5517368421052633,30
2021,5,00-0036972,7.46530801057817,7.856428571428571,2.7011379310344834,3.3333333333333335
2021,5,00-0031280,-8.884397659982959,8.652857142857146,2.848714285714285,8.571428571428571
2021,5,00-0019596,8.555830360912694,10.573846153846151,2.46175,9.75609756097561
2021,5,00-0033106,0.23271744804722516,6.708709677419354,2.510457142857143,14.285714285714285
2021,5,00-0037012,-5.91195715141707,10.507142857142854,3.1621034482758628,24.137931034482758
2021,5,00-0034869,-6.800270604120712,7.298529411764705,3.0054864864864865,13.513513513513514
2021,5,00-0036355,-4.260283968476372,8.91761904761905,2.637767441860465,18.6046511627907
2021,5,00-0022924,-3.683905839920044,7.830800000000002,2.3658000000000006,24
2021,5,00-0029701,0.09207258170300747,7.557619047619048,2.768863636363636,18.181818181818183
2021,5,00-0023459,10.131316727552651,8.918571428571429,3.1658421052631582,23.076923076923077
2021,5,00-0036442,1.981426893096227,8.397297297297296,2.724315789473684,18.421052631578945
2021,5,00-0029263,7.851781323552132,11.643125,2.6456874999999993,18.75
2021,5,00-0030520,2.6468586921691966,9.46086956521739,2.72276,12
2021,5,00-0036971,6.059318509968847,9.390606060606062,2.7955454545454552,24.242424242424242
2021,5,00-0033873,-7.187939793975261,6.309000000000001,2.9286851851851856,7.4074074074074066
2021,5,00-0026143,6.7137525478998725,7.042666666666667,2.676488888888889,15.555555555555555
2021,5,00-0026498,4.811762796865928,12.314444444444444,2.810162162162162,18.91891891891892
2021,5,00-0031800,-14.816936450760544,9.707560975609757,3.1623414634146343,14.634146341463413
2021,5,00-0034796,10.181775619817344,6.914418604651164,2.86346511627907,4.651162790697675
2021,5,00-0029604,5.165818859549134,8.014516129032257,2.9258484848484847,5.88235294117647
2021,5,00-0036389,-4.033920249423467,6.438529411764705,2.761378378378378,16.216216216216218
2021,6,00-0023459,10.457253456115716,7.329523809523811,2.6210869565217396,21.73913043478261
2021,6,00-0034796,1.505265964402085,7.004074074074072,2.860037037037037,7.4074074074074066
2021,6,00-0036212,0.2552613615989685,8.082391304347825,2.574043478260869,8.51063829787234
2021,6,00-0036971,-1.2374311140397651,7.788499999999999,2.9032439024390237,17.073170731707318
2021,6,00-0033077,10.432726407752327,9.308367346938772,3.0477450980392176,17.647058823529413
2021,6,00-0033873,-1.5291317346248263,7.259782608695651,2.5892340425531915,10.638297872340425
2021,6,00-0036898,-0.9281633898269348,6.994523809523812,2.5680697674418607,13.953488372093023
2021,6,00-0031280,9.209174359286258,11.3932,2.8534074074074076,18.51851851851852
2021,6,00-0033106,2.4002925093684837,6.0769230769230775,2.8009512195121946,11.904761904761903
2021,6,00-0035710,-5.573953556663845,6.5125,2.740921568627451,19.607843137254903
2021,6,00-0034857,7.90046534322677,8.66911111111111,2.936553191489362,14.893617021276595
2021,6,00-0026498,1.8175797803061329,7.2825,2.5699642857142857,7.142857142857142
2021,6,00-0035228,3.4563633427023817,9.426428571428572,2.6467333333333327,16.666666666666664
2021,6,00-0036972,7.857462905702143,8.311428571428571,2.3339523809523812,4.761904761904762
2021,6,00-0019596,6.269455452760056,6.1273809523809515,2.4461666666666666,9.523809523809524
2021,6,00-0022924,2.0416413992643356,6.522051282051282,2.4530249999999993,10
2021,6,00-0036442,0.3426973675859415,7.402857142857144,2.8413103448275865,17.24137931034483
2021,6,00-0036945,-0.7469457608682148,10.1072,3.001074074074074,18.51851851851852
2021,6,00-0030565,-0.4023900255560875,4.389677419354838,2.590774193548387,9.375
2021,6,00-0036389,-7.603536603542473,10.987916666666665,3.358807692307692,15.384615384615385
2021,6,00-0032950,-0.38331203162668714,12.790000000000001,2.8261499999999997,15
2021,6,00-0031237,7.189249110465141,10.709583333333336,2.9897551020408155,12.244897959183673
2021,6,00-0029604,7.710751052945852,7.730666666666666,2.5458936170212767,20.833333333333336
2021,6,00-0034855,-3.070453447954989,7.929285714285714,2.8278214285714296,21.428571428571427
2021,6,00-0034869,-17.481988827448063,10.654358974358974,2.9171219512195123,17.073170731707318
2021,6,00-0031800,-4.337013837618706,6.79,3.051,25.64102564102564
2021,6,00-0036355,-10.763843166522491,6.546153846153846,2.645948717948718,20.51282051282051
2021,6,00-0029701,2.365877479314804,7.655600000000001,2.9619655172413797,17.24137931034483
2021,7,00-0036212,11.076694205403328,6.02975,2.560925,25
2021,7,00-0023459,6.510253420897897,5.459705882352941,2.711257142857143,8.571428571428571
2021,7,00-0029701,13.59544440552041,7.458076923076924,2.172307692307692,22.22222222222222
2021,7,00-0026498,2.2406821934188343,8.664634146341466,2.6259268292682925,21.951219512195124
2021,7,00-0035228,-1.8922616860696166,8.691428571428572,2.8061785714285716,3.571428571428571
2021,7,00-0034796,-7.130174651261299,14.730333333333336,3.2367419354838716,22.58064516129032
2021,7,00-0033106,-1.8063990606202012,4.308064516129033,2.5941764705882346,2.7777777777777777
2021,7,00-0030565,0.372346016493708,9.882105263157897,3.324909090909091,22.727272727272727
2021,7,00-0026143,-4.038237929344177,8.715897435897435,2.857875,17.5
2021,7,00-0028986,1.2663103865854666,7.112500000000001,2.7317575757575763,27.27272727272727
2021,7,00-0032950,1.1502038469681395,7.12153846153846,2.730846153846154,26.923076923076923
2021,7,00-0031280,15.988048911094666,4.954999999999999,2.2494705882352943,17.647058823529413
2021,7,00-0034401,-6.457792106084526,6.728750000000002,2.6703437500000002,12.5
2021,7,00-0033873,-9.305579279150294,7.165454545454545,2.9458,11.428571428571429
2021,7,00-0031345,-11.765966371253697,8.29888888888889,2.952703703703704,3.7037037037037033
2021,7,00-0036898,-2.773462189361453,4.968709677419356,2.2625624999999996,6.25
2021,7,00-0036389,-7.147173802642257,10.628709677419353,3.3757058823529413,14.705882352941178
2021,7,00-0031237,5.483586454030245,6.101875000000001,2.8547272727272732,24.242424242424242
2021,7,00-0034869,-6.153722643852234,4.604583333333333,2.83716,12
2021,7,00-0036442,8.702286514208502,10.697777777777777,2.7080270270270272,34.21052631578947
2021,7,00-0035710,0.3362517465244679,6.1643750000000015,2.621242424242424,3.0303030303030303
2021,7,00-0019596,-5.125070363283157,8.841111111111111,2.3668611111111115,27.77777777777778
2021,7,00-0031800,6.053501166201926,7.775000000000001,3.0654444444444438,21.62162162162162
2021,7,00-0031503,-12.366183144705637,9.356562500000003,3.067228571428572,5.714285714285714
2021,7,00-0036945,-1.3627261389046907,5.844838709677418,2.6865,6.25
2021,7,00-0036972,-1.3421894154615046,7.64142857142857,2.6684722222222224,16.666666666666664
2021,7,00-0026197,-7.511317543685436,6.35,2.4478125000000004,6.25
2021,8,00-0029701,4.4075024398890434,7.49,2.8902424242424245,9.090909090909092
2021,8,00-0036972,-10.98584971257619,9.392647058823528,2.8076000000000003,17.142857142857142
2021,8,00-0032156,-5.4170173817667475,6.83,2.6168275862068966,10.344827586206897
2021,8,00-0029604,-0.362035802432473,4.1575,2.9850857142857143,2.857142857142857
2021,8,00-0031237,4.7977689367074134,6.5296,2.6165384615384615,7.6923076923076925
2021,8,00-0034855,-7.2419441755740905,6.65483870967742,2.620548387096774,12.903225806451612
2021,8,00-0031345,-0.22147079663618285,9.294074074074075,2.760185185185185,21.428571428571427
2021,8,00-0035710,-2.906591957435012,3.9974999999999996,2.492875,12.5
2021,8,00-0036355,-11.97974923465933,9.11,3.095885714285714,14.285714285714285
2021,8,00-0026143,13.975482461629092,7.085555555555556,2.513592592592593,18.51851851851852
2021,8,00-0023459,-12.094034617011609,5.501944444444444,2.2471621621621622,10.81081081081081
2021,8,00-0036212,-2.8287186836585008,6.890555555555555,2.493102564102564,25.64102564102564
2021,8,00-0033662,-0.9662446565926075,9.50325,2.6152500000000005,20
2021,8,00-0033873,-7.823770081934832,7.362093023255815,2.9695,8.333333333333332
2021,8,00-0036442,1.501079566557614,7.5669696969696965,2.650029411764706,20.588235294117645
2021,8,00-0034857,-0.6825753620692723,5.751538461538462,2.4314761904761903,4.761904761904762
2021,8,00-0036898,8.602435612364829,7.190277777777776,2.734342105263158,10.526315789473683
2021,8,00-0026498,-7.330572139471769,7.24875,2.67140625,6.25
2021,8,00-0030565,24.164436385035522,7.985909090909089,2.838666666666667,20.833333333333336
2021,8,00-0033106,11.234246895593756,6.4028125000000005,2.7711470588235296,20.588235294117645
2021,8,00-0036971,-9.097260478194116,5.864038461538461,2.888018518518518,9.25925925925926
2021,8,00-0022924,-2.647828705170582,6.957941176470588,2.449705882352941,26.47058823529412
2021,8,00-0035228,2.228719560485885,8.443548387096774,2.7580303030303024,15.151515151515152
2021,8,00-0034869,-16.041303674379996,6.08,2.615458333333333,4.166666666666666
2021,8,00-0036945,2.958471134856893,9.658888888888887,2.6458518518518512,22.22222222222222
2021,8,00-0019596,-2.510642930865288,8.012249999999998,2.425675,10
2021,8,00-0032950,-5.612434183850006,10.512857142857143,2.9814313725490194,13.725490196078432
2021,8,00-0031800,-3.5195327913149796,8.397631578947367,2.686025641025641,15.384615384615385
2021,8,00-0034401,8.390810588995606,4.109333333333335,2.4863111111111107,13.333333333333334
2021,9,00-0031237,6.3575329525130115,7.2804166666666665,2.9409999999999994,0
2021,9,00-0031280,-3.9252301718553753,6.1789130434782615,2.7680000000000002,13.043478260869565
2021,9,00-0036972,-1.122944119075953,5.966111111111114,2.4587222222222223,16.666666666666664
2021,9,00-0035710,13.22076991200447,4.083888888888888,2.8879500000000005,20
2021,9,00-0029604,0.7160767380680255,8.202857142857143,2.7455000000000003,14.285714285714285
2021,9,00-0026498,-7.203639515986026,5.302083333333335,2.854333333333333,6.25
2021,9,00-0032156,0.7800655757508679,7.77575,3.030780487804878,24.390243902439025
2021,9,00-0029701,1.9299416906303861,4.313461538461539,2.432555555555555,7.4074074074074066
2021,9,00-0028118,-4.915842851407305,7.87,2.8234761904761907,11.627906976744185
2021,9,00-0033119,1.8252891856570486,9.32625,3.029046511627907,18.6046511627907
2021,9,00-0027688,9.841396430364028,3.3671999999999986,2.3749230769230767,3.8461538461538463
2021,9,00-0034855,13.772001011031001,11.92157894736842,2.8840476190476187,19.047619047619047
2021,9,00-0034869,-7.6561562039635405,7.2862068965517235,3.5020606060606063,9.090909090909092
2021,9,00-0026300,-0.5167717613824863,8.168048780487807,2.815243902439024,12.195121951219512
2021,9,00-0036945,0.4431332108275612,15.692413793103448,2.9829310344827586,13.793103448275861
2021,9,00-0033873,-12.812858699141323,8.932500000000001,2.5914324324324327,13.513513513513514
2021,9,00-0034796,-0.33279192156906845,8.519512195121953,2.7667560975609757,17.073170731707318
2021,9,00-0036389,9.853097884094012,13.130624999999995,2.9537058823529416,23.52941176470588
2021,9,00-0036442,6.333865541964769,9.25974358974359,2.713425,27.500000000000004
2021,9,00-0036355,9.1254728405099,5.574324324324323,2.4763513513513518,5.263157894736842
2021,9,00-0026143,12.662553439537689,9.259333333333334,2.7510666666666665,13.333333333333334
2021,9,00-0036971,-6.643959765250877,6.5820000000000025,2.656538461538462,7.6923076923076925
2021,9,00-0033077,-11.561756600172096,12.602307692307692,3.4485641025641027,20.51282051282051
2021,9,00-0036264,-4.104212249683982,7.715,2.6667058823529413,17.647058823529413
2021,9,00-0034857,-2.942828707238462,5.819333333333332,3.119021276595745,6.382978723404255
2021,9,00-0022924,6.767366627852127,5.575185185185185,2.439206896551724,23.333333333333332
2021,9,00-0032950,4.841281125942871,8.296206896551725,2.877233333333334,13.333333333333334
2021,9,00-0031345,11.237326562404633,8.905897435897435,2.8095999999999997,30
2021,10,00-0031280,3.4124028256961196,7.89029411764706,2.8868,14.285714285714285
2021,10,00-0026143,-11.883256690842764,8.593333333333335,3.0164285714285706,38.095238095238095
2021,10,00-0033873,2.871660590171814,7.951063829787234,2.929339999999999,8
2021,10,00-0036972,15.324487180813492,6.461818181818183,2.4095652173913042,13.043478260869565
2021,10,00-0034796,-9.901106808074687,7.887317073170735,2.343829268292683,9.30232558139535
2021,10,00-0034401,-6.8184550512920765,7.103720930232559,2.844727272727273,11.363636363636363
2021,10,00-0036389,12.898646505630524,11.448636363636364,3.156739130434782,13.043478260869565
2021,10,00-0033275,0.3366650178514732,3.620357142857143,2.4193571428571423,6.896551724137931
2021,10,00-0027688,-9.898841977119439,8.479499999999998,2.4318999999999997,20
2021,10,00-0031237,0.948222209182056,6.173235294117647,2.774166666666667,13.88888888888889
2021,10,00-0029701,2.2035852833478486,6.052962962962962,2.5778148148148152,18.51851851851852
2021,10,00-0023459,-7.861923164612534,6.548857142857142,2.6225945945945948,10.81081081081081
2021,10,00-0033077,13.13434175906643,5.566206896551723,2.6319354838709677,19.35483870967742
2021,10,00-0026498,-5.06813311722221,8.829268292682926,2.8500243902439024,2.4390243902439024
2021,10,00-0034771,-9.297067821025848,6.48673469387755,2.3937600000000003,18
2021,10,00-0019596,-8.008226226357849,5.114242424242423,2.462176470588236,8.823529411764707
2021,10,00-0036971,-17.26405050073351,9.521714285714285,2.809171428571428,20
2021,10,00-0033106,-12.393432378768914,4.844166666666666,2.55052,20
2021,10,00-0029263,-8.184269741177566,12.263684210526316,3.3873000000000006,20
2021,10,00-0034855,-13.824567340669184,7.815499999999998,2.7831428571428574,4.761904761904762
2021,10,00-0029604,6.118321177121757,7.119714285714287,2.9412702702702704,18.91891891891892
2021,10,00-0031345,13.370176836063976,6.004736842105262,2.3027368421052627,21.052631578947366
2021,10,00-0031800,7.2325574234128,6.829062499999999,2.9595937500000002,9.375
2021,10,00-0032950,-2.046214591930905,5.182121212121213,2.873235294117647,20.588235294117645
2021,10,00-0034857,13.114765180008746,12.847142857142858,2.7760000000000002,25
2021,10,00-0036355,-10.847157064606165,5.674545454545454,2.580264705882353,11.76470588235294
2021,10,00-0032156,-8.767234117669226,9.74,3.0122352941176476,11.76470588235294
2021,10,00-0033119,-4.135898403499439,9.023809523809524,2.7902173913043478,34.78260869565217
2021,11,00-0032950,-14.490039050579064,5.3245,2.5283499999999997,10
2021,11,00-0031345,8.599253134294003,6.827500000000001,2.508818181818182,18.181818181818183
2021,11,00-0036355,-3.065969013586269,5.731463414634146,2.6872439024390236,12.195121951219512
2021,11,00-0029604,10.765457281044554,11.048235294117646,2.7054,11.428571428571429
2021,11,00-0029263,-14.596548046057045,10.922399999999998,2.7413076923076924,11.538461538461538
2021,11,00-0036972,11.56231233706842,6.3442307692307685,2.472461538461538,19.230769230769234
2021,11,00-0033077,-1.3433761894702911,7.64,2.6889069767441867,20.930232558139537
2021,11,00-0026143,-1.300291238086558,5.5610714285714264,2.828928571428571,17.857142857142858
2021,11,00-0034857,-9.493167783532826,8.033235294117647,3.0315428571428575,11.428571428571429
2021,11,00-0036971,-0.43293504416942596,7.370833333333334,2.6142399999999997,8
2021,11,00-0033873,-8.55814282958572,5.016666666666668,2.7204594594594593,8.108108108108109
2021,11,00-0022924,0.6463647904721199,8.226590909090909,2.4967272727272727,25
2021,11,00-0032156,0.5920608644373715,7.955,2.851950000000001,25
2021,11,00-0031800,18.373613262718386,12.522,3.207636363636364,22.727272727272727
2021,11,00-0031280,2.4279168979437173,7.9096,2.8155925925925924,7.4074074074074066
2021,11,00-0034855,-17.31373462183722,9.03,2.986413793103448,10.344827586206897
2021,11,00-0028118,-8.934432671715804,5.2721739130434795,2.5870833333333327,12.5
2021,11,00-0026158,0.07543605871690318,7.699714285714284,2.543794871794871,15.384615384615385
2021,11,00-0036389,-0.9415500486890522,9.540434782608695,3.517416666666666,12.5
2021,11,00-0027973,-17.846711239089124,11.750869565217393,2.707,4.3478260869565215
2021,11,00-0027939,6.4476454699481,5.641851851851851,2.5460370370370375,14.814814814814813
2021,11,00-0036442,5.2831872526941694,7.234285714285716,2.538103448275862,20.689655172413794
2021,11,00-0023459,8.974399349906236,8.61741935483871,3.107909090909091,18.181818181818183
2021,11,00-0019596,-1.7636436726088078,8.01022222222222,2.7549347826086956,13.043478260869565
2021,11,00-0035710,-1.304302599869274,6.306111111111111,3.2047105263157896,15.789473684210526
2021,11,00-0027688,3.6226009611379055,4.97340909090909,2.4548181818181813,9.090909090909092
2021,11,00-0029701,1.2752473139419038,8.228431372549021,2.643173076923077,15.384615384615385
2021,11,00-0034177,-9.314876146938488,4.411739130434783,2.510173913043478,4.3478260869565215
2021,11,00-0036212,8.327815884893596,5.295757575757575,2.5925757575757573,9.090909090909092
2021,11,00-0035993,-1.9620124664571534,4.675277777777779,2.5867222222222224,16.666666666666664
2021,12,00-0036972,3.237667214125395,7.5646875,2.51609375,15.625
2021,12,00-0033106,8.943146169185638,5.8908,2.67456,4
2021,12,00-0034796,-7.610918441787362,9.116562499999999,2.83684375,12.5
2021,12,00-0036971,-8.313934558204238,9.727073170731707,3.1349285714285706,19.047619047619047
2021,12,00-0036212,12.42244921384318,3.661612903225806,2.323451612903226,6.451612903225806
2021,12,00-0028118,1.8492256219570535,8.733846153846153,2.8595769230769226,30.76923076923077
2021,12,00-0032156,-9.189616503386667,6.566296296296297,2.811620689655172,3.4482758620689653
2021,12,00-0031800,3.902198587145122,4.990882352941178,2.8777999999999997,8.571428571428571
2021,12,00-0031237,0.5246385931968689,6.21,2.925166666666667,16.666666666666664
2021,12,00-0031280,-4.299516708422921,9.530000000000001,2.8541538461538463,12.82051282051282
2021,12,00-0023459,-0.27766575415929395,9.13568181818182,2.6350000000000002,22.22222222222222
2021,12,00-0033077,-3.4227165770023475,7.328297872340427,2.547148936170213,8.51063829787234
2021,12,00-0026498,-9.499172278140705,10.003947368421052,2.9654473684210525,18.421052631578945
2021,12,00-0022924,-5.926893615141154,7.358461538461539,2.7234390243902444,19.51219512195122
2021,12,00-0032950,-7.963735813444309,9.231860465116279,2.6078636363636374,13.636363636363635
2021,12,00-0029263,-5.941857457641632,8.899677419354838,2.735225806451613,19.35483870967742
2021,12,00-0036389,-6.74063205238312,10.062413793103449,3.1876666666666664,38.70967741935484
2021,12,00-0026143,-5.097328383347076,3.625714285714284,2.740689655172414,13.793103448275861
2021,12,00-0029604,-4.791150614619255,7.433225806451613,2.86846875,9.375
2021,12,00-0019596,-4.931798796443374,5.513529411764705,2.5213823529411763,8.823529411764707
2021,12,00-0031345,0.1467782144363241,8.386923076923079,2.7319999999999998,19.230769230769234
2021,12,00-0035710,-0.41128163536390616,5.196206896551724,2.7322333333333337,20
2021,12,00-0036355,-1.5858550979332549,7.002954545454544,3.0408863636363637,22.727272727272727
2021,12,00-0037013,-15.328276281555482,4.561739130434782,2.673458333333334,12.5
2021,12,00-0036442,16.6983577112357,7.504347826086957,2.6827916666666667,12.5
2021,12,00-0027939,-40.331045644623885,7.828095238095237,2.7243809523809523,14.285714285714285
2021,12,00-0034857,12.014293244906824,7.027692307692306,2.6032857142857138,3.571428571428571
2021,12,00-0029701,-12.602903729393368,7.1899999999999995,2.741809523809524,14.285714285714285
2021,12,00-0034855,-8.659847070639195,9.487058823529413,3.013864864864865,24.324324324324326
2021,12,00-0027973,-3.2627370877143633,9.154324324324325,2.789871794871795,10.256410256410255
2021,13,00-0031237,-12.380877826362841,7.235000000000001,3.176075,2.5
2021,13,00-0027973,-7.697843633046965,5.1434999999999995,2.579073170731707,4.878048780487805
2021,13,00-0033873,-21.163632438100613,5.187407407407407,2.78203448275862,3.4482758620689653
2021,13,00-0029263,9.530624742242125,7.187567567567569,2.5376756756756755,5.405405405405405
2021,13,00-0032950,8.997780491005294,8.013636363636364,2.887636363636364,27.27272727272727
2021,13,00-0036971,-15.157239298735348,4.5649999999999995,2.5084285714285715,14.285714285714285
2021,13,00-0035289,13.730735003948212,5.9809090909090905,3.1618,12
2021,13,00-0037013,-8.357017252006031,8.898333333333333,2.8882972972972976,7.894736842105263
2021,13,00-0019596,0.5711441530900885,5.99,2.3852941176470592,15.686274509803921
2021,13,00-0029604,11.241279784590006,8.59675,2.8628750000000003,27.500000000000004
2021,13,00-0033077,3.5487810522317815,9.004499999999997,2.8759000000000006,30
2021,13,00-0036212,3.8128185199528275,6.694146341463417,2.329853658536585,17.073170731707318
2021,13,00-0031280,6.6554488320099665,9.485135135135137,2.980921052631579,10.526315789473683
2021,13,00-0031800,3.2751502593358452,6.890666666666665,3.358833333333334,13.333333333333334
2021,13,00-0033106,-2.256187505838348,8.793421052631578,3.041282051282051,14.634146341463413
2021,13,00-0031345,-6.662339369455978,7.096333333333333,2.809666666666667,13.333333333333334
2021,13,00-0022924,0.7595487659977351,7.304666666666666,2.236258064516129,16.129032258064516
2021,13,00-0035228,2.8334367275238037,4.139333333333333,2.4317333333333337,13.333333333333334
2021,13,00-0026143,2.339964505375889,6.516000000000001,2.6508048780487807,12.195121951219512
2021,13,00-0026498,5.371640426547906,9.530810810810811,2.830973684210526,18.421052631578945
2021,13,00-0030520,-9.339820593595505,7.136578947368423,2.680714285714286,6.8181818181818175
2021,13,00-0034857,-8.923357129096985,10.701,2.8652,10
2021,13,00-0034796,-11.62844046547606,6.9405405405405425,3.0758648648648643,5.405405405405405
2021,13,00-0036355,11.807037123611998,10.173142857142857,3.0223714285714287,28.57142857142857
2021,13,00-0033357,-21.093879367520174,7.233414634146342,3.1769756097560977,17.073170731707318
2021,13,00-0036442,-0.4866545647382736,10.056578947368422,2.72415,12.5
2021,14,00-0029604,-9.556304014498195,10.669032258064519,2.503709677419355,29.03225806451613
2021,14,00-0033106,-4.0153540861912305,8.26947368421053,2.8795384615384614,12.82051282051282
2021,14,00-0036945,-5.618573488159619,7.496250000000002,3.2702727272727268,21.21212121212121
2021,14,00-0027939,-10.270618096641869,6.678695652173913,2.2705652173913045,17.391304347826086
2021,14,00-0026143,0.06486986364637914,7.757777777777779,2.8503571428571424,7.142857142857142
2021,14,00-0026498,11.362251391013473,8.660333333333334,2.6733000000000002,16.666666666666664
2021,14,00-0031237,0.4991392493247986,7.186400000000001,2.81408,12
2021,14,00-0035993,7.8091349060598105,8.474166666666669,2.471594594594595,10.526315789473683
2021,14,00-0031280,3.0869269039895784,4.488372093023255,2.7545777777777776,6.666666666666667
2021,14,00-0033357,3.2302273880867745,4.344761904761905,2.656809523809524,19.047619047619047
2021,14,00-0035228,3.5237187671722197,10.520408163265307,2.743408163265306,16.3265306122449
2021,14,00-0034855,4.028845694847405,6.993225806451613,2.7283749999999998,21.875
2021,14,00-0033077,-11.859523180203553,6.458974358974359,2.5538717948717955,12.82051282051282
2021,14,00-0029263,-4.529959828193711,12.958214285714282,3.0661071428571427,17.857142857142858
2021,14,00-0029701,-9.297083558574798,4.456666666666666,2.5824516129032262,3.225806451612903
2021,14,00-0036898,-3.7714762955295953,5.785,2.7762708333333332,8.16326530612245
2021,14,00-0037013,-20.1592084197771,7.567750000000001,3.0559523809523808,19.047619047619047
2021,14,00-0034857,1.224289061846548,5.905294117647057,2.688407407407407,9.25925925925926
2021,14,00-0023459,9.256223730138814,7.276857142857143,2.6403513513513515,10.81081081081081
2021,14,00-0022924,8.801606129854918,7.953333333333333,2.225358974358975,25
2021,14,00-0036971,-5.520930662751198,7.72891891891892,2.7126499999999987,12.5
2021,14,00-0030520,-12.299602727095284,8.932424242424243,2.735628571428571,25
2021,14,00-0033873,10.418959086140006,5.842272727272728,2.9025,8.333333333333332
2021,14,00-0019596,-3.379880393976748,7.277173913043479,2.3903260869565206,15.217391304347828
2021,14,00-0031345,6.076033195344422,8.520810810810808,2.9920975609756097,19.51219512195122
2021,14,00-0036355,12.06733504490505,8.372666666666666,2.96641935483871,12.903225806451612
2021,14,00-0036442,6.235171503880451,8.741470588235295,2.845382352941176,8.823529411764707
2021,14,00-0031800,-14.286715596914298,10.763200000000001,3.1100800000000004,36
2021,15,00-0035228,-5.818991194956183,7.443846153846154,2.7919268292682924,12.195121951219512
2021,15,00-0023459,3.7004418911472357,9.09258064516129,2.7047096774193555,16.129032258064516
2021,15,00-0036898,-4.876707096894592,7.29103448275862,2.460566666666667,20
2021,15,00-0034857,-4.71148021957454,9.558064516129035,2.864882352941177,11.76470588235294
2021,15,00-0036389,7.506053550885284,9.295769230769231,2.9419230769230773,11.538461538461538
2021,15,00-0036945,2.5333146254221504,7.643055555555557,3.183947368421052,7.6923076923076925
2021,15,00-0036442,2.3334652185440063,6.206666666666665,3.143045454545455,22.727272727272727
2021,15,00-0031345,1.510510885197192,5.33,2.4997391304347825,8.695652173913043
2021,15,00-0022924,-15.672261476516724,4.7328,2.1826,12
2021,15,00-0026498,0.834441390530813,7.840344827586205,2.884344827586207,10.344827586206897
2021,15,00-0037013,-15.241712720497802,4.938095238095237,3.0763478260869563,0
2021,15,00-0035993,4.513556621968746,6.569743589743589,2.5931749999999996,17.5
2021,15,00-0029263,-1.1531298199007622,13.068214285714285,2.9803870967741934,25.806451612903224
2021,15,00-0036972,-1.4473832978142624,10.628409090909093,3.1495777777777776,26.666666666666668
2021,15,00-0027939,-13.480705174764523,7.79611111111111,2.5341052631578953,23.684210526315788
2021,15,00-0026143,1.2516066431999207,9.395666666666665,2.9966875,25
2021,15,00-0031280,-0.610456105909833,8.888611111111112,2.9449729729729723,21.052631578947366
2021,15,00-0030520,-11.46149039268493,8.215833333333332,2.6901666666666664,25
2021,15,00-0033319,7.510313441356011,7.598275862068965,2.8117241379310345,26.666666666666668
2021,15,00-0031237,-8.961501311172142,7.257,2.7236818181818183,13.636363636363635
2021,15,00-0036355,0.5846980763109073,9.295555555555557,3.1101315789473687,28.947368421052634
2021,15,00-0019596,-13.021873061855636,7.907291666666663,2.5477708333333333,25
2021,15,00-0036212,2.7391192537766855,9.62576923076923,2.5548518518518515,33.33333333333333
2021,15,00-0033873,-1.6440745601628777,6.474222222222222,2.8291063829787233,12.76595744680851
2021,15,00-0029604,-6.310048202673592,10.60590909090909,3.190739130434783,12.5
2021,15,00-0029701,6.783260265365243,7.131562499999999,2.61953125,12.5
2021,15,00-0033077,3.9535433053970337,6.180810810810811,2.677108108108108,5.405405405405405
2021,15,00-0036971,-14.159417073977615,6.589722222222221,3.0301081081081076,5.263157894736842
2021,15,00-0031395,2.3476360305663064,6.933000000000001,3.05458064516129,25.806451612903224
2021,15,00-0033106,5.729868893439956,6.256153846153847,2.5473076923076925,7.6923076923076925
2021,15,00-0033357,-7.952305536579203,8.8628,2.8665925925925926,25.925925925925924
2021,16,00-0029263,-9.226873682604904,8.347407407407408,2.693481481481482,11.11111111111111
2021,16,00-0037013,-8.153952116316027,5.146666666666667,2.7305,4.545454545454546
2021,16,00-0036442,11.195534564878628,8.51608695652174,2.8453478260869565,17.391304347826086
2021,16,00-0030520,-0.6044110766163513,5.3192,2.691666666666667,11.11111111111111
2021,16,00-0036971,3.2954684816873865,10.639142857142858,3.13228947368421,10.256410256410255
2021,16,00-0032950,-6.295974818723536,7.090714285714286,2.5347142857142866,14.285714285714285
2021,16,00-0029567,2.256030376468388,6.026,2.9067142857142856,20
2021,16,00-0031345,-2.560144109385348,6.513142857142858,2.650342857142857,8.571428571428571
2021,16,00-0022924,-4.542018089975642,5.456,2.402628571428572,14.285714285714285
2021,16,00-0033873,7.142444948355362,8.418275862068965,3.086366666666666,10
2021,16,00-0026498,-5.911327666930248,8.906216216216215,3.0128378378378375,18.91891891891892
2021,16,00-0036355,1.667779088020339,7.030294117647059,2.859342857142857,8.571428571428571
2021,16,00-0029701,9.508130468171217,7.671034482758621,2.5858965517241375,20.689655172413794
2021,16,00-0035228,-1.5795282846273366,7.046923076923075,2.6228604651162786,9.30232558139535
2021,16,00-0019596,-7.623582979043334,8.613928571428572,2.2182,13.333333333333334
2021,16,00-0036929,-4.9616630375385284,4.2333333333333325,3.43185,10
2021,16,00-0033077,4.6663624353898,10.85578947368421,2.726948717948719,12.82051282051282
2021,16,00-0034177,0.6043600685456312,7.315882352941175,2.6796470588235293,20.588235294117645
2021,16,00-0036972,-22.181269573047757,9.77838709677419,3.1730625,15.625
2021,16,00-0035704,2.7543191882696902,10.654090909090908,2.9575909090909094,4.545454545454546
2021,16,00-0036197,-24.605809458914926,6.2231250000000005,2.508235294117647,17.647058823529413
2021,16,00-0031280,5.0410250425338745,5.621600000000001,2.6769600000000007,12
2021,16,00-0026300,7.40220062434674,7.511351351351352,2.588075,22.5
2021,16,00-0031800,-24.279444800181825,9.304999999999998,2.975318181818182,27.27272727272727
2021,16,00-0036389,-11.468945032563703,7.228571428571428,3.0800689655172415,10.344827586206897
2021,16,00-0036212,-0.4890849527258183,7.029999999999999,2.505846153846154,11.538461538461538
2021,16,00-0034855,-10.165278282430442,9.262222222222224,2.5948611111111113,13.88888888888889
2021,16,00-0023459,2.873818231198726,5.0808823529411775,2.2694411764705884,26.47058823529412
2021,16,00-0026143,5.548168470462173,7.289090909090908,2.791,4.166666666666666
2021,16,00-0034869,-9.026682726107538,9.050333333333331,2.842343750000001,12.5
2021,16,00-0029604,10.828562237714472,8.357714285714286,2.6678378378378373,15.789473684210526
2021,16,00-0034857,-4.310234556806847,6.797906976744187,3.338702127659574,6.382978723404255
2021,16,00-0036898,10.130912672590341,7.446296296296295,2.2928888888888888,18.51851851851852
2021,17,00-0034857,-17.20082845825415,10.350833333333334,3.446961538461539,19.230769230769234
2021,17,00-0032950,0.2224773720458657,7.290833333333333,3.23537037037037,7.4074074074074066
2021,17,00-0026498,-4.121532355036052,6.600000000000001,2.9470571428571435,2.857142857142857
2021,17,00-0036971,-2.252598824324423,6.674615384615383,2.788037037037037,11.11111111111111
2021,17,00-0031280,9.416259296478756,8.513225806451612,3.00358064516129,12.903225806451612
2021,17,00-0033077,-10.459894804578077,5.404864864864865,2.811684210526317,7.894736842105263
2021,17,00-0036972,7.760094106197357,8.507931034482759,2.523966666666666,13.333333333333334
2021,17,00-0036355,-0.5968745261110229,6.098333333333334,2.9643548387096774,6.451612903225806
2021,17,00-0035704,0.0031349658966064453,8.189599999999999,3.0229599999999994,8
2021,17,00-0033357,-0.4755428859165818,7.421739130434782,2.554346153846154,3.571428571428571
2021,17,00-0023459,6.307830857603179,6.15657894736842,2.4268421052631584,15.789473684210526
2021,17,00-0019596,5.699364542961121,10.358775510204081,2.647775510204082,22
2021,17,00-0027973,-9.955516649144037,8.181875,2.64585294117647,22.857142857142858
2021,17,00-0034869,-0.5075534948935854,3.835833333333332,2.638692307692308,26.923076923076923
2021,17,00-0029701,-0.7953844136662127,7.623333333333333,2.921611111111112,16.666666666666664
2021,17,00-0037013,-5.100410442912221,6.894666666666666,2.8128787878787875,12.121212121212121
2021,17,00-0036898,3.4459004644304514,5.918666666666668,2.8575,15.625
2021,17,00-0036442,11.837034672498703,6.885,2.4127692307692308,25.64102564102564
2021,17,00-0037012,0.5276069045066833,11.549565217391306,3.4643913043478265,13.043478260869565
2021,17,00-0036212,-17.692854843641584,9.041621621621621,2.737236842105263,23.684210526315788
2021,17,00-0035228,5.389035649989779,7.797499999999998,2.664473684210526,13.157894736842104
2021,17,00-0026143,-1.7485565465429502,8.325000000000001,3.4135217391304344,17.391304347826086
2021,17,00-0034177,-11.773482810806577,6.984054054054055,2.6928108108108106,13.513513513513514
2021,17,00-0029263,-1.9052266560751718,7.457857142857142,2.413862068965517,13.793103448275861
2021,17,00-0035993,2.7276146225631237,9.628275862068964,2.4769666666666668,21.875
2021,17,00-0036389,7.452574085730781,10.284,3.553961538461539,19.230769230769234
2021,17,00-0032245,-4.097877484228874,6.5255882352941175,2.9080833333333334,11.11111111111111
2021,17,00-0022924,-12.753649185533114,6.209999999999999,2.215869565217391,19.565217391304348
2021,17,00-0033873,6.7484989975179985,8.846176470588235,3.109485714285714,11.428571428571429
2021,17,00-0034855,-20.621826734982044,8.212499999999999,2.6798947368421056,21.052631578947366
2021,17,00-0031800,5.32094695501857,4.736470588235293,2.827942857142857,8.333333333333332
2021,18,00-0033106,5.5214188496271674,7.071111111111112,2.5736666666666665,6.666666666666667
2021,18,00-0034857,-8.357356985410057,9.667727272727275,2.744044444444445,13.333333333333334
2021,18,00-0033077,11.162407806626078,8.442592592592591,2.926481481481481,0
2021,18,00-0032434,-17.004073436917928,4.844827586206898,2.445,27.586206896551722
2021,18,00-0035228,-0.06359458351747094,6.4715384615384615,2.8045128205128207,10.256410256410255
2021,18,00-0035704,-10.987154844527446,11.105217391304347,2.7225416666666664,8.333333333333332
2021,18,00-0036212,0.37259310483932495,5.5042857142857144,2.414454545454546,22.727272727272727
2021,18,00-0023459,8.722702951894874,6.423333333333333,2.4969999999999994,22.22222222222222
2021,18,00-0026498,0.7354437839239836,8.8521875,2.9727500000000004,9.375
2021,18,00-0028986,-6.900092959403992,4.516666666666667,2.406541666666667,8.333333333333332
2021,18,00-0035993,-10.704478909892423,9.274193548387098,2.585193548387097,19.35483870967742
2021,18,00-0032156,5.135356833537422,6.58357142857143,3.036133333333334,20
2021,18,00-0022924,-6.797036122192054,5.926818181818181,2.4912500000000004,4.545454545454546
2021,18,00-0027973,3.2538309072454865,7.4700000000000015,2.7367916666666665,10.416666666666668
2021,18,00-0036355,-2.00215398799628,9.937499999999998,3.1213125,31.25
2021,18,00-0032950,-11.885129788826255,9.444482758620689,2.879655172413792,13.793103448275861
2021,18,00-0034869,0.9054501141820595,5.70219512195122,2.606214285714286,7.142857142857142
2021,18,00-0036972,-4.585050096114486,8.400000000000002,2.8873666666666664,10
2021,18,00-0029263,-4.1064990254548945,11.468461538461542,3.0453461538461544,19.230769230769234
2021,18,00-0033873,-8.697910742326222,6.030000000000002,3.052272727272728,2.272727272727273
2021,18,00-0036971,0.9975063847377896,5.874687499999999,2.7821249999999993,9.375
2021,18,00-0026143,7.390555829712845,10.446774193548388,2.7089393939393944,24.242424242424242
2021,18,00-0036898,5.2152964935609845,11.178437500000001,2.993212121212121,6.0606060606060606
2021,18,00-0019596,10.173017048352463,7.011666666666667,2.4515405405405413,5.405405405405405
2021,18,00-0031800,-10.413339609901108,9.210588235294116,3.3857222222222227,5.555555555555555
2021,18,00-0036197,-15.294971917906103,6.445333333333334,2.510645161290323,22.58064516129032
2021,18,00-0029604,5.047550120136954,13.452857142857145,3.156272727272727,13.636363636363635
2021,18,00-0029701,5.087802978232503,10.561875,3.08496875,9.375
2021,18,00-0031280,-2.0606005771292573,7.772500000000001,3.0283055555555562,19.444444444444446
2021,18,00-0037013,-26.25753249973058,6.609473684210528,3.0895999999999995,15
2021,18,00-0036264,-13.903567370246435,5.301176470588236,2.3637058823529418,11.76470588235294
2021,18,00-0031345,1.2411626987159252,8.093548387096776,2.411677419354839,9.375
2021,18,00-0035289,-10.102249952879816,6.948787878787879,2.93930303030303,6.0606060606060606
