game_id,season,game_type,week,gameday,weekday,gametime,away_team,away_score,home_team,home_score,location,result,total,overtime,old_game_id,gsis,nfl_detail_id,pfr,pff,espn,ftn,away_rest,home_rest,away_moneyline,home_moneyline,spread_line,away_spread_odds,home_spread_odds,total_line,under_odds,over_odds,div_game,roof,surface,temp,wind,away_qb_id,home_qb_id,away_qb_name,home_qb_name,away_coach,home_coach,referee,stadium_id,stadium
2026_01_NE_SEA,2026,REG,1,2026-09-09,Wednesday,20:20:00,NE,NA,SEA,NA,Home,NA,NA,NA,2026090900,NA,NA,202609090sea,NA,401872656,NA,7,7,145,-175,3.5,-118,-102,44.5,-115,-105,0,outdoors,fieldturf,NA,NA,00-0039851,00-0034869,Drake Maye,Sam Darnold,Mike Vrabel,Mike Macdonald,NA,SEA00,Lumen Field
2026_01_SF_LA,2026,REG,1,2026-09-10,Thursday,20:35:00,SF,NA,LA,NA,Neutral,NA,NA,NA,2026091000,NA,NA,202609100ram,NA,401872657,NA,7,7,154,-185,3.5,-112,-108,48.5,-115,-105,1,dome,matrixturf,NA,NA,00-0037834,00-0026498,Brock Purdy,Matthew Stafford,Kyle Shanahan,Sean McVay,NA,MEL00,Melbourne Cricket Ground
2026_01_CHI_CAR,2026,REG,1,2026-09-13,Sunday,13:00:00,CHI,NA,CAR,NA,Home,NA,NA,NA,2026091300,NA,NA,202609130car,NA,401872661,NA,7,7,-148,124,-3,-102,-118,47.5,-108,-112,0,outdoors,grass,NA,NA,00-0039918,00-0039150,Caleb Williams,Bryce Young,Ben Johnson,Dave Canales,NA,CAR00,Bank of America Stadium
2026_01_TB_CIN,2026,REG,1,2026-09-13,Sunday,13:00:00,TB,NA,CIN,NA,Home,NA,NA,NA,2026091301,NA,NA,202609130cin,NA,401872925,NA,7,7,170,-205,3.5,-105,-115,50.5,-112,-108,0,outdoors,fieldturf,NA,NA,00-0034855,00-0036442,Baker Mayfield,Joe Burrow,Todd Bowles,Zac Taylor,NA,CIN00,Paycor Stadium
2026_01_NO_DET,2026,REG,1,2026-09-13,Sunday,13:00:00,NO,NA,DET,NA,Home,NA,NA,NA,2026091302,NA,NA,202609130det,NA,401872923,NA,7,7,245,-305,7,-115,-105,49.5,-102,-118,0,dome,fieldturf,NA,NA,00-0040743,00-0033106,Tyler Shough,Jared Goff,Kellen Moore,Dan Campbell,NA,DET00,Ford Field
2026_01_BUF_HOU,2026,REG,1,2026-09-13,Sunday,13:00:00,BUF,NA,HOU,NA,Home,NA,NA,NA,2026091303,NA,NA,202609130htx,NA,401872660,NA,7,7,-110,-110,1.5,-122,102,44.5,-110,-110,0,NA,astroturf,NA,NA,00-0034857,00-0039163,Josh Allen,C.J. Stroud,Sean McDermott,DeMeco Ryans,NA,HOU00,Reliant Stadium
2026_01_BAL_IND,2026,REG,1,2026-09-13,Sunday,13:00:00,BAL,NA,IND,NA,Home,NA,NA,NA,2026091304,NA,NA,202609130clt,NA,401872659,NA,7,7,-175,145,-3.5,-105,-115,47.5,-105,-115,0,NA,fieldturf,NA,NA,00-0034796,00-0035710,Lamar Jackson,Daniel Jones,Jesse Minter,Shane Steichen,NA,IND00,Lucas Oil Stadium
2026_01_CLE_JAX,2026,REG,1,2026-09-13,Sunday,13:00:00,CLE,NA,JAX,NA,Home,NA,NA,NA,2026091305,NA,NA,202609130jax,NA,401872922,NA,7,7,340,-440,8.5,-112,-108,40.5,-110,-110,0,outdoors,grass,NA,NA,00-0033537,00-0036971,Deshaun Watson,Trevor Lawrence,Todd Monken,Liam Coen,NA,JAX00,EverBank Stadium
2026_01_ATL_PIT,2026,REG,1,2026-09-13,Sunday,13:00:00,ATL,NA,PIT,NA,Home,NA,NA,NA,2026091306,NA,NA,202609130pit,NA,401872658,NA,7,7,154,-185,3.5,-118,-102,42.5,-115,-105,0,outdoors,grass,NA,NA,00-0036212,00-0023459,Tua Tagovailoa,Aaron Rodgers,Raheem Morris,Mike McCarthy,NA,PIT00,Acrisure Stadium
2026_01_NYJ_TEN,2026,REG,1,2026-09-13,Sunday,13:00:00,NYJ,NA,TEN,NA,Home,NA,NA,NA,2026091307,NA,NA,202609130oti,NA,401872924,NA,7,7,105,-125,1.5,-110,-110,39.5,-110,-110,0,outdoors,grass,NA,NA,00-0030565,00-0040676,Geno Smith,Cam Ward,Aaron Glenn,Robert Saleh,NA,NAS00,Nissan Stadium
2026_01_ARI_LAC,2026,REG,1,2026-09-13,Sunday,16:25:00,ARI,NA,LAC,NA,Home,NA,NA,NA,2026091308,NA,NA,202609130sdg,NA,401872926,NA,7,7,380,-500,10,-115,-105,47.5,-112,-108,0,dome,matrixturf,NA,NA,00-0033119,00-0036355,Jacoby Brissett,Justin Herbert,Jonathan Gannon,Jim Harbaugh,NA,LAX01,SoFi Stadium
2026_01_MIA_LV,2026,REG,1,2026-09-13,Sunday,16:25:00,MIA,NA,LV,NA,Home,NA,NA,NA,2026091309,NA,NA,202609130rai,NA,401872928,NA,7,7,154,-185,3.5,-115,-105,41.5,-118,-102,0,dome,grass,NA,NA,00-0038128,00-0029604,Malik Willis,Kirk Cousins,Jeff Hafley,Klint Kubliak,NA,VEG00,Allegiant Stadium
2026_01_GB_MIN,2026,REG,1,2026-09-13,Sunday,16:25:00,GB,NA,MIN,NA,Home,NA,NA,NA,2026091310,NA,NA,202609130min,NA,401872927,NA,7,7,102,-122,1.5,-112,-108,46.5,-112,-108,1,dome,sportturf,NA,NA,00-0036264,00-0035228,Jordan Love,Kyler Murray,Matt LaFleur,Kevin O'Connell,NA,MIN01,U.S. Bank Stadium
2026_01_WAS_PHI,2026,REG,1,2026-09-13,Sunday,16:25:00,WAS,NA,PHI,NA,Home,NA,NA,NA,2026091311,NA,NA,202609130phi,NA,401872929,NA,7,7,180,-218,5.5,-112,-108,44.5,-115,-105,1,outdoors,grass,NA,NA,00-0039910,00-0036389,Jayden Daniels,Jalen Hurts,Dan Quinn,Nick Sirianni,NA,PHI00,Lincoln Financial Field
2026_01_DAL_NYG,2026,REG,1,2026-09-13,Sunday,20:20:00,DAL,NA,NYG,NA,Home,NA,NA,NA,2026091312,NA,NA,202609130nyg,NA,401872930,NA,7,7,-162,136,-3,-108,-112,48.5,-115,-105,1,outdoors,fieldturf,NA,NA,00-0033077,00-0040691,Dak Prescott,Jaxson Dart,Brian Schottenheimer,John Harbaugh,NA,NYC01,MetLife Stadium
2026_01_DEN_KC,2026,REG,1,2026-09-14,Monday,20:15:00,DEN,NA,KC,NA,Home,NA,NA,NA,2026091400,NA,NA,202609140kan,NA,401872931,NA,7,7,124,-148,3,-120,100,43.5,-115,-105,1,outdoors,grass,NA,NA,00-0039732,00-0033873,Bo Nix,Patrick Mahomes,Sean Payton,Andy Reid,NA,KAN00,GEHA Field at Arrowhead Stadium
2026_02_DET_BUF,2026,REG,2,2026-09-17,Thursday,20:15:00,DET,NA,BUF,NA,Home,NA,NA,NA,2026091700,NA,NA,202609170buf,NA,401872932,NA,4,4,130,-155,3,-110,-110,52.5,-110,-110,0,outdoors,a_turf,NA,NA,00-0033106,00-0034857,Jared Goff,Josh Allen,Dan Campbell,Sean McDermott,NA,BUF00,Highmark Stadium
2026_02_CAR_ATL,2026,REG,2,2026-09-20,Sunday,13:00:00,CAR,NA,ATL,NA,Home,NA,NA,NA,2026092000,NA,NA,202609200atl,NA,401872933,NA,7,7,105,-125,1.5,-110,-110,44.5,-118,-102,1,NA,fieldturf,NA,NA,00-0039150,00-0036212,Bryce Young,Tua Tagovailoa,Dave Canales,Raheem Morris,NA,ATL97,Mercedes-Benz Stadium
2026_02_NO_BAL,2026,REG,2,2026-09-20,Sunday,13:00:00,NO,NA,BAL,NA,Home,NA,NA,NA,2026092001,NA,NA,202609200rav,NA,401872938,NA,7,7,285,-360,7.5,-110,-110,46.5,-110,-110,0,outdoors,grass,NA,NA,00-0040743,00-0034796,Tyler Shough,Lamar Jackson,Kellen Moore,Jesse Minter,NA,BAL00,M&T Bank Stadium
2026_02_MIN_CHI,2026,REG,2,2026-09-20,Sunday,13:00:00,MIN,NA,CHI,NA,Home,NA,NA,NA,2026092002,NA,NA,202609200chi,NA,401872937,NA,7,7,160,-192,3.5,-115,-105,45.5,-110,-110,1,outdoors,grass,NA,NA,00-0035228,00-0039918,Kyler Murray,Caleb Williams,Kevin O'Connell,Ben Johnson,NA,CHI98,Soldier Field
2026_02_CIN_HOU,2026,REG,2,2026-09-20,Sunday,13:00:00,CIN,NA,HOU,NA,Home,NA,NA,NA,2026092003,NA,NA,202609200htx,NA,401872934,NA,7,7,114,-135,2.5,-110,-110,46.5,-110,-110,0,NA,astroturf,NA,NA,00-0036442,00-0039163,Joe Burrow,C.J. Stroud,Zac Taylor,DeMeco Ryans,NA,HOU00,Reliant Stadium
2026_02_PIT_NE,2026,REG,2,2026-09-20,Sunday,13:00:00,PIT,NA,NE,NA,Home,NA,NA,NA,2026092004,NA,NA,202609200nwe,NA,401872946,NA,7,11,180,-218,4.5,-110,-110,43.5,-110,-110,0,outdoors,fieldturf,NA,NA,00-0023459,00-0039851,Aaron Rodgers,Drake Maye,Mike McCarthy,Mike Vrabel,NA,BOS00,Gillette Stadium
2026_02_GB_NYJ,2026,REG,2,2026-09-20,Sunday,13:00:00,GB,NA,NYJ,NA,Home,NA,NA,NA,2026092005,NA,NA,202609200nyj,NA,401872936,NA,7,7,-245,200,-5.5,-110,-110,42.5,-110,-110,0,outdoors,fieldturf,NA,NA,00-0036264,00-0030565,Jordan Love,Geno Smith,Matt LaFleur,Aaron Glenn,NA,NYC01,MetLife Stadium
2026_02_CLE_TB,2026,REG,2,2026-09-20,Sunday,13:00:00,CLE,NA,TB,NA,Home,NA,NA,NA,2026092006,NA,NA,202609200tam,NA,401872935,NA,7,7,230,-285,6.5,-110,-110,42.5,-110,-110,0,outdoors,grass,NA,NA,00-0033537,00-0034855,Deshaun Watson,Baker Mayfield,Todd Monken,Todd Bowles,NA,TAM00,Raymond James Stadium
2026_02_PHI_TEN,2026,REG,2,2026-09-20,Sunday,13:00:00,PHI,NA,TEN,NA,Home,NA,NA,NA,2026092007,NA,NA,202609200oti,NA,401872939,NA,7,7,-218,180,-4.5,-110,-110,42.5,-110,-110,0,outdoors,grass,NA,NA,00-0036389,00-0040676,Jalen Hurts,Cam Ward,Nick Sirianni,Robert Saleh,NA,NAS00,Nissan Stadium
2026_02_JAX_DEN,2026,REG,2,2026-09-20,Sunday,16:05:00,JAX,NA,DEN,NA,Home,NA,NA,NA,2026092008,NA,NA,202609200den,NA,401872940,NA,7,6,130,-155,3,-110,-110,43.5,-110,-110,0,outdoors,grass,NA,NA,00-0036971,00-0039732,Trevor Lawrence,Bo Nix,Liam Coen,Sean Payton,NA,DEN00,Empower Field at Mile High
2026_02_LV_LAC,2026,REG,2,2026-09-20,Sunday,16:05:00,LV,NA,LAC,NA,Home,NA,NA,NA,2026092009,NA,NA,202609200sdg,NA,401872941,NA,7,7,285,-360,8.5,-110,-110,42.5,-110,-110,1,dome,matrixturf,NA,NA,00-0029604,00-0036355,Kirk Cousins,Justin Herbert,Klint Kubliak,Jim Harbaugh,NA,LAX01,SoFi Stadium
2026_02_SEA_ARI,2026,REG,2,2026-09-20,Sunday,16:25:00,SEA,NA,ARI,NA,Home,NA,NA,NA,2026092010,NA,NA,202609200crd,NA,401872943,NA,11,7,-535,400,-10,-110,-110,44.5,-110,-110,1,NA,grass,NA,NA,00-0034869,00-0033119,Sam Darnold,Jacoby Brissett,Mike Macdonald,Jonathan Gannon,NA,PHO00,State Farm Stadium
2026_02_WAS_DAL,2026,REG,2,2026-09-20,Sunday,16:25:00,WAS,NA,DAL,NA,Home,NA,NA,NA,2026092011,NA,NA,202609200dal,NA,401872944,NA,7,7,170,-205,4.5,-115,-105,51.5,-110,-110,1,NA,matrixturf,NA,NA,00-0039910,00-0033077,Jayden Daniels,Dak Prescott,Dan Quinn,Brian Schottenheimer,NA,DAL00,AT&T Stadium
2026_02_MIA_SF,2026,REG,2,2026-09-20,Sunday,16:25:00,MIA,NA,SF,NA,Home,NA,NA,NA,2026092012,NA,NA,202609200sfo,NA,401872942,NA,7,10,490,-675,10.5,-110,-110,46.5,-110,-110,0,outdoors,grass,NA,NA,00-0038128,00-0037834,Malik Willis,Brock Purdy,Jeff Hafley,Kyle Shanahan,NA,SFO01,Levi's Stadium
2026_02_IND_KC,2026,REG,2,2026-09-20,Sunday,20:20:00,IND,NA,KC,NA,Home,NA,NA,NA,2026092013,NA,NA,202609200kan,NA,401872945,NA,7,6,260,-325,6.5,-110,-110,47.5,-110,-110,0,outdoors,grass,NA,NA,00-0035710,00-0033873,Daniel Jones,Patrick Mahomes,Shane Steichen,Andy Reid,NA,KAN00,GEHA Field at Arrowhead Stadium
2026_02_NYG_LA,2026,REG,2,2026-09-21,Monday,20:15:00,NYG,NA,LA,NA,Home,NA,NA,NA,2026092100,NA,NA,202609210ram,NA,401872947,NA,8,11,300,-380,8.5,-110,-110,48.5,-110,-110,0,dome,matrixturf,NA,NA,00-0040691,00-0026498,Jaxson Dart,Matthew Stafford,John Harbaugh,Sean McVay,NA,LAX01,SoFi Stadium
2026_03_ATL_GB,2026,REG,3,2026-09-24,Thursday,20:15:00,ATL,NA,GB,NA,Home,NA,NA,NA,2026092400,NA,NA,202609240gnb,NA,401872948,NA,4,4,300,-380,7.5,-110,-110,46.5,-110,-110,0,outdoors,grass,NA,NA,NA,NA,NA,NA,Raheem Morris,Matt LaFleur,NA,GNB00,Lambeau Field
2026_03_LAC_BUF,2026,REG,3,2026-09-27,Sunday,13:00:00,LAC,NA,BUF,NA,Home,NA,NA,NA,2026092700,NA,NA,202609270buf,NA,401872953,NA,7,10,136,-162,3,-110,-110,48.5,-110,-110,0,outdoors,a_turf,NA,NA,NA,NA,NA,NA,Jim Harbaugh,Sean McDermott,NA,BUF00,Highmark Stadium
2026_03_CAR_CLE,2026,REG,3,2026-09-27,Sunday,13:00:00,CAR,NA,CLE,NA,Home,NA,NA,NA,2026092701,NA,NA,202609270cle,NA,401872949,NA,7,7,-122,102,-1.5,-110,-110,39.5,-110,-110,0,outdoors,grass,NA,NA,NA,NA,NA,NA,Dave Canales,Todd Monken,NA,CLE00,Huntington Bank Field
2026_03_NYJ_DET,2026,REG,3,2026-09-27,Sunday,13:00:00,NYJ,NA,DET,NA,Home,NA,NA,NA,2026092702,NA,NA,202609270det,NA,401872954,NA,7,10,320,-410,9.5,-110,-110,45.5,-110,-110,0,dome,fieldturf,NA,NA,NA,NA,NA,NA,Aaron Glenn,Dan Campbell,NA,DET00,Ford Field
2026_03_HOU_IND,2026,REG,3,2026-09-27,Sunday,13:00:00,HOU,NA,IND,NA,Home,NA,NA,NA,2026092703,NA,NA,202609270clt,NA,401872951,NA,7,7,-122,102,-1.5,-110,-110,45.5,-110,-110,1,NA,fieldturf,NA,NA,NA,NA,NA,NA,DeMeco Ryans,Shane Steichen,NA,IND00,Lucas Oil Stadium
2026_03_NE_JAX,2026,REG,3,2026-09-27,Sunday,13:00:00,NE,NA,JAX,NA,Home,NA,NA,NA,2026092704,NA,NA,202609270jax,NA,401872957,NA,7,7,-102,-118,1.5,-115,-105,45.5,-110,-110,0,outdoors,grass,NA,NA,NA,NA,NA,NA,Mike Vrabel,Liam Coen,NA,JAX00,EverBank Stadium
2026_03_KC_MIA,2026,REG,3,2026-09-27,Sunday,13:00:00,KC,NA,MIA,NA,Home,NA,NA,NA,2026092705,NA,NA,202609270mia,NA,401872952,NA,7,7,-440,340,-7.5,-110,-110,44.5,-110,-110,0,outdoors,grass,NA,NA,NA,NA,NA,NA,Andy Reid,Jeff Hafley,NA,MIA00,Hard Rock Stadium
2026_03_TEN_NYG,2026,REG,3,2026-09-27,Sunday,13:00:00,TEN,NA,NYG,NA,Home,NA,NA,NA,2026092706,NA,NA,202609270nyg,NA,401872956,NA,7,6,140,-166,3,-105,-115,44.5,-110,-110,0,outdoors,fieldturf,NA,NA,NA,NA,NA,NA,Robert Saleh,John Harbaugh,NA,NYC01,MetLife Stadium
2026_03_CIN_PIT,2026,REG,3,2026-09-27,Sunday,13:00:00,CIN,NA,PIT,NA,Home,NA,NA,NA,2026092707,NA,NA,202609270pit,NA,401872950,NA,7,7,-125,105,-1.5,-110,-110,46.5,-102,-118,1,outdoors,grass,NA,NA,NA,NA,NA,NA,Zac Taylor,Mike McCarthy,NA,PIT00,Acrisure Stadium
2026_03_SEA_WAS,2026,REG,3,2026-09-27,Sunday,13:00:00,SEA,NA,WAS,NA,Home,NA,NA,NA,2026092708,NA,NA,202609270was,NA,401872955,NA,7,7,-192,160,-3.5,-110,-110,46.5,-110,-110,0,outdoors,grass,NA,NA,NA,NA,NA,NA,Mike Macdonald,Dan Quinn,NA,WAS00,Northwest Stadium
2026_03_ARI_SF,2026,REG,3,2026-09-27,Sunday,16:05:00,ARI,NA,SF,NA,Home,NA,NA,NA,2026092709,NA,NA,202609270sfo,NA,401872958,NA,7,7,470,-650,11.5,-110,-110,46.5,-110,-110,1,outdoors,grass,NA,NA,NA,NA,NA,NA,Jonathan Gannon,Kyle Shanahan,NA,SFO01,Levi's Stadium
2026_03_MIN_TB,2026,REG,3,2026-09-27,Sunday,16:05:00,MIN,NA,TB,NA,Home,NA,NA,NA,2026092710,NA,NA,202609270tam,NA,401872959,NA,7,7,105,-125,1.5,-110,-110,44.5,-110,-110,0,outdoors,grass,NA,NA,NA,NA,NA,NA,Kevin O'Connell,Todd Bowles,NA,TAM00,Raymond James Stadium
2026_03_BAL_DAL,2026,REG,3,2026-09-27,Sunday,16:25:00,BAL,NA,DAL,NA,Neutral,NA,NA,NA,2026092711,NA,NA,202609270dal,NA,401872960,NA,7,7,-135,114,-2.5,-110,-110,51.5,-110,-110,0,NA,matrixturf,NA,NA,NA,NA,NA,NA,Jesse Minter,Brian Schottenheimer,NA,RIO00,Maracana Stadium
2026_03_LV_NO,2026,REG,3,2026-09-27,Sunday,16:25:00,LV,NA,NO,NA,Home,NA,NA,NA,2026092712,NA,NA,202609270nor,NA,401872961,NA,7,7,160,-192,3.5,-110,-110,42.5,-110,-110,0,dome,sportturf,NA,NA,NA,NA,NA,NA,Klint Kubliak,Kellen Moore,NA,NOR00,Caesars Superdome
2026_03_LA_DEN,2026,REG,3,2026-09-27,Sunday,20:20:00,LA,NA,DEN,NA,Home,NA,NA,NA,2026092713,NA,NA,202609270den,NA,401872962,NA,6,7,-155,130,-3,-110,-110,45.5,-110,-110,0,outdoors,grass,NA,NA,NA,NA,NA,NA,Sean McVay,Sean Payton,NA,DEN00,Empower Field at Mile High
2026_03_PHI_CHI,2026,REG,3,2026-09-28,Monday,20:15:00,PHI,NA,CHI,NA,Home,NA,NA,NA,2026092800,NA,NA,202609280chi,NA,401872963,NA,8,8,-102,-118,1.5,-115,-105,46.5,-110,-110,0,outdoors,grass,NA,NA,NA,NA,NA,NA,Nick Sirianni,Ben Johnson,NA,CHI98,Soldier Field
2026_04_PIT_CLE,2026,REG,4,2026-10-01,Thursday,20:15:00,PIT,NA,CLE,NA,Home,NA,NA,NA,2026100100,NA,NA,202610010cle,NA,401872964,NA,4,4,-135,114,-2.5,-110,-110,40.5,-110,-110,1,outdoors,grass,NA,NA,NA,NA,NA,NA,Mike McCarthy,Todd Monken,NA,CLE00,Huntington Bank Field
2026_04_IND_WAS,2026,REG,4,2026-10-04,Sunday,09:30:00,IND,NA,WAS,NA,Neutral,NA,NA,NA,2026100400,NA,NA,202610040was,NA,401872965,NA,7,7,-102,-118,1.5,-115,-105,50.5,-110,-110,0,outdoors,grass,NA,NA,NA,NA,NA,NA,Shane Steichen,Dan Quinn,NA,LON02,Tottenham Hotspur Stadium
2026_04_TEN_BAL,2026,REG,4,2026-10-04,Sunday,13:00:00,TEN,NA,BAL,NA,Home,NA,NA,NA,2026100401,NA,NA,202610040rav,NA,401872973,NA,7,7,310,-395,8.5,-110,-110,47.5,-110,-110,0,outdoors,grass,NA,NA,NA,NA,NA,NA,Robert Saleh,Jesse Minter,NA,BAL00,M&T Bank Stadium
2026_04_NE_BUF,2026,REG,4,2026-10-04,Sunday,13:00:00,NE,NA,BUF,NA,Home,NA,NA,NA,2026100402,NA,NA,202610040buf,NA,401872971,NA,7,7,140,-166,3,-110,-110,49.5,-110,-110,1,outdoors,a_turf,NA,NA,NA,NA,NA,NA,Mike Vrabel,Sean McDermott,NA,BUF00,Highmark Stadium
2026_04_NYJ_CHI,2026,REG,4,2026-10-04,Sunday,13:00:00,NYJ,NA,CHI,NA,Home,NA,NA,NA,2026100403,NA,NA,202610040chi,NA,401872972,NA,7,6,330,-425,8.5,-110,-110,45.5,-110,-110,0,outdoors,grass,NA,NA,NA,NA,NA,NA,Aaron Glenn,Ben Johnson,NA,CHI98,Soldier Field
2026_04_JAX_CIN,2026,REG,4,2026-10-04,Sunday,13:00:00,JAX,NA,CIN,NA,Home,NA,NA,NA,2026100404,NA,NA,202610040cin,NA,401872969,NA,7,7,114,-135,2.5,-110,-110,51.5,-110,-110,0,outdoors,fieldturf,NA,NA,NA,NA,NA,NA,Liam Coen,Zac Taylor,NA,CIN00,Paycor Stadium
2026_04_DAL_HOU,2026,REG,4,2026-10-04,Sunday,13:00:00,DAL,NA,HOU,NA,Home,NA,NA,NA,2026100405,NA,NA,202610040htx,NA,401872967,NA,7,7,114,-135,2.5,-110,-110,47.5,-110,-110,0,NA,astroturf,NA,NA,NA,NA,NA,NA,Brian Schottenheimer,DeMeco Ryans,NA,HOU00,Reliant Stadium
2026_04_ARI_NYG,2026,REG,4,2026-10-04,Sunday,13:00:00,ARI,NA,NYG,NA,Home,NA,NA,NA,2026100406,NA,NA,202610040nyg,NA,401872966,NA,7,7,260,-325,7,-110,-110,45.5,-110,-110,0,outdoors,fieldturf,NA,NA,NA,NA,NA,NA,Jonathan Gannon,John Harbaugh,NA,NYC01,MetLife Stadium
2026_04_LA_PHI,2026,REG,4,2026-10-04,Sunday,13:00:00,LA,NA,PHI,NA,Home,NA,NA,NA,2026100407,NA,NA,202610040phi,NA,401872970,NA,7,6,-125,105,-1.5,-110,-110,47.5,-110,-110,0,outdoors,grass,NA,NA,NA,NA,NA,NA,Sean McVay,Nick Sirianni,NA,PHI00,Lincoln Financial Field
2026_04_GB_TB,2026,REG,4,2026-10-04,Sunday,13:00:00,GB,NA,TB,NA,Home,NA,NA,NA,2026100408,NA,NA,202610040tam,NA,401872968,NA,10,7,-125,105,-1.5,-110,-110,47.5,-110,-110,0,outdoors,grass,NA,NA,NA,NA,NA,NA,Matt LaFleur,Todd Bowles,NA,TAM00,Raymond James Stadium
2026_04_MIA_MIN,2026,REG,4,2026-10-04,Sunday,16:05:00,MIA,NA,MIN,NA,Home,NA,NA,NA,2026100409,NA,NA,202610040min,NA,401872974,NA,7,7,320,-410,7.5,-110,-110,43.5,-110,-110,0,dome,sportturf,NA,NA,NA,NA,NA,NA,Jeff Hafley,Kevin O'Connell,NA,MIN01,U.S. Bank Stadium
2026_04_KC_LV,2026,REG,4,2026-10-04,Sunday,16:25:00,KC,NA,LV,NA,Home,NA,NA,NA,2026100410,NA,NA,202610040rai,NA,401872976,NA,7,7,-250,205,-5.5,-110,-110,43.5,-110,-110,1,dome,grass,NA,NA,NA,NA,NA,NA,Andy Reid,Klint Kubliak,NA,VEG00,Allegiant Stadium
2026_04_LAC_SEA,2026,REG,4,2026-10-04,Sunday,16:25:00,LAC,NA,SEA,NA,Home,NA,NA,NA,2026100411,NA,NA,202610040sea,NA,401872977,NA,7,7,145,-175,3,-105,-115,45.5,-110,-110,0,outdoors,fieldturf,NA,NA,NA,NA,NA,NA,Jim Harbaugh,Mike Macdonald,NA,SEA00,Lumen Field
2026_04_DEN_SF,2026,REG,4,2026-10-04,Sunday,16:25:00,DEN,NA,SF,NA,Home,NA,NA,NA,2026100412,NA,NA,202610040sfo,NA,401872975,NA,7,7,114,-135,2.5,-110,-110,46.5,-110,-110,0,outdoors,grass,NA,NA,NA,NA,NA,NA,Sean Payton,Kyle Shanahan,NA,SFO01,Levi's Stadium
2026_04_DET_CAR,2026,REG,4,2026-10-04,Sunday,20:20:00,DET,NA,CAR,NA,Home,NA,NA,NA,2026100413,NA,NA,202610040car,NA,401872978,NA,7,7,-162,136,-3,-110,-110,47.5,-110,-110,0,outdoors,grass,NA,NA,NA,NA,NA,NA,Dan Campbell,Dave Canales,NA,CAR00,Bank of America Stadium
2026_04_ATL_NO,2026,REG,4,2026-10-05,Monday,20:15:00,ATL,NA,NO,NA,Home,NA,NA,NA,2026100500,NA,NA,202610050nor,NA,401872979,NA,11,8,114,-135,2.5,-110,-110,45.5,-105,-115,1,dome,sportturf,NA,NA,NA,NA,NA,NA,Raheem Morris,Kellen Moore,NA,NOR00,Caesars Superdome
2026_05_TB_DAL,2026,REG,5,2026-10-08,Thursday,20:15:00,TB,NA,DAL,NA,Home,NA,NA,NA,2026100800,NA,NA,202610080dal,NA,401872980,NA,4,4,170,-205,3.5,-110,-110,52.5,-110,-110,0,NA,matrixturf,NA,NA,NA,NA,NA,NA,Todd Bowles,Brian Schottenheimer,NA,DAL00,AT&T Stadium
2026_05_PHI_JAX,2026,REG,5,2026-10-11,Sunday,09:30:00,PHI,NA,JAX,NA,Home,NA,NA,NA,2026101100,NA,NA,202610110jax,NA,401872981,NA,7,7,-125,105,-1.5,-110,-110,45.5,-110,-110,0,outdoors,grass,NA,NA,NA,NA,NA,NA,Nick Sirianni,Liam Coen,NA,JAX00,Tottenham Hotspur Stadium
2026_05_CIN_MIA,2026,REG,5,2026-10-11,Sunday,13:00:00,CIN,NA,MIA,NA,Home,NA,NA,NA,2026101101,NA,NA,202610110mia,NA,401872982,NA,7,7,-270,220,-6,-110,-110,49.5,-110,-110,0,outdoors,grass,NA,NA,NA,NA,NA,NA,Zac Taylor,Jeff Hafley,NA,MIA00,Hard Rock Stadium
2026_05_LV_NE,2026,REG,5,2026-10-11,Sunday,13:00:00,LV,NA,NE,NA,Home,NA,NA,NA,2026101102,NA,NA,202610110nwe,NA,401872986,NA,7,7,310,-395,8.5,-110,-110,44.5,-110,-110,0,outdoors,fieldturf,NA,NA,NA,NA,NA,NA,Klint Kubliak,Mike Vrabel,NA,BOS00,Gillette Stadium
2026_05_MIN_NO,2026,REG,5,2026-10-11,Sunday,13:00:00,MIN,NA,NO,NA,Home,NA,NA,NA,2026101103,NA,NA,202610110nor,NA,401872987,NA,7,6,-125,105,-1.5,-110,-110,44.5,-110,-110,0,dome,sportturf,NA,NA,NA,NA,NA,NA,Kevin O'Connell,Kellen Moore,NA,NOR00,Caesars Superdome
2026_05_CLE_NYJ,2026,REG,5,2026-10-11,Sunday,13:00:00,CLE,NA,NYJ,NA,Home,NA,NA,NA,2026101104,NA,NA,202610110nyj,NA,401872983,NA,10,7,110,-130,1.5,-105,-115,39.5,-110,-110,0,outdoors,fieldturf,NA,NA,NA,NA,NA,NA,Todd Monken,Aaron Glenn,NA,NYC01,MetLife Stadium
2026_05_IND_PIT,2026,REG,5,2026-10-11,Sunday,13:00:00,IND,NA,PIT,NA,Home,NA,NA,NA,2026101105,NA,NA,202610110pit,NA,401872985,NA,7,10,120,-142,2.5,-110,-110,47.5,-110,-110,0,outdoors,grass,NA,NA,NA,NA,NA,NA,Shane Steichen,Mike McCarthy,NA,PIT00,Acrisure Stadium
2026_05_HOU_TEN,2026,REG,5,2026-10-11,Sunday,13:00:00,HOU,NA,TEN,NA,Home,NA,NA,NA,2026101106,NA,NA,202610110oti,NA,401872984,NA,7,7,-192,160,-3.5,-110,-110,43.5,-110,-110,1,outdoors,grass,NA,NA,NA,NA,NA,NA,DeMeco Ryans,Robert Saleh,NA,NAS00,Nissan Stadium
2026_05_NYG_WAS,2026,REG,5,2026-10-11,Sunday,13:00:00,NYG,NA,WAS,NA,Home,NA,NA,NA,2026101107,NA,NA,202610110was,NA,401872988,NA,7,7,110,-130,1.5,-105,-115,48.5,-110,-110,1,outdoors,grass,NA,NA,NA,NA,NA,NA,John Harbaugh,Dan Quinn,NA,WAS00,Northwest Stadium
2026_05_DEN_LAC,2026,REG,5,2026-10-11,Sunday,16:05:00,DEN,NA,LAC,NA,Home,NA,NA,NA,2026101108,NA,NA,202610110sdg,NA,401872989,NA,7,7,114,-135,2.5,-110,-110,44.5,-110,-110,1,dome,matrixturf,NA,NA,NA,NA,NA,NA,Sean Payton,Jim Harbaugh,NA,LAX01,SoFi Stadium
2026_05_DET_ARI,2026,REG,5,2026-10-11,Sunday,16:25:00,DET,NA,ARI,NA,Home,NA,NA,NA,2026101109,NA,NA,202610110crd,NA,401872991,NA,7,7,-395,310,-8.5,-110,-110,48.5,-110,-110,0,NA,grass,NA,NA,NA,NA,NA,NA,Dan Campbell,Jonathan Gannon,NA,PHO00,State Farm Stadium
2026_05_CHI_GB,2026,REG,5,2026-10-11,Sunday,16:25:00,CHI,NA,GB,NA,Home,NA,NA,NA,2026101110,NA,NA,202610110gnb,NA,401872990,NA,7,7,140,-166,3,-110,-110,49.5,-110,-110,1,outdoors,grass,NA,NA,NA,NA,NA,NA,Ben Johnson,Matt LaFleur,NA,GNB00,Lambeau Field
2026_05_SF_SEA,2026,REG,5,2026-10-11,Sunday,16:25:00,SF,NA,SEA,NA,Home,NA,NA,NA,2026101111,NA,NA,202610110sea,NA,401872992,NA,7,7,170,-205,3.5,-110,-110,48.5,-110,-110,1,outdoors,fieldturf,NA,NA,NA,NA,NA,NA,Kyle Shanahan,Mike Macdonald,NA,SEA00,Lumen Field
2026_05_BAL_ATL,2026,REG,5,2026-10-11,Sunday,20:20:00,BAL,NA,ATL,NA,Home,NA,NA,NA,2026101112,NA,NA,202610110atl,NA,401872993,NA,7,6,-205,170,-4.5,-110,-110,48.5,-110,-110,0,NA,fieldturf,NA,NA,NA,NA,NA,NA,Jesse Minter,Raheem Morris,NA,ATL97,Mercedes-Benz Stadium
2026_05_BUF_LA,2026,REG,5,2026-10-12,Monday,20:15:00,BUF,NA,LA,NA,Home,NA,NA,NA,2026101200,NA,NA,202610120ram,NA,401872994,NA,8,8,140,-166,3,-110,-110,53.5,-110,-110,0,dome,matrixturf,NA,NA,NA,NA,NA,NA,Sean McDermott,Sean McVay,NA,LAX01,SoFi Stadium
2026_06_SEA_DEN,2026,REG,6,2026-10-15,Thursday,20:15:00,SEA,NA,DEN,NA,Home,NA,NA,NA,2026101500,NA,NA,202610150den,NA,401872995,NA,4,4,-130,110,-1.5,-115,-105,43.5,-110,-110,0,outdoors,grass,NA,NA,NA,NA,NA,NA,Mike Macdonald,Sean Payton,NA,DEN00,Empower Field at Mile High
2026_06_HOU_JAX,2026,REG,6,2026-10-18,Sunday,09:30:00,HOU,NA,JAX,NA,Neutral,NA,NA,NA,2026101800,NA,NA,202610180jax,NA,401872996,NA,7,7,-108,-112,1.5,-122,102,42.5,-110,-110,1,outdoors,grass,NA,NA,NA,NA,NA,NA,DeMeco Ryans,Liam Coen,NA,LON00,Wembley Stadium
2026_06_CHI_ATL,2026,REG,6,2026-10-18,Sunday,13:00:00,CHI,NA,ATL,NA,Home,NA,NA,NA,2026101801,NA,NA,202610180atl,NA,401872999,NA,7,7,-162,136,-3,-110,-110,47.5,-110,-110,0,NA,fieldturf,NA,NA,NA,NA,NA,NA,Ben Johnson,Raheem Morris,NA,ATL97,Mercedes-Benz Stadium
2026_06_BAL_CLE,2026,REG,6,2026-10-18,Sunday,13:00:00,BAL,NA,CLE,NA,Home,NA,NA,NA,2026101802,NA,NA,202610180cle,NA,401872997,NA,7,7,-250,205,-6.5,-110,-110,44.5,-110,-110,1,outdoors,grass,NA,NA,NA,NA,NA,NA,Jesse Minter,Todd Monken,NA,CLE00,Huntington Bank Field
2026_06_TEN_IND,2026,REG,6,2026-10-18,Sunday,13:00:00,TEN,NA,IND,NA,Home,NA,NA,NA,2026101803,NA,NA,202610180clt,NA,401873003,NA,7,7,164,-198,3.5,-110,-110,47.5,-110,-110,1,NA,fieldturf,NA,NA,NA,NA,NA,NA,Robert Saleh,Shane Steichen,NA,IND00,Lucas Oil Stadium
2026_06_NYJ_NE,2026,REG,6,2026-10-18,Sunday,13:00:00,NYJ,NA,NE,NA,Home,NA,NA,NA,2026101804,NA,NA,202610180nwe,NA,401873001,NA,7,7,340,-440,9.5,-110,-110,42.5,-110,-110,1,outdoors,fieldturf,NA,NA,NA,NA,NA,NA,Aaron Glenn,Mike Vrabel,NA,BOS00,Gillette Stadium
2026_06_NO_NYG,2026,REG,6,2026-10-18,Sunday,13:00:00,NO,NA,NYG,NA,Home,NA,NA,NA,2026101805,NA,NA,202610180nyg,NA,401873000,NA,7,7,120,-142,2.5,-110,-110,44.5,-110,-110,0,outdoors,fieldturf,NA,NA,NA,NA,NA,NA,Kellen Moore,John Harbaugh,NA,NYC01,MetLife Stadium
2026_06_CAR_PHI,2026,REG,6,2026-10-18,Sunday,13:00:00,CAR,NA,PHI,NA,Home,NA,NA,NA,2026101806,NA,NA,202610180phi,NA,401872998,NA,14,7,225,-278,6.5,-110,-110,43.5,-110,-110,0,outdoors,grass,NA,NA,NA,NA,NA,NA,Dave Canales,Nick Sirianni,NA,PHI00,Lincoln Financial Field
2026_06_PIT_TB,2026,REG,6,2026-10-18,Sunday,13:00:00,PIT,NA,TB,NA,Home,NA,NA,NA,2026101807,NA,NA,202610180tam,NA,401873002,NA,7,10,105,-125,1.5,-110,-110,45.5,-110,-110,0,outdoors,grass,NA,NA,NA,NA,NA,NA,Mike McCarthy,Todd Bowles,NA,TAM00,Raymond James Stadium
2026_06_ARI_LA,2026,REG,6,2026-10-18,Sunday,16:05:00,ARI,NA,LA,NA,Home,NA,NA,NA,2026101808,NA,NA,202610180ram,NA,401873004,NA,7,6,525,-750,13.5,-108,-112,47.5,-110,-110,1,dome,matrixturf,NA,NA,NA,NA,NA,NA,Jonathan Gannon,Sean McVay,NA,LAX01,SoFi Stadium
2026_06_LAC_KC,2026,REG,6,2026-10-18,Sunday,16:25:00,LAC,NA,KC,NA,Home,NA,NA,NA,2026101809,NA,NA,202610180kan,NA,401873006,NA,7,14,120,-142,2.5,-110,-110,46.5,-110,-110,1,outdoors,grass,NA,NA,NA,NA,NA,NA,Jim Harbaugh,Andy Reid,NA,KAN00,GEHA Field at Arrowhead Stadium
2026_06_BUF_LV,2026,REG,6,2026-10-18,Sunday,16:25:00,BUF,NA,LV,NA,Home,NA,NA,NA,2026101810,NA,NA,202610180rai,NA,401873005,NA,6,7,-265,215,-6.5,-110,-110,47.5,-110,-110,0,dome,grass,NA,NA,NA,NA,NA,NA,Sean McDermott,Klint Kubliak,NA,VEG00,Allegiant Stadium
2026_06_DAL_GB,2026,REG,6,2026-10-18,Sunday,20:20:00,DAL,NA,GB,NA,Home,NA,NA,NA,2026101811,NA,NA,202610180gnb,NA,401873007,NA,10,7,142,-170,3,-110,-110,51.5,-110,-110,0,outdoors,grass,NA,NA,NA,NA,NA,NA,Brian Schottenheimer,Matt LaFleur,NA,GNB00,Lambeau Field
2026_06_WAS_SF,2026,REG,6,2026-10-19,Monday,20:15:00,WAS,NA,SF,NA,Home,NA,NA,NA,2026101900,NA,NA,202610190sfo,NA,401873008,NA,8,8,200,-245,5.5,-110,-110,50.5,-110,-110,0,outdoors,grass,NA,NA,NA,NA,NA,NA,Dan Quinn,Kyle Shanahan,NA,SFO01,Levi's Stadium
2026_07_NE_CHI,2026,REG,7,2026-10-22,Thursday,20:15:00,NE,NA,CHI,NA,Home,NA,NA,NA,2026102200,NA,NA,202610220chi,NA,401873010,NA,4,4,105,-125,1.5,-110,-110,47.5,-110,-110,0,outdoors,grass,NA,NA,NA,NA,NA,NA,Mike Vrabel,Ben Johnson,NA,CHI98,Soldier Field
2026_07_PIT_NO,2026,REG,7,2026-10-25,Sunday,09:30:00,PIT,NA,NO,NA,Neutral,NA,NA,NA,2026102500,NA,NA,202610250nor,NA,401873011,NA,7,7,-142,120,-2.5,-110,-110,42.5,-110,-110,0,dome,sportturf,NA,NA,NA,NA,NA,NA,Mike McCarthy,Kellen Moore,NA,PAR00,Stade de France
2026_07_SF_ATL,2026,REG,7,2026-10-25,Sunday,13:00:00,SF,NA,ATL,NA,Home,NA,NA,NA,2026102501,NA,NA,202610250atl,NA,401873017,NA,6,7,-225,185,-4.5,-110,-110,47.5,-110,-110,0,NA,fieldturf,NA,NA,NA,NA,NA,NA,Kyle Shanahan,Raheem Morris,NA,ATL97,Mercedes-Benz Stadium
2026_07_CIN_BAL,2026,REG,7,2026-10-25,Sunday,13:00:00,CIN,NA,BAL,NA,Home,NA,NA,NA,2026102502,NA,NA,202610250rav,NA,401873012,NA,14,7,154,-185,3.5,-110,-110,51.5,-110,-110,1,outdoors,grass,NA,NA,NA,NA,NA,NA,Zac Taylor,Jesse Minter,NA,BAL00,M&T Bank Stadium
2026_07_TB_CAR,2026,REG,7,2026-10-25,Sunday,13:00:00,TB,NA,CAR,NA,Home,NA,NA,NA,2026102503,NA,NA,202610250car,NA,401873018,NA,7,7,-125,105,-1.5,-110,-110,45.5,-110,-110,1,outdoors,grass,NA,NA,NA,NA,NA,NA,Todd Bowles,Dave Canales,NA,CAR00,Bank of America Stadium
2026_07_NYG_HOU,2026,REG,7,2026-10-25,Sunday,13:00:00,NYG,NA,HOU,NA,Home,NA,NA,NA,2026102504,NA,NA,202610250htx,NA,401873016,NA,7,7,195,-238,5.5,-110,-110,43.5,-110,-110,0,NA,astroturf,NA,NA,NA,NA,NA,NA,John Harbaugh,DeMeco Ryans,NA,HOU00,Reliant Stadium
2026_07_IND_MIN,2026,REG,7,2026-10-25,Sunday,13:00:00,IND,NA,MIN,NA,Home,NA,NA,NA,2026102505,NA,NA,202610250min,NA,401873014,NA,7,14,120,-142,2.5,-110,-110,46.5,-110,-110,0,dome,sportturf,NA,NA,NA,NA,NA,NA,Shane Steichen,Kevin O'Connell,NA,MIN01,U.S. Bank Stadium
2026_07_MIA_NYJ,2026,REG,7,2026-10-25,Sunday,13:00:00,MIA,NA,NYJ,NA,Home,NA,NA,NA,2026102506,NA,NA,202610250nyj,NA,401873015,NA,14,7,NA,NA,NA,NA,NA,NA,NA,NA,1,outdoors,fieldturf,NA,NA,NA,NA,NA,NA,Jeff Hafley,Aaron Glenn,NA,NYC01,MetLife Stadium
2026_07_CLE_TEN,2026,REG,7,2026-10-25,Sunday,13:00:00,CLE,NA,TEN,NA,Home,NA,NA,NA,2026102507,NA,NA,202610250oti,NA,401873013,NA,7,7,NA,NA,NA,NA,NA,NA,NA,NA,0,outdoors,grass,NA,NA,NA,NA,NA,NA,Todd Monken,Robert Saleh,NA,NAS00,Nissan Stadium
2026_07_DEN_ARI,2026,REG,7,2026-10-25,Sunday,16:05:00,DEN,NA,ARI,NA,Home,NA,NA,NA,2026102508,NA,NA,202610250crd,NA,401873019,NA,10,7,NA,NA,NA,NA,NA,NA,NA,NA,0,NA,grass,NA,NA,NA,NA,NA,NA,Sean Payton,Jonathan Gannon,NA,PHO00,State Farm Stadium
2026_07_GB_DET,2026,REG,7,2026-10-25,Sunday,16:25:00,GB,NA,DET,NA,Home,NA,NA,NA,2026102509,NA,NA,202610250det,NA,401873020,NA,7,14,NA,NA,NA,NA,NA,NA,NA,NA,1,dome,fieldturf,NA,NA,NA,NA,NA,NA,Matt LaFleur,Dan Campbell,NA,DET00,Ford Field
2026_07_LA_LV,2026,REG,7,2026-10-25,Sunday,16:25:00,LA,NA,LV,NA,Home,NA,NA,NA,2026102510,NA,NA,202610250rai,NA,401873021,NA,7,7,NA,NA,NA,NA,NA,NA,NA,NA,0,dome,grass,NA,NA,NA,NA,NA,NA,Sean McVay,Klint Kubliak,NA,VEG00,Allegiant Stadium
2026_07_KC_SEA,2026,REG,7,2026-10-25,Sunday,20:20:00,KC,NA,SEA,NA,Home,NA,NA,NA,2026102511,NA,NA,202610250sea,NA,401873022,NA,7,10,NA,NA,NA,NA,NA,NA,NA,NA,0,outdoors,fieldturf,NA,NA,NA,NA,NA,NA,Andy Reid,Mike Macdonald,NA,SEA00,Lumen Field
2026_07_DAL_PHI,2026,REG,7,2026-10-26,Monday,20:15:00,DAL,NA,PHI,NA,Home,NA,NA,NA,2026102600,NA,NA,202610260phi,NA,401873009,NA,8,8,NA,NA,NA,NA,NA,NA,NA,NA,1,outdoors,grass,NA,NA,NA,NA,NA,NA,Brian Schottenheimer,Nick Sirianni,NA,PHI00,Lincoln Financial Field
2026_08_CAR_GB,2026,REG,8,2026-10-29,Thursday,20:15:00,CAR,NA,GB,NA,Home,NA,NA,NA,2026102900,NA,NA,202610290gnb,NA,401873023,NA,4,4,NA,NA,NA,NA,NA,NA,NA,NA,0,outdoors,grass,NA,NA,NA,NA,NA,NA,Dave Canales,Matt LaFleur,NA,GNB00,Lambeau Field
2026_08_BAL_BUF,2026,REG,8,2026-11-01,Sunday,13:00:00,BAL,NA,BUF,NA,Home,NA,NA,NA,2026110100,NA,NA,202611010buf,NA,401873026,NA,7,14,NA,NA,NA,NA,NA,NA,NA,NA,0,outdoors,a_turf,NA,NA,NA,NA,NA,NA,Jesse Minter,Sean McDermott,NA,BUF00,Highmark Stadium
2026_08_TEN_CIN,2026,REG,8,2026-11-01,Sunday,13:00:00,TEN,NA,CIN,NA,Home,NA,NA,NA,2026110101,NA,NA,202611010cin,NA,401873031,NA,7,7,NA,NA,NA,NA,NA,NA,NA,NA,0,outdoors,fieldturf,NA,NA,NA,NA,NA,NA,Robert Saleh,Zac Taylor,NA,CIN00,Paycor Stadium
2026_08_ARI_DAL,2026,REG,8,2026-11-01,Sunday,13:00:00,ARI,NA,DAL,NA,Home,NA,NA,NA,2026110102,NA,NA,202611010dal,NA,401873024,NA,7,6,NA,NA,NA,NA,NA,NA,NA,NA,0,NA,matrixturf,NA,NA,NA,NA,NA,NA,Jonathan Gannon,Brian Schottenheimer,NA,DAL00,AT&T Stadium
2026_08_MIN_DET,2026,REG,8,2026-11-01,Sunday,13:00:00,MIN,NA,DET,NA,Home,NA,NA,NA,2026110103,NA,NA,202611010det,NA,401873030,NA,7,7,NA,NA,NA,NA,NA,NA,NA,NA,1,dome,fieldturf,NA,NA,NA,NA,NA,NA,Kevin O'Connell,Dan Campbell,NA,DET00,Ford Field
2026_08_IND_JAX,2026,REG,8,2026-11-01,Sunday,13:00:00,IND,NA,JAX,NA,Home,NA,NA,NA,2026110104,NA,NA,202611010jax,NA,401873028,NA,7,14,NA,NA,NA,NA,NA,NA,NA,NA,1,outdoors,grass,NA,NA,NA,NA,NA,NA,Shane Steichen,Liam Coen,NA,JAX00,EverBank Stadium
2026_08_LV_NYJ,2026,REG,8,2026-11-01,Sunday,13:00:00,LV,NA,NYJ,NA,Home,NA,NA,NA,2026110105,NA,NA,202611010nyj,NA,401873029,NA,7,7,NA,NA,NA,NA,NA,NA,NA,NA,0,outdoors,fieldturf,NA,NA,NA,NA,NA,NA,Klint Kubliak,Aaron Glenn,NA,NYC01,MetLife Stadium
2026_08_CLE_PIT,2026,REG,8,2026-11-01,Sunday,13:00:00,CLE,NA,PIT,NA,Home,NA,NA,NA,2026110106,NA,NA,202611010pit,NA,401873027,NA,7,7,NA,NA,NA,NA,NA,NA,NA,NA,1,outdoors,grass,NA,NA,NA,NA,NA,NA,Todd Monken,Mike McCarthy,NA,PIT00,Acrisure Stadium
2026_08_ATL_TB,2026,REG,8,2026-11-01,Sunday,13:00:00,ATL,NA,TB,NA,Home,NA,NA,NA,2026110107,NA,NA,202611010tam,NA,401873025,NA,7,7,NA,NA,NA,NA,NA,NA,NA,NA,1,outdoors,grass,NA,NA,NA,NA,NA,NA,Raheem Morris,Todd Bowles,NA,TAM00,Raymond James Stadium
2026_08_LAC_LA,2026,REG,8,2026-11-01,Sunday,16:05:00,LAC,NA,LA,NA,Home,NA,NA,NA,2026110108,NA,NA,202611010ram,NA,401873032,NA,14,7,NA,NA,NA,NA,NA,NA,NA,NA,0,dome,matrixturf,NA,NA,NA,NA,NA,NA,Jim Harbaugh,Sean McVay,NA,LAX01,SoFi Stadium
2026_08_KC_DEN,2026,REG,8,2026-11-01,Sunday,16:25:00,KC,NA,DEN,NA,Home,NA,NA,NA,2026110109,NA,NA,202611010den,NA,401873033,NA,7,7,NA,NA,NA,NA,NA,NA,NA,NA,1,outdoors,grass,NA,NA,NA,NA,NA,NA,Andy Reid,Sean Payton,NA,DEN00,Empower Field at Mile High
2026_08_NE_MIA,2026,REG,8,2026-11-01,Sunday,16:25:00,NE,NA,MIA,NA,Home,NA,NA,NA,2026110110,NA,NA,202611010mia,NA,401873034,NA,10,7,NA,NA,NA,NA,NA,NA,NA,NA,1,outdoors,grass,NA,NA,NA,NA,NA,NA,Mike Vrabel,Jeff Hafley,NA,MIA00,Hard Rock Stadium
2026_08_PHI_WAS,2026,REG,8,2026-11-01,Sunday,20:20:00,PHI,NA,WAS,NA,Home,NA,NA,NA,2026110111,NA,NA,202611010was,NA,401873035,NA,6,13,NA,NA,NA,NA,NA,NA,NA,NA,1,outdoors,grass,NA,NA,NA,NA,NA,NA,Nick Sirianni,Dan Quinn,NA,WAS00,Northwest Stadium
2026_08_CHI_SEA,2026,REG,8,2026-11-02,Monday,20:15:00,CHI,NA,SEA,NA,Home,NA,NA,NA,2026110200,NA,NA,202611020sea,NA,401873036,NA,11,8,NA,NA,NA,NA,NA,NA,NA,NA,0,outdoors,fieldturf,NA,NA,NA,NA,NA,NA,Ben Johnson,Mike Macdonald,NA,SEA00,Lumen Field
2026_09_JAX_BAL,2026,REG,9,2026-11-05,Thursday,20:15:00,JAX,NA,BAL,NA,Home,NA,NA,NA,2026110500,NA,NA,202611050rav,NA,401873037,NA,4,4,NA,NA,NA,NA,NA,NA,NA,NA,0,outdoors,grass,NA,NA,NA,NA,NA,NA,Liam Coen,Jesse Minter,NA,BAL00,M&T Bank Stadium
2026_09_CIN_ATL,2026,REG,9,2026-11-08,Sunday,09:30:00,CIN,NA,ATL,NA,Neutral,NA,NA,NA,2026110800,NA,NA,202611080atl,NA,401873038,NA,7,7,-215,180,-4.5,-104,-118,49.5,-115,-105,0,NA,fieldturf,NA,NA,NA,NA,NA,NA,Zac Taylor,Raheem Morris,NA,MAD01,Bernabeu
2026_09_DEN_CAR,2026,REG,9,2026-11-08,Sunday,13:00:00,DEN,NA,CAR,NA,Home,NA,NA,NA,2026110801,NA,NA,202611080car,NA,401873041,NA,7,10,NA,NA,NA,NA,NA,NA,NA,NA,0,outdoors,grass,NA,NA,NA,NA,NA,NA,Sean Payton,Dave Canales,NA,CAR00,Bank of America Stadium
2026_09_DAL_IND,2026,REG,9,2026-11-08,Sunday,13:00:00,DAL,NA,IND,NA,Home,NA,NA,NA,2026110802,NA,NA,202611080clt,NA,401873040,NA,7,7,NA,NA,NA,NA,NA,NA,NA,NA,0,NA,fieldturf,NA,NA,NA,NA,NA,NA,Brian Schottenheimer,Shane Steichen,NA,IND00,Lucas Oil Stadium
2026_09_NYJ_KC,2026,REG,9,2026-11-08,Sunday,13:00:00,NYJ,NA,KC,NA,Home,NA,NA,NA,2026110803,NA,NA,202611080kan,NA,401873045,NA,7,7,NA,NA,NA,NA,NA,NA,NA,NA,0,outdoors,grass,NA,NA,NA,NA,NA,NA,Aaron Glenn,Andy Reid,NA,KAN00,GEHA Field at Arrowhead Stadium
2026_09_DET_MIA,2026,REG,9,2026-11-08,Sunday,13:00:00,DET,NA,MIA,NA,Home,NA,NA,NA,2026110804,NA,NA,202611080mia,NA,401873042,NA,7,7,NA,NA,NA,NA,NA,NA,NA,NA,0,outdoors,grass,NA,NA,NA,NA,NA,NA,Dan Campbell,Jeff Hafley,NA,MIA00,Hard Rock Stadium
2026_09_CLE_NO,2026,REG,9,2026-11-08,Sunday,13:00:00,CLE,NA,NO,NA,Home,NA,NA,NA,2026110805,NA,NA,202611080nor,NA,401873039,NA,7,14,NA,NA,NA,NA,NA,NA,NA,NA,0,dome,sportturf,NA,NA,NA,NA,NA,NA,Todd Monken,Kellen Moore,NA,NOR00,Caesars Superdome
2026_09_NYG_PHI,2026,REG,9,2026-11-08,Sunday,13:00:00,NYG,NA,PHI,NA,Home,NA,NA,NA,2026110806,NA,NA,202611080phi,NA,401873044,NA,14,7,NA,NA,NA,NA,NA,NA,NA,NA,1,outdoors,grass,NA,NA,NA,NA,NA,NA,John Harbaugh,Nick Sirianni,NA,PHI00,Lincoln Financial Field
2026_09_LA_WAS,2026,REG,9,2026-11-08,Sunday,13:00:00,LA,NA,WAS,NA,Home,NA,NA,NA,2026110807,NA,NA,202611080was,NA,401873043,NA,7,7,NA,NA,NA,NA,NA,NA,NA,NA,0,outdoors,grass,NA,NA,NA,NA,NA,NA,Sean McVay,Dan Quinn,NA,WAS00,Northwest Stadium
2026_09_HOU_LAC,2026,REG,9,2026-11-08,Sunday,16:05:00,HOU,NA,LAC,NA,Home,NA,NA,NA,2026110808,NA,NA,202611080sdg,NA,401873046,NA,14,7,NA,NA,NA,NA,NA,NA,NA,NA,0,dome,matrixturf,NA,NA,NA,NA,NA,NA,DeMeco Ryans,Jim Harbaugh,NA,LAX01,SoFi Stadium
2026_09_LV_SF,2026,REG,9,2026-11-08,Sunday,16:05:00,LV,NA,SF,NA,Home,NA,NA,NA,2026110809,NA,NA,202611080sfo,NA,401873047,NA,7,14,NA,NA,NA,NA,NA,NA,NA,NA,0,outdoors,grass,NA,NA,NA,NA,NA,NA,Klint Kubliak,Kyle Shanahan,NA,SFO01,Levi's Stadium
2026_09_GB_NE,2026,REG,9,2026-11-08,Sunday,16:25:00,GB,NA,NE,NA,Home,NA,NA,NA,2026110810,NA,NA,202611080nwe,NA,401873049,NA,10,7,NA,NA,NA,NA,NA,NA,NA,NA,0,outdoors,fieldturf,NA,NA,NA,NA,NA,NA,Matt LaFleur,Mike Vrabel,NA,BOS00,Gillette Stadium
2026_09_ARI_SEA,2026,REG,9,2026-11-08,Sunday,16:25:00,ARI,NA,SEA,NA,Home,NA,NA,NA,2026110811,NA,NA,202611080sea,NA,401873048,NA,7,6,NA,NA,NA,NA,NA,NA,NA,NA,1,outdoors,fieldturf,NA,NA,NA,NA,NA,NA,Jonathan Gannon,Mike Macdonald,NA,SEA00,Lumen Field
2026_09_TB_CHI,2026,REG,9,2026-11-08,Sunday,20:20:00,TB,NA,CHI,NA,Home,NA,NA,NA,2026110812,NA,NA,202611080chi,NA,401873050,NA,7,6,NA,NA,NA,NA,NA,NA,NA,NA,0,outdoors,grass,NA,NA,NA,NA,NA,NA,Todd Bowles,Ben Johnson,NA,CHI98,Soldier Field
2026_09_BUF_MIN,2026,REG,9,2026-11-09,Monday,20:15:00,BUF,NA,MIN,NA,Home,NA,NA,NA,2026110900,NA,NA,202611090min,NA,401873051,NA,8,8,NA,NA,NA,NA,NA,NA,NA,NA,0,dome,sportturf,NA,NA,NA,NA,NA,NA,Sean McDermott,Kevin O'Connell,NA,MIN01,U.S. Bank Stadium
2026_10_WAS_NYG,2026,REG,10,2026-11-12,Thursday,20:15:00,WAS,NA,NYG,NA,Home,NA,NA,NA,2026111200,NA,NA,202611120nyg,NA,401873052,NA,4,4,NA,NA,NA,NA,NA,NA,NA,NA,1,outdoors,fieldturf,NA,NA,NA,NA,NA,NA,Dan Quinn,John Harbaugh,NA,NYC01,MetLife Stadium
2026_10_NE_DET,2026,REG,10,2026-11-15,Sunday,09:30:00,NE,NA,DET,NA,Neutral,NA,NA,NA,2026111500,NA,NA,202611150det,NA,401873053,NA,7,7,-118,100,-1.5,-105,-115,49.5,-105,-115,0,dome,fieldturf,NA,NA,NA,NA,NA,NA,Mike Vrabel,Dan Campbell,NA,MUN01,FC Bayern Munich Stadium
2026_10_KC_ATL,2026,REG,10,2026-11-15,Sunday,13:00:00,KC,NA,ATL,NA,Home,NA,NA,NA,2026111501,NA,NA,202611150atl,NA,401873058,NA,7,7,NA,NA,NA,NA,NA,NA,NA,NA,0,NA,fieldturf,NA,NA,NA,NA,NA,NA,Andy Reid,Raheem Morris,NA,ATL97,Mercedes-Benz Stadium
2026_10_HOU_CLE,2026,REG,10,2026-11-15,Sunday,13:00:00,HOU,NA,CLE,NA,Home,NA,NA,NA,2026111502,NA,NA,202611150cle,NA,401873056,NA,7,7,NA,NA,NA,NA,NA,NA,NA,NA,0,outdoors,grass,NA,NA,NA,NA,NA,NA,DeMeco Ryans,Todd Monken,NA,CLE00,Huntington Bank Field
2026_10_MIN_GB,2026,REG,10,2026-11-15,Sunday,13:00:00,MIN,NA,GB,NA,Home,NA,NA,NA,2026111503,NA,NA,202611150gnb,NA,401873060,NA,6,7,NA,NA,NA,NA,NA,NA,NA,NA,1,outdoors,grass,NA,NA,NA,NA,NA,NA,Kevin O'Connell,Matt LaFleur,NA,GNB00,Lambeau Field
2026_10_MIA_IND,2026,REG,10,2026-11-15,Sunday,13:00:00,MIA,NA,IND,NA,Home,NA,NA,NA,2026111504,NA,NA,202611150clt,NA,401873059,NA,7,7,NA,NA,NA,NA,NA,NA,NA,NA,0,NA,fieldturf,NA,NA,NA,NA,NA,NA,Jeff Hafley,Shane Steichen,NA,IND00,Lucas Oil Stadium
2026_10_CAR_NO,2026,REG,10,2026-11-15,Sunday,13:00:00,CAR,NA,NO,NA,Home,NA,NA,NA,2026111505,NA,NA,202611150nor,NA,401873055,NA,7,7,NA,NA,NA,NA,NA,NA,NA,NA,1,dome,sportturf,NA,NA,NA,NA,NA,NA,Dave Canales,Kellen Moore,NA,NOR00,Caesars Superdome
2026_10_BUF_NYJ,2026,REG,10,2026-11-15,Sunday,13:00:00,BUF,NA,NYJ,NA,Home,NA,NA,NA,2026111506,NA,NA,202611150nyj,NA,401873054,NA,6,7,NA,NA,NA,NA,NA,NA,NA,NA,1,outdoors,fieldturf,NA,NA,NA,NA,NA,NA,Sean McDermott,Aaron Glenn,NA,NYC01,MetLife Stadium
2026_10_JAX_TEN,2026,REG,10,2026-11-15,Sunday,13:00:00,JAX,NA,TEN,NA,Home,NA,NA,NA,2026111507,NA,NA,202611150oti,NA,401873057,NA,10,14,NA,NA,NA,NA,NA,NA,NA,NA,1,outdoors,grass,NA,NA,NA,NA,NA,NA,Liam Coen,Robert Saleh,NA,NAS00,Nissan Stadium
2026_10_LA_ARI,2026,REG,10,2026-11-15,Sunday,16:05:00,LA,NA,ARI,NA,Home,NA,NA,NA,2026111508,NA,NA,202611150crd,NA,401873061,NA,7,7,NA,NA,NA,NA,NA,NA,NA,NA,1,NA,grass,NA,NA,NA,NA,NA,NA,Sean McVay,Jonathan Gannon,NA,PHO00,State Farm Stadium
2026_10_SEA_LV,2026,REG,10,2026-11-15,Sunday,16:05:00,SEA,NA,LV,NA,Home,NA,NA,NA,2026111509,NA,NA,202611150rai,NA,401873062,NA,7,7,NA,NA,NA,NA,NA,NA,NA,NA,0,dome,grass,NA,NA,NA,NA,NA,NA,Mike Macdonald,Klint Kubliak,NA,VEG00,Allegiant Stadium
2026_10_SF_DAL,2026,REG,10,2026-11-15,Sunday,16:25:00,SF,NA,DAL,NA,Home,NA,NA,NA,2026111510,NA,NA,202611150dal,NA,401873063,NA,7,7,NA,NA,NA,NA,NA,NA,NA,NA,0,NA,matrixturf,NA,NA,NA,NA,NA,NA,Kyle Shanahan,Brian Schottenheimer,NA,DAL00,AT&T Stadium
2026_10_PIT_CIN,2026,REG,10,2026-11-15,Sunday,20:20:00,PIT,NA,CIN,NA,Home,NA,NA,NA,2026111511,NA,NA,202611150cin,NA,401873064,NA,14,7,NA,NA,NA,NA,NA,NA,NA,NA,1,outdoors,fieldturf,NA,NA,NA,NA,NA,NA,Mike McCarthy,Zac Taylor,NA,CIN00,Paycor Stadium
2026_10_LAC_BAL,2026,REG,10,2026-11-16,Monday,20:15:00,LAC,NA,BAL,NA,Home,NA,NA,NA,2026111600,NA,NA,202611160rav,NA,401873065,NA,8,11,NA,NA,NA,NA,NA,NA,NA,NA,0,outdoors,grass,NA,NA,NA,NA,NA,NA,Jim Harbaugh,Jesse Minter,NA,BAL00,M&T Bank Stadium
2026_11_IND_HOU,2026,REG,11,2026-11-19,Thursday,20:15:00,IND,NA,HOU,NA,Home,NA,NA,NA,2026111900,NA,NA,202611190htx,NA,401873066,NA,4,4,NA,NA,NA,NA,NA,NA,NA,NA,1,NA,astroturf,NA,NA,NA,NA,NA,NA,Shane Steichen,DeMeco Ryans,NA,HOU00,Reliant Stadium
2026_11_MIA_BUF,2026,REG,11,2026-11-22,Sunday,13:00:00,MIA,NA,BUF,NA,Home,NA,NA,NA,2026112200,NA,NA,202611220buf,NA,401873070,NA,7,7,NA,NA,NA,NA,NA,NA,NA,NA,1,outdoors,a_turf,NA,NA,NA,NA,NA,NA,Jeff Hafley,Sean McDermott,NA,BUF00,Highmark Stadium
2026_11_BAL_CAR,2026,REG,11,2026-11-22,Sunday,13:00:00,BAL,NA,CAR,NA,Home,NA,NA,NA,2026112201,NA,NA,202611220car,NA,401873068,NA,6,7,NA,NA,NA,NA,NA,NA,NA,NA,0,outdoors,grass,NA,NA,NA,NA,NA,NA,Jesse Minter,Dave Canales,NA,CAR00,Bank of America Stadium
2026_11_NO_CHI,2026,REG,11,2026-11-22,Sunday,13:00:00,NO,NA,CHI,NA,Home,NA,NA,NA,2026112202,NA,NA,202611220chi,NA,401873071,NA,7,14,NA,NA,NA,NA,NA,NA,NA,NA,0,outdoors,grass,NA,NA,NA,NA,NA,NA,Kellen Moore,Ben Johnson,NA,CHI98,Soldier Field
2026_11_TEN_DAL,2026,REG,11,2026-11-22,Sunday,13:00:00,TEN,NA,DAL,NA,Home,NA,NA,NA,2026112203,NA,NA,202611220dal,NA,401873073,NA,7,7,NA,NA,NA,NA,NA,NA,NA,NA,0,NA,matrixturf,NA,NA,NA,NA,NA,NA,Robert Saleh,Brian Schottenheimer,NA,DAL00,AT&T Stadium
2026_11_TB_DET,2026,REG,11,2026-11-22,Sunday,13:00:00,TB,NA,DET,NA,Home,NA,NA,NA,2026112204,NA,NA,202611220det,NA,401873072,NA,14,7,NA,NA,NA,NA,NA,NA,NA,NA,0,dome,fieldturf,NA,NA,NA,NA,NA,NA,Todd Bowles,Dan Campbell,NA,DET00,Ford Field
2026_11_ARI_KC,2026,REG,11,2026-11-22,Sunday,13:00:00,ARI,NA,KC,NA,Home,NA,NA,NA,2026112205,NA,NA,202611220kan,NA,401873067,NA,7,7,NA,NA,NA,NA,NA,NA,NA,NA,0,outdoors,grass,NA,NA,NA,NA,NA,NA,Jonathan Gannon,Andy Reid,NA,KAN00,GEHA Field at Arrowhead Stadium
2026_11_JAX_NYG,2026,REG,11,2026-11-22,Sunday,13:00:00,JAX,NA,NYG,NA,Home,NA,NA,NA,2026112206,NA,NA,202611220nyg,NA,401873069,NA,7,10,NA,NA,NA,NA,NA,NA,NA,NA,0,outdoors,fieldturf,NA,NA,NA,NA,NA,NA,Liam Coen,John Harbaugh,NA,NYC01,MetLife Stadium
2026_11_NYJ_LAC,2026,REG,11,2026-11-22,Sunday,16:05:00,NYJ,NA,LAC,NA,Home,NA,NA,NA,2026112207,NA,NA,202611220sdg,NA,401873074,NA,7,6,NA,NA,NA,NA,NA,NA,NA,NA,0,dome,matrixturf,NA,NA,NA,NA,NA,NA,Aaron Glenn,Jim Harbaugh,NA,LAX01,SoFi Stadium
2026_11_LV_DEN,2026,REG,11,2026-11-22,Sunday,16:25:00,LV,NA,DEN,NA,Home,NA,NA,NA,2026112208,NA,NA,202611220den,NA,401873075,NA,7,14,NA,NA,NA,NA,NA,NA,NA,NA,1,outdoors,grass,NA,NA,NA,NA,NA,NA,Klint Kubliak,Sean Payton,NA,DEN00,Empower Field at Mile High
2026_11_PIT_PHI,2026,REG,11,2026-11-22,Sunday,16:25:00,PIT,NA,PHI,NA,Home,NA,NA,NA,2026112209,NA,NA,202611220phi,NA,401873076,NA,7,14,NA,NA,NA,NA,NA,NA,NA,NA,0,outdoors,grass,NA,NA,NA,NA,NA,NA,Mike McCarthy,Nick Sirianni,NA,PHI00,Lincoln Financial Field
2026_11_MIN_SF,2026,REG,11,2026-11-22,Sunday,20:20:00,MIN,NA,SF,NA,Neutral,NA,NA,NA,2026112210,NA,NA,202611220sfo,NA,401873077,NA,7,7,176,-210,4.5,-115,-105,47.5,-115,-105,0,outdoors,grass,NA,NA,NA,NA,NA,NA,Kevin O'Connell,Kyle Shanahan,NA,MEX00,Estadio Banorte
2026_11_CIN_WAS,2026,REG,11,2026-11-23,Monday,20:15:00,CIN,NA,WAS,NA,Home,NA,NA,NA,2026112300,NA,NA,202611230was,NA,401873078,NA,8,11,NA,NA,NA,NA,NA,NA,NA,NA,0,outdoors,grass,NA,NA,NA,NA,NA,NA,Zac Taylor,Dan Quinn,NA,WAS00,Northwest Stadium
2026_12_GB_LA,2026,REG,12,2026-11-25,Wednesday,20:00:00,GB,NA,LA,NA,Home,NA,NA,NA,2026112500,NA,NA,202611250ram,NA,401873079,NA,10,10,198,-240,5.5,-115,-105,48.5,-115,-105,0,dome,matrixturf,NA,NA,NA,NA,NA,NA,Matt LaFleur,Sean McVay,NA,LAX01,SoFi Stadium
2026_12_CHI_DET,2026,REG,12,2026-11-26,Thursday,13:00:00,CHI,NA,DET,NA,Home,NA,NA,NA,2026112600,NA,NA,202611260det,NA,401873081,NA,4,4,110,-130,2.5,-110,-110,53.5,-105,-115,1,dome,fieldturf,NA,NA,NA,NA,NA,NA,Ben Johnson,Dan Campbell,NA,DET00,Ford Field
2026_12_PHI_DAL,2026,REG,12,2026-11-26,Thursday,16:30:00,PHI,NA,DAL,NA,Home,NA,NA,NA,2026112601,NA,NA,202611260dal,NA,401873080,NA,4,4,108,-126,1.5,-110,-110,49.5,-105,-115,1,NA,matrixturf,NA,NA,NA,NA,NA,NA,Nick Sirianni,Brian Schottenheimer,NA,DAL00,AT&T Stadium
2026_12_KC_BUF,2026,REG,12,2026-11-26,Thursday,20:20:00,KC,NA,BUF,NA,Home,NA,NA,NA,2026112602,NA,NA,202611260buf,NA,401873082,NA,4,4,130,-154,2.5,-104,-118,50.5,-118,-104,0,outdoors,a_turf,NA,NA,NA,NA,NA,NA,Andy Reid,Sean McDermott,NA,BUF00,Highmark Stadium
2026_12_DEN_PIT,2026,REG,12,2026-11-27,Friday,15:00:00,DEN,NA,PIT,NA,Home,NA,NA,NA,2026112700,NA,NA,202611270pit,NA,401873083,NA,5,5,-132,112,-1.5,-118,-104,39.5,-110,-110,0,outdoors,grass,NA,NA,NA,NA,NA,NA,Sean Payton,Mike McCarthy,NA,PIT00,Acrisure Stadium
2026_12_NO_CIN,2026,REG,12,2026-11-29,Sunday,13:00:00,NO,NA,CIN,NA,Home,NA,NA,NA,2026112900,NA,NA,202611290cin,NA,401873087,NA,7,6,NA,NA,NA,NA,NA,NA,NA,NA,0,outdoors,fieldturf,NA,NA,NA,NA,NA,NA,Kellen Moore,Zac Taylor,NA,CIN00,Paycor Stadium
2026_12_LV_CLE,2026,REG,12,2026-11-29,Sunday,13:00:00,LV,NA,CLE,NA,Home,NA,NA,NA,2026112901,NA,NA,202611290cle,NA,401873086,NA,7,14,NA,NA,NA,NA,NA,NA,NA,NA,0,outdoors,grass,NA,NA,NA,NA,NA,NA,Klint Kubliak,Todd Monken,NA,CLE00,Huntington Bank Field
2026_12_BAL_HOU,2026,REG,12,2026-11-29,Sunday,13:00:00,BAL,NA,HOU,NA,Home,NA,NA,NA,2026112902,NA,NA,202611290htx,NA,401873085,NA,7,10,NA,NA,NA,NA,NA,NA,NA,NA,0,NA,astroturf,NA,NA,NA,NA,NA,NA,Jesse Minter,DeMeco Ryans,NA,HOU00,Reliant Stadium
2026_12_NYG_IND,2026,REG,12,2026-11-29,Sunday,13:00:00,NYG,NA,IND,NA,Home,NA,NA,NA,2026112903,NA,NA,202611290clt,NA,401873088,NA,7,10,NA,NA,NA,NA,NA,NA,NA,NA,0,NA,fieldturf,NA,NA,NA,NA,NA,NA,John Harbaugh,Shane Steichen,NA,IND00,Lucas Oil Stadium
2026_12_NYJ_MIA,2026,REG,12,2026-11-29,Sunday,13:00:00,NYJ,NA,MIA,NA,Home,NA,NA,NA,2026112904,NA,NA,202611290mia,NA,401873089,NA,7,7,NA,NA,NA,NA,NA,NA,NA,NA,1,outdoors,grass,NA,NA,NA,NA,NA,NA,Aaron Glenn,Jeff Hafley,NA,MIA00,Hard Rock Stadium
2026_12_ATL_MIN,2026,REG,12,2026-11-29,Sunday,13:00:00,ATL,NA,MIN,NA,Home,NA,NA,NA,2026112905,NA,NA,202611290min,NA,401873084,NA,14,7,NA,NA,NA,NA,NA,NA,NA,NA,0,dome,sportturf,NA,NA,NA,NA,NA,NA,Raheem Morris,Kevin O'Connell,NA,MIN01,U.S. Bank Stadium
2026_12_TEN_JAX,2026,REG,12,2026-11-29,Sunday,16:05:00,TEN,NA,JAX,NA,Home,NA,NA,NA,2026112906,NA,NA,202611290jax,NA,401873090,NA,7,7,NA,NA,NA,NA,NA,NA,NA,NA,1,outdoors,grass,NA,NA,NA,NA,NA,NA,Robert Saleh,Liam Coen,NA,JAX00,EverBank Stadium
2026_12_WAS_ARI,2026,REG,12,2026-11-29,Sunday,16:25:00,WAS,NA,ARI,NA,Home,NA,NA,NA,2026112907,NA,NA,202611290crd,NA,401873092,NA,6,7,NA,NA,NA,NA,NA,NA,NA,NA,0,NA,grass,NA,NA,NA,NA,NA,NA,Dan Quinn,Jonathan Gannon,NA,PHO00,State Farm Stadium
2026_12_SEA_SF,2026,REG,12,2026-11-29,Sunday,16:25:00,SEA,NA,SF,NA,Home,NA,NA,NA,2026112908,NA,NA,202611290sfo,NA,401873091,NA,14,7,NA,NA,NA,NA,NA,NA,NA,NA,1,outdoors,grass,NA,NA,NA,NA,NA,NA,Mike Macdonald,Kyle Shanahan,NA,SFO01,Levi's Stadium
2026_12_NE_LAC,2026,REG,12,2026-11-29,Sunday,20:20:00,NE,NA,LAC,NA,Home,NA,NA,NA,2026112909,NA,NA,202611290sdg,NA,401873093,NA,14,7,NA,NA,NA,NA,NA,NA,NA,NA,0,dome,matrixturf,NA,NA,NA,NA,NA,NA,Mike Vrabel,Jim Harbaugh,NA,LAX01,SoFi Stadium
2026_12_CAR_TB,2026,REG,12,2026-11-30,Monday,20:15:00,CAR,NA,TB,NA,Home,NA,NA,NA,2026113000,NA,NA,202611300tam,NA,401873094,NA,8,8,NA,NA,NA,NA,NA,NA,NA,NA,1,outdoors,grass,NA,NA,NA,NA,NA,NA,Dave Canales,Todd Bowles,NA,TAM00,Raymond James Stadium
2026_13_KC_LA,2026,REG,13,2026-12-03,Thursday,20:15:00,KC,NA,LA,NA,Home,NA,NA,NA,2026120300,NA,NA,202612030ram,NA,401873096,NA,7,8,NA,NA,NA,NA,NA,NA,NA,NA,0,dome,matrixturf,NA,NA,NA,NA,NA,NA,Andy Reid,Sean McVay,NA,LAX01,SoFi Stadium
2026_13_DET_ATL,2026,REG,13,2026-12-06,Sunday,13:00:00,DET,NA,ATL,NA,Home,NA,NA,NA,2026120600,NA,NA,202612060atl,NA,401873098,NA,10,7,NA,NA,NA,NA,NA,NA,NA,NA,0,NA,fieldturf,NA,NA,NA,NA,NA,NA,Dan Campbell,Raheem Morris,NA,ATL97,Mercedes-Benz Stadium
2026_13_JAX_CHI,2026,REG,13,2026-12-06,Sunday,13:00:00,JAX,NA,CHI,NA,Home,NA,NA,NA,2026120601,NA,NA,202612060chi,NA,401873100,NA,7,10,NA,NA,NA,NA,NA,NA,NA,NA,0,outdoors,grass,NA,NA,NA,NA,NA,NA,Liam Coen,Ben Johnson,NA,CHI98,Soldier Field
2026_13_CIN_CLE,2026,REG,13,2026-12-06,Sunday,13:00:00,CIN,NA,CLE,NA,Home,NA,NA,NA,2026120602,NA,NA,202612060cle,NA,401873097,NA,7,7,NA,NA,NA,NA,NA,NA,NA,NA,1,outdoors,grass,NA,NA,NA,NA,NA,NA,Zac Taylor,Todd Monken,NA,CLE00,Huntington Bank Field
2026_13_GB_NO,2026,REG,13,2026-12-06,Sunday,13:00:00,GB,NA,NO,NA,Home,NA,NA,NA,2026120603,NA,NA,202612060nor,NA,401873099,NA,11,7,NA,NA,NA,NA,NA,NA,NA,NA,0,dome,sportturf,NA,NA,NA,NA,NA,NA,Matt LaFleur,Kellen Moore,NA,NOR00,Caesars Superdome
2026_13_SF_NYG,2026,REG,13,2026-12-06,Sunday,13:00:00,SF,NA,NYG,NA,Home,NA,NA,NA,2026120604,NA,NA,202612060nyg,NA,401873095,NA,7,7,NA,NA,NA,NA,NA,NA,NA,NA,0,outdoors,fieldturf,NA,NA,NA,NA,NA,NA,Kyle Shanahan,John Harbaugh,NA,NYC01,MetLife Stadium
2026_13_LAC_TB,2026,REG,13,2026-12-06,Sunday,13:00:00,LAC,NA,TB,NA,Home,NA,NA,NA,2026120605,NA,NA,202612060tam,NA,401873101,NA,7,6,NA,NA,NA,NA,NA,NA,NA,NA,0,outdoors,grass,NA,NA,NA,NA,NA,NA,Jim Harbaugh,Todd Bowles,NA,TAM00,Raymond James Stadium
2026_13_WAS_TEN,2026,REG,13,2026-12-06,Sunday,13:00:00,WAS,NA,TEN,NA,Home,NA,NA,NA,2026120606,NA,NA,202612060oti,NA,401873102,NA,7,7,NA,NA,NA,NA,NA,NA,NA,NA,0,outdoors,grass,NA,NA,NA,NA,NA,NA,Dan Quinn,Robert Saleh,NA,NAS00,Nissan Stadium
2026_13_PHI_ARI,2026,REG,13,2026-12-06,Sunday,16:05:00,PHI,NA,ARI,NA,Home,NA,NA,NA,2026120607,NA,NA,202612060crd,NA,401873104,NA,10,7,NA,NA,NA,NA,NA,NA,NA,NA,0,NA,grass,NA,NA,NA,NA,NA,NA,Nick Sirianni,Jonathan Gannon,NA,PHO00,State Farm Stadium
2026_13_MIA_DEN,2026,REG,13,2026-12-06,Sunday,16:05:00,MIA,NA,DEN,NA,Home,NA,NA,NA,2026120608,NA,NA,202612060den,NA,401873103,NA,7,9,NA,NA,NA,NA,NA,NA,NA,NA,0,outdoors,grass,NA,NA,NA,NA,NA,NA,Jeff Hafley,Sean Payton,NA,DEN00,Empower Field at Mile High
2026_13_CAR_MIN,2026,REG,13,2026-12-06,Sunday,16:25:00,CAR,NA,MIN,NA,Home,NA,NA,NA,2026120609,NA,NA,202612060min,NA,401873106,NA,6,7,NA,NA,NA,NA,NA,NA,NA,NA,0,dome,sportturf,NA,NA,NA,NA,NA,NA,Dave Canales,Kevin O'Connell,NA,MIN01,U.S. Bank Stadium
2026_13_BUF_NE,2026,REG,13,2026-12-06,Sunday,16:25:00,BUF,NA,NE,NA,Home,NA,NA,NA,2026120610,NA,NA,202612060nwe,NA,401873105,NA,10,7,NA,NA,NA,NA,NA,NA,NA,NA,1,outdoors,fieldturf,NA,NA,NA,NA,NA,NA,Sean McDermott,Mike Vrabel,NA,BOS00,Gillette Stadium
2026_13_HOU_PIT,2026,REG,13,2026-12-06,Sunday,20:20:00,HOU,NA,PIT,NA,Home,NA,NA,NA,2026120611,NA,NA,202612060pit,NA,401873107,NA,7,9,NA,NA,NA,NA,NA,NA,NA,NA,0,outdoors,grass,NA,NA,NA,NA,NA,NA,DeMeco Ryans,Mike McCarthy,NA,PIT00,Acrisure Stadium
2026_13_DAL_SEA,2026,REG,13,2026-12-07,Monday,20:15:00,DAL,NA,SEA,NA,Home,NA,NA,NA,2026120700,NA,NA,202612070sea,NA,401873108,NA,11,8,NA,NA,NA,NA,NA,NA,NA,NA,0,outdoors,fieldturf,NA,NA,NA,NA,NA,NA,Brian Schottenheimer,Mike Macdonald,NA,SEA00,Lumen Field
2026_14_MIN_NE,2026,REG,14,2026-12-10,Thursday,20:15:00,MIN,NA,NE,NA,Home,NA,NA,NA,2026121000,NA,NA,202612100nwe,NA,401873109,NA,4,4,NA,NA,NA,NA,NA,NA,NA,NA,0,outdoors,fieldturf,NA,NA,NA,NA,NA,NA,Kevin O'Connell,Mike Vrabel,NA,BOS00,Gillette Stadium
2026_14_TB_BAL,2026,REG,14,2026-12-13,Sunday,13:00:00,TB,NA,BAL,NA,Home,NA,NA,NA,2026121300,NA,NA,202612130rav,NA,401873116,NA,7,14,NA,NA,NA,NA,NA,NA,NA,NA,0,outdoors,grass,NA,NA,NA,NA,NA,NA,Todd Bowles,Jesse Minter,NA,BAL00,M&T Bank Stadium
2026_14_NO_CAR,2026,REG,14,2026-12-13,Sunday,13:00:00,NO,NA,CAR,NA,Home,NA,NA,NA,2026121301,NA,NA,202612130car,NA,401873115,NA,7,7,NA,NA,NA,NA,NA,NA,NA,NA,1,outdoors,grass,NA,NA,NA,NA,NA,NA,Kellen Moore,Dave Canales,NA,CAR00,Bank of America Stadium
2026_14_ATL_CLE,2026,REG,14,2026-12-13,Sunday,13:00:00,ATL,NA,CLE,NA,Home,NA,NA,NA,2026121302,NA,NA,202612130cle,NA,401873110,NA,7,7,NA,NA,NA,NA,NA,NA,NA,NA,0,outdoors,grass,NA,NA,NA,NA,NA,NA,Raheem Morris,Todd Monken,NA,CLE00,Huntington Bank Field
2026_14_TEN_DET,2026,REG,14,2026-12-13,Sunday,13:00:00,TEN,NA,DET,NA,Home,NA,NA,NA,2026121303,NA,NA,202612130det,NA,401873117,NA,7,7,NA,NA,NA,NA,NA,NA,NA,NA,0,dome,fieldturf,NA,NA,NA,NA,NA,NA,Robert Saleh,Dan Campbell,NA,DET00,Ford Field
2026_14_CHI_MIA,2026,REG,14,2026-12-13,Sunday,13:00:00,CHI,NA,MIA,NA,Home,NA,NA,NA,2026121304,NA,NA,202612130mia,NA,401873111,NA,7,7,NA,NA,NA,NA,NA,NA,NA,NA,0,outdoors,grass,NA,NA,NA,NA,NA,NA,Ben Johnson,Jeff Hafley,NA,MIA00,Hard Rock Stadium
2026_14_DEN_NYJ,2026,REG,14,2026-12-13,Sunday,13:00:00,DEN,NA,NYJ,NA,Home,NA,NA,NA,2026121305,NA,NA,202612130nyj,NA,401873112,NA,7,14,NA,NA,NA,NA,NA,NA,NA,NA,0,outdoors,fieldturf,NA,NA,NA,NA,NA,NA,Sean Payton,Aaron Glenn,NA,NYC01,MetLife Stadium
2026_14_IND_PHI,2026,REG,14,2026-12-13,Sunday,13:00:00,IND,NA,PHI,NA,Home,NA,NA,NA,2026121306,NA,NA,202612130phi,NA,401873114,NA,14,7,NA,NA,NA,NA,NA,NA,NA,NA,0,outdoors,grass,NA,NA,NA,NA,NA,NA,Shane Steichen,Nick Sirianni,NA,PHI00,Lincoln Financial Field
2026_14_HOU_WAS,2026,REG,14,2026-12-13,Sunday,13:00:00,HOU,NA,WAS,NA,Home,NA,NA,NA,2026121307,NA,NA,202612130was,NA,401873113,NA,7,7,NA,NA,NA,NA,NA,NA,NA,NA,0,outdoors,grass,NA,NA,NA,NA,NA,NA,DeMeco Ryans,Dan Quinn,NA,WAS00,Northwest Stadium
2026_14_LAC_LV,2026,REG,14,2026-12-13,Sunday,16:05:00,LAC,NA,LV,NA,Home,NA,NA,NA,2026121308,NA,NA,202612130rai,NA,401873118,NA,7,14,NA,NA,NA,NA,NA,NA,NA,NA,1,dome,grass,NA,NA,NA,NA,NA,NA,Jim Harbaugh,Klint Kubliak,NA,VEG00,Allegiant Stadium
2026_14_KC_CIN,2026,REG,14,2026-12-13,Sunday,16:25:00,KC,NA,CIN,NA,Home,NA,NA,NA,2026121309,NA,NA,202612130cin,NA,401873119,NA,10,7,NA,NA,NA,NA,NA,NA,NA,NA,0,outdoors,fieldturf,NA,NA,NA,NA,NA,NA,Andy Reid,Zac Taylor,NA,CIN00,Paycor Stadium
2026_14_NYG_SEA,2026,REG,14,2026-12-13,Sunday,16:25:00,NYG,NA,SEA,NA,Home,NA,NA,NA,2026121310,NA,NA,202612130sea,NA,401873121,NA,7,6,NA,NA,NA,NA,NA,NA,NA,NA,0,outdoors,fieldturf,NA,NA,NA,NA,NA,NA,John Harbaugh,Mike Macdonald,NA,SEA00,Lumen Field
2026_14_LA_SF,2026,REG,14,2026-12-13,Sunday,16:25:00,LA,NA,SF,NA,Home,NA,NA,NA,2026121311,NA,NA,202612130sfo,NA,401873120,NA,10,7,NA,NA,NA,NA,NA,NA,NA,NA,1,outdoors,grass,NA,NA,NA,NA,NA,NA,Sean McVay,Kyle Shanahan,NA,SFO01,Levi's Stadium
2026_14_BUF_GB,2026,REG,14,2026-12-13,Sunday,20:20:00,BUF,NA,GB,NA,Home,NA,NA,NA,2026121312,NA,NA,202612130gnb,NA,401873122,NA,7,7,NA,NA,NA,NA,NA,NA,NA,NA,0,outdoors,grass,NA,NA,NA,NA,NA,NA,Sean McDermott,Matt LaFleur,NA,GNB00,Lambeau Field
2026_14_PIT_JAX,2026,REG,14,2026-12-14,Monday,20:15:00,PIT,NA,JAX,NA,Home,NA,NA,NA,2026121400,NA,NA,202612140jax,NA,401873123,NA,8,8,NA,NA,NA,NA,NA,NA,NA,NA,0,outdoors,grass,NA,NA,NA,NA,NA,NA,Mike McCarthy,Liam Coen,NA,JAX00,EverBank Stadium
2026_15_SF_LAC,2026,REG,15,2026-12-17,Thursday,20:15:00,SF,NA,LAC,NA,Home,NA,NA,NA,2026121700,NA,NA,202612170sdg,NA,401873124,NA,4,4,NA,NA,NA,NA,NA,NA,NA,NA,0,dome,matrixturf,NA,NA,NA,NA,NA,NA,Kyle Shanahan,Jim Harbaugh,NA,LAX01,SoFi Stadium
2026_15_SEA_PHI,2026,REG,15,2026-12-19,Saturday,17:00:00,SEA,NA,PHI,NA,Home,NA,NA,NA,2026121900,NA,NA,202612190phi,NA,401873125,NA,6,6,NA,NA,NA,NA,NA,NA,NA,NA,0,outdoors,grass,NA,NA,NA,NA,NA,NA,Mike Macdonald,Nick Sirianni,NA,PHI00,Lincoln Financial Field
2026_15_CHI_BUF,2026,REG,15,2026-12-19,Saturday,20:20:00,CHI,NA,BUF,NA,Home,NA,NA,NA,2026121901,NA,NA,202612190buf,NA,401873126,NA,6,6,NA,NA,NA,NA,NA,NA,NA,NA,0,outdoors,a_turf,NA,NA,NA,NA,NA,NA,Ben Johnson,Sean McDermott,NA,BUF00,Highmark Stadium
2026_15_CIN_CAR,2026,REG,15,2026-12-20,Sunday,13:00:00,CIN,NA,CAR,NA,Home,NA,NA,NA,2026122000,NA,NA,202612200car,NA,401873129,NA,7,7,NA,NA,NA,NA,NA,NA,NA,NA,0,outdoors,grass,NA,NA,NA,NA,NA,NA,Zac Taylor,Dave Canales,NA,CAR00,Bank of America Stadium
2026_15_MIA_GB,2026,REG,15,2026-12-20,Sunday,13:00:00,MIA,NA,GB,NA,Home,NA,NA,NA,2026122001,NA,NA,202612200gnb,NA,401873133,NA,7,7,NA,NA,NA,NA,NA,NA,NA,NA,0,outdoors,grass,NA,NA,NA,NA,NA,NA,Jeff Hafley,Matt LaFleur,NA,GNB00,Lambeau Field
2026_15_JAX_HOU,2026,REG,15,2026-12-20,Sunday,13:00:00,JAX,NA,HOU,NA,Home,NA,NA,NA,2026122002,NA,NA,202612200htx,NA,401873132,NA,6,7,NA,NA,NA,NA,NA,NA,NA,NA,1,NA,astroturf,NA,NA,NA,NA,NA,NA,Liam Coen,DeMeco Ryans,NA,HOU00,Reliant Stadium
2026_15_CLE_NYG,2026,REG,15,2026-12-20,Sunday,13:00:00,CLE,NA,NYG,NA,Home,NA,NA,NA,2026122003,NA,NA,202612200nyg,NA,401873130,NA,7,7,NA,NA,NA,NA,NA,NA,NA,NA,0,outdoors,fieldturf,NA,NA,NA,NA,NA,NA,Todd Monken,John Harbaugh,NA,NYC01,MetLife Stadium
2026_15_BAL_PIT,2026,REG,15,2026-12-20,Sunday,13:00:00,BAL,NA,PIT,NA,Home,NA,NA,NA,2026122004,NA,NA,202612200pit,NA,401873128,NA,7,6,NA,NA,NA,NA,NA,NA,NA,NA,1,outdoors,grass,NA,NA,NA,NA,NA,NA,Jesse Minter,Mike McCarthy,NA,PIT00,Acrisure Stadium
2026_15_NO_TB,2026,REG,15,2026-12-20,Sunday,13:00:00,NO,NA,TB,NA,Home,NA,NA,NA,2026122005,NA,NA,202612200tam,NA,401873134,NA,7,7,NA,NA,NA,NA,NA,NA,NA,NA,1,outdoors,grass,NA,NA,NA,NA,NA,NA,Kellen Moore,Todd Bowles,NA,TAM00,Raymond James Stadium
2026_15_IND_TEN,2026,REG,15,2026-12-20,Sunday,13:00:00,IND,NA,TEN,NA,Home,NA,NA,NA,2026122006,NA,NA,202612200oti,NA,401873131,NA,7,7,NA,NA,NA,NA,NA,NA,NA,NA,1,outdoors,grass,NA,NA,NA,NA,NA,NA,Shane Steichen,Robert Saleh,NA,NAS00,Nissan Stadium
2026_15_ATL_WAS,2026,REG,15,2026-12-20,Sunday,13:00:00,ATL,NA,WAS,NA,Home,NA,NA,NA,2026122007,NA,NA,202612200was,NA,401873127,NA,7,7,NA,NA,NA,NA,NA,NA,NA,NA,0,outdoors,grass,NA,NA,NA,NA,NA,NA,Raheem Morris,Dan Quinn,NA,WAS00,Northwest Stadium
2026_15_NYJ_ARI,2026,REG,15,2026-12-20,Sunday,16:05:00,NYJ,NA,ARI,NA,Home,NA,NA,NA,2026122008,NA,NA,202612200crd,NA,401873135,NA,7,14,NA,NA,NA,NA,NA,NA,NA,NA,0,NA,grass,NA,NA,NA,NA,NA,NA,Aaron Glenn,Jonathan Gannon,NA,PHO00,State Farm Stadium
2026_15_DAL_LA,2026,REG,15,2026-12-20,Sunday,16:25:00,DAL,NA,LA,NA,Home,NA,NA,NA,2026122009,NA,NA,202612200ram,NA,401873136,NA,13,7,NA,NA,NA,NA,NA,NA,NA,NA,0,dome,matrixturf,NA,NA,NA,NA,NA,NA,Brian Schottenheimer,Sean McVay,NA,LAX01,SoFi Stadium
2026_15_DEN_LV,2026,REG,15,2026-12-20,Sunday,16:25:00,DEN,NA,LV,NA,Home,NA,NA,NA,2026122010,NA,NA,202612200rai,NA,401873137,NA,7,7,NA,NA,NA,NA,NA,NA,NA,NA,1,dome,grass,NA,NA,NA,NA,NA,NA,Sean Payton,Klint Kubliak,NA,VEG00,Allegiant Stadium
2026_15_DET_MIN,2026,REG,15,2026-12-20,Sunday,20:20:00,DET,NA,MIN,NA,Home,NA,NA,NA,2026122011,NA,NA,202612200min,NA,401873138,NA,7,10,NA,NA,NA,NA,NA,NA,NA,NA,1,dome,sportturf,NA,NA,NA,NA,NA,NA,Dan Campbell,Kevin O'Connell,NA,MIN01,U.S. Bank Stadium
2026_15_NE_KC,2026,REG,15,2026-12-21,Monday,20:15:00,NE,NA,KC,NA,Home,NA,NA,NA,2026122100,NA,NA,202612210kan,NA,401873139,NA,11,8,NA,NA,NA,NA,NA,NA,NA,NA,0,outdoors,grass,NA,NA,NA,NA,NA,NA,Mike Vrabel,Andy Reid,NA,KAN00,GEHA Field at Arrowhead Stadium
2026_16_HOU_PHI,2026,REG,16,2026-12-24,Thursday,20:15:00,HOU,NA,PHI,NA,Home,NA,NA,NA,2026122400,NA,NA,202612240phi,NA,401873140,NA,4,5,112,-132,2.5,-115,-105,38.5,-118,-104,0,outdoors,grass,NA,NA,NA,NA,NA,NA,DeMeco Ryans,Nick Sirianni,NA,PHI00,Lincoln Financial Field
2026_16_GB_CHI,2026,REG,16,2026-12-25,Friday,13:00:00,GB,NA,CHI,NA,Home,NA,NA,NA,2026122500,NA,NA,202612250chi,NA,401873141,NA,5,6,100,-118,1.5,-115,-105,47.5,-105,-115,1,outdoors,grass,NA,NA,NA,NA,NA,NA,Matt LaFleur,Ben Johnson,NA,CHI98,Soldier Field
2026_16_BUF_DEN,2026,REG,16,2026-12-25,Friday,16:30:00,BUF,NA,DEN,NA,Home,NA,NA,NA,2026122501,NA,NA,202612250den,NA,401873142,NA,6,5,-132,112,-1.5,-115,-105,46.5,-105,-115,0,outdoors,grass,NA,NA,NA,NA,NA,NA,Sean McDermott,Sean Payton,NA,DEN00,Empower Field at Mile High
2026_16_LA_SEA,2026,REG,16,2026-12-25,Friday,20:15:00,LA,NA,SEA,NA,Home,NA,NA,NA,2026122502,NA,NA,202612250sea,NA,401873143,NA,5,6,-118,100,-1.5,-105,-115,45.5,-110,-110,1,outdoors,fieldturf,NA,NA,NA,NA,NA,NA,Sean McVay,Mike Macdonald,NA,SEA00,Lumen Field
2026_16_TB_ATL,2026,REG,16,2026-12-27,Sunday,13:00:00,TB,NA,ATL,NA,Home,NA,NA,NA,2026122700,NA,NA,202612270atl,NA,401873146,NA,7,7,NA,NA,NA,NA,NA,NA,NA,NA,1,NA,fieldturf,NA,NA,NA,NA,NA,NA,Todd Bowles,Raheem Morris,NA,ATL97,Mercedes-Benz Stadium
2026_16_CLE_BAL,2026,REG,16,2026-12-27,Sunday,13:00:00,CLE,NA,BAL,NA,Home,NA,NA,NA,2026122700,NA,NA,202612270rav,NA,401873149,NA,7,7,NA,NA,NA,NA,NA,NA,NA,NA,1,outdoors,grass,NA,NA,NA,NA,NA,NA,Todd Monken,Jesse Minter,NA,BAL00,M&T Bank Stadium
2026_16_CIN_IND,2026,REG,16,2026-12-27,Sunday,13:00:00,CIN,NA,IND,NA,Home,NA,NA,NA,2026122701,NA,NA,202612270clt,NA,401873145,NA,7,7,NA,NA,NA,NA,NA,NA,NA,NA,0,NA,fieldturf,NA,NA,NA,NA,NA,NA,Zac Taylor,Shane Steichen,NA,IND00,Lucas Oil Stadium
2026_16_LAC_MIA,2026,REG,16,2026-12-27,Sunday,13:00:00,LAC,NA,MIA,NA,Home,NA,NA,NA,2026122701,NA,NA,202612270mia,NA,401873150,NA,10,7,NA,NA,NA,NA,NA,NA,NA,NA,0,outdoors,grass,NA,NA,NA,NA,NA,NA,Jim Harbaugh,Jeff Hafley,NA,MIA00,Hard Rock Stadium
2026_16_WAS_MIN,2026,REG,16,2026-12-27,Sunday,13:00:00,WAS,NA,MIN,NA,Home,NA,NA,NA,2026122702,NA,NA,202612270min,NA,401873147,NA,7,7,NA,NA,NA,NA,NA,NA,NA,NA,0,dome,sportturf,NA,NA,NA,NA,NA,NA,Dan Quinn,Kevin O'Connell,NA,MIN01,U.S. Bank Stadium
2026_16_ARI_NO,2026,REG,16,2026-12-27,Sunday,13:00:00,ARI,NA,NO,NA,Home,NA,NA,NA,2026122702,NA,NA,202612270nor,NA,401873148,NA,7,7,NA,NA,NA,NA,NA,NA,NA,NA,0,dome,sportturf,NA,NA,NA,NA,NA,NA,Jonathan Gannon,Kellen Moore,NA,NOR00,Caesars Superdome
2026_16_NE_NYJ,2026,REG,16,2026-12-27,Sunday,13:00:00,NE,NA,NYJ,NA,Home,NA,NA,NA,2026122703,NA,NA,202612270nyj,NA,401873151,NA,6,7,NA,NA,NA,NA,NA,NA,NA,NA,1,outdoors,fieldturf,NA,NA,NA,NA,NA,NA,Mike Vrabel,Aaron Glenn,NA,NYC01,MetLife Stadium
2026_16_CAR_PIT,2026,REG,16,2026-12-27,Sunday,13:00:00,CAR,NA,PIT,NA,Home,NA,NA,NA,2026122703,NA,NA,202612270pit,NA,401873144,NA,7,7,NA,NA,NA,NA,NA,NA,NA,NA,0,outdoors,grass,NA,NA,NA,NA,NA,NA,Dave Canales,Mike McCarthy,NA,PIT00,Acrisure Stadium
2026_16_TEN_LV,2026,REG,16,2026-12-27,Sunday,16:05:00,TEN,NA,LV,NA,Home,NA,NA,NA,2026122704,NA,NA,202612270rai,NA,401873152,NA,7,7,NA,NA,NA,NA,NA,NA,NA,NA,0,dome,grass,NA,NA,NA,NA,NA,NA,Robert Saleh,Klint Kubliak,NA,VEG00,Allegiant Stadium
2026_16_SF_KC,2026,REG,16,2026-12-27,Sunday,16:25:00,SF,NA,KC,NA,Home,NA,NA,NA,2026122705,NA,NA,202612270kan,NA,401873153,NA,10,6,NA,NA,NA,NA,NA,NA,NA,NA,0,outdoors,grass,NA,NA,NA,NA,NA,NA,Kyle Shanahan,Andy Reid,NA,KAN00,GEHA Field at Arrowhead Stadium
2026_16_JAX_DAL,2026,REG,16,2026-12-27,Sunday,20:20:00,JAX,NA,DAL,NA,Home,NA,NA,NA,2026122706,NA,NA,202612270dal,NA,401873154,NA,7,7,NA,NA,NA,NA,NA,NA,NA,NA,0,NA,matrixturf,NA,NA,NA,NA,NA,NA,Liam Coen,Brian Schottenheimer,NA,DAL00,AT&T Stadium
2026_16_NYG_DET,2026,REG,16,2026-12-28,Monday,20:15:00,NYG,NA,DET,NA,Home,NA,NA,NA,2026122800,NA,NA,202612280det,NA,401873155,NA,8,8,NA,NA,NA,NA,NA,NA,NA,NA,0,dome,fieldturf,NA,NA,NA,NA,NA,NA,John Harbaugh,Dan Campbell,NA,DET00,Ford Field
2026_17_BAL_CIN,2026,REG,17,2026-12-31,Thursday,20:15:00,BAL,NA,CIN,NA,Home,NA,NA,NA,2026123100,NA,NA,202612310cin,NA,401873156,NA,4,4,NA,NA,NA,NA,NA,NA,NA,NA,1,outdoors,fieldturf,NA,NA,NA,NA,NA,NA,Jesse Minter,Zac Taylor,NA,CIN00,Paycor Stadium
2026_17_NO_ATL,2026,REG,17,2027-01-03,Sunday,13:00:00,NO,NA,ATL,NA,Home,NA,NA,NA,2027010300,NA,NA,202701030atl,NA,401873164,NA,7,7,NA,NA,NA,NA,NA,NA,NA,NA,1,NA,fieldturf,NA,NA,NA,NA,NA,NA,Kellen Moore,Raheem Morris,NA,ATL97,Mercedes-Benz Stadium
2026_17_SEA_CAR,2026,REG,17,2027-01-03,Sunday,13:00:00,SEA,NA,CAR,NA,Home,NA,NA,NA,2027010301,NA,NA,202701030car,NA,401873167,NA,9,7,NA,NA,NA,NA,NA,NA,NA,NA,0,outdoors,grass,NA,NA,NA,NA,NA,NA,Mike Macdonald,Dave Canales,NA,CAR00,Bank of America Stadium
2026_17_IND_CLE,2026,REG,17,2027-01-03,Sunday,13:00:00,IND,NA,CLE,NA,Home,NA,NA,NA,2027010302,NA,NA,202701030cle,NA,401873162,NA,7,7,NA,NA,NA,NA,NA,NA,NA,NA,0,outdoors,grass,NA,NA,NA,NA,NA,NA,Shane Steichen,Todd Monken,NA,CLE00,Huntington Bank Field
2026_17_NYG_DAL,2026,REG,17,2027-01-03,Sunday,13:00:00,NYG,NA,DAL,NA,Home,NA,NA,NA,2027010303,NA,NA,202701030dal,NA,401873165,NA,6,7,NA,NA,NA,NA,NA,NA,NA,NA,1,NA,matrixturf,NA,NA,NA,NA,NA,NA,John Harbaugh,Brian Schottenheimer,NA,DAL00,AT&T Stadium
2026_17_WAS_JAX,2026,REG,17,2027-01-03,Sunday,13:00:00,WAS,NA,JAX,NA,Home,NA,NA,NA,2027010300,NA,NA,202701030jax,NA,401873160,NA,7,7,NA,NA,NA,NA,NA,NA,NA,NA,0,outdoors,grass,NA,NA,NA,NA,NA,NA,Dan Quinn,Liam Coen,NA,JAX00,EverBank Stadium
2026_17_KC_LAC,2026,REG,17,2027-01-03,Sunday,13:00:00,KC,NA,LAC,NA,Home,NA,NA,NA,2027010301,NA,NA,202701030sdg,NA,401873158,NA,7,7,NA,NA,NA,NA,NA,NA,NA,NA,1,dome,matrixturf,NA,NA,NA,NA,NA,NA,Andy Reid,Jim Harbaugh,NA,LAX01,SoFi Stadium
2026_17_BUF_MIA,2026,REG,17,2027-01-03,Sunday,13:00:00,BUF,NA,MIA,NA,Home,NA,NA,NA,2027010304,NA,NA,202701030mia,NA,401873161,NA,9,7,NA,NA,NA,NA,NA,NA,NA,NA,1,outdoors,grass,NA,NA,NA,NA,NA,NA,Sean McDermott,Jeff Hafley,NA,MIA00,Hard Rock Stadium
2026_17_DEN_NE,2026,REG,17,2027-01-03,Sunday,13:00:00,DEN,NA,NE,NA,Home,NA,NA,NA,2027010302,NA,NA,202701030nwe,NA,401873157,NA,9,7,NA,NA,NA,NA,NA,NA,NA,NA,0,outdoors,fieldturf,NA,NA,NA,NA,NA,NA,Sean Payton,Mike Vrabel,NA,BOS00,Gillette Stadium
2026_17_MIN_NYJ,2026,REG,17,2027-01-03,Sunday,13:00:00,MIN,NA,NYJ,NA,Home,NA,NA,NA,2027010305,NA,NA,202701030nyj,NA,401873163,NA,7,7,NA,NA,NA,NA,NA,NA,NA,NA,0,outdoors,fieldturf,NA,NA,NA,NA,NA,NA,Kevin O'Connell,Aaron Glenn,NA,NYC01,MetLife Stadium
2026_17_LA_TB,2026,REG,17,2027-01-03,Sunday,13:00:00,LA,NA,TB,NA,Home,NA,NA,NA,2027010303,NA,NA,202701030tam,NA,401873159,NA,9,7,NA,NA,NA,NA,NA,NA,NA,NA,0,outdoors,grass,NA,NA,NA,NA,NA,NA,Sean McVay,Todd Bowles,NA,TAM00,Raymond James Stadium
2026_17_PIT_TEN,2026,REG,17,2027-01-03,Sunday,13:00:00,PIT,NA,TEN,NA,Home,NA,NA,NA,2027010306,NA,NA,202701030oti,NA,401873166,NA,7,7,NA,NA,NA,NA,NA,NA,NA,NA,0,outdoors,grass,NA,NA,NA,NA,NA,NA,Mike McCarthy,Robert Saleh,NA,NAS00,Nissan Stadium
2026_17_LV_ARI,2026,REG,17,2027-01-03,Sunday,16:05:00,LV,NA,ARI,NA,Home,NA,NA,NA,2027010307,NA,NA,202701030crd,NA,401873168,NA,7,7,NA,NA,NA,NA,NA,NA,NA,NA,0,NA,grass,NA,NA,NA,NA,NA,NA,Klint Kubliak,Jonathan Gannon,NA,PHO00,State Farm Stadium
2026_17_DET_CHI,2026,REG,17,2027-01-03,Sunday,16:25:00,DET,NA,CHI,NA,Home,NA,NA,NA,2027010308,NA,NA,202701030chi,NA,401873169,NA,6,9,NA,NA,NA,NA,NA,NA,NA,NA,1,outdoors,grass,NA,NA,NA,NA,NA,NA,Dan Campbell,Ben Johnson,NA,CHI98,Soldier Field
2026_17_PHI_SF,2026,REG,17,2027-01-03,Sunday,20:20:00,PHI,NA,SF,NA,Home,NA,NA,NA,2027010309,NA,NA,202701030sfo,NA,401873170,NA,10,7,NA,NA,NA,NA,NA,NA,NA,NA,0,outdoors,grass,NA,NA,NA,NA,NA,NA,Nick Sirianni,Kyle Shanahan,NA,SFO01,Levi's Stadium
2026_17_HOU_GB,2026,REG,17,2027-01-04,Monday,20:15:00,HOU,NA,GB,NA,Home,NA,NA,NA,2027010400,NA,NA,202701040gnb,NA,401873171,NA,11,10,NA,NA,NA,NA,NA,NA,NA,NA,0,outdoors,grass,NA,NA,NA,NA,NA,NA,DeMeco Ryans,Matt LaFleur,NA,GNB00,Lambeau Field
2026_18_SF_ARI,2026,REG,18,2027-01-10,Sunday,13:00:00,SF,NA,ARI,NA,Home,NA,NA,NA,2027011000,NA,NA,202701100crd,NA,401873184,NA,7,7,NA,NA,NA,NA,NA,NA,NA,NA,1,NA,grass,NA,NA,NA,NA,NA,NA,Kyle Shanahan,Jonathan Gannon,NA,PHO00,State Farm Stadium
2026_18_PIT_BAL,2026,REG,18,2027-01-10,Sunday,13:00:00,PIT,NA,BAL,NA,Home,NA,NA,NA,2027011001,NA,NA,202701100rav,NA,401873183,NA,7,10,NA,NA,NA,NA,NA,NA,NA,NA,1,outdoors,grass,NA,NA,NA,NA,NA,NA,Mike McCarthy,Jesse Minter,NA,BAL00,M&T Bank Stadium
2026_18_NYJ_BUF,2026,REG,18,2027-01-10,Sunday,13:00:00,NYJ,NA,BUF,NA,Home,NA,NA,NA,2027011002,NA,NA,202701100buf,NA,401873181,NA,7,7,NA,NA,NA,NA,NA,NA,NA,NA,1,outdoors,a_turf,NA,NA,NA,NA,NA,NA,Aaron Glenn,Sean McDermott,NA,BUF00,Highmark Stadium
2026_18_ATL_CAR,2026,REG,18,2027-01-10,Sunday,13:00:00,ATL,NA,CAR,NA,Home,NA,NA,NA,2027011003,NA,NA,202701100car,NA,401873172,NA,7,7,NA,NA,NA,NA,NA,NA,NA,NA,1,outdoors,grass,NA,NA,NA,NA,NA,NA,Raheem Morris,Dave Canales,NA,CAR00,Bank of America Stadium
2026_18_CLE_CIN,2026,REG,18,2027-01-10,Sunday,13:00:00,CLE,NA,CIN,NA,Home,NA,NA,NA,2027011004,NA,NA,202701100cin,NA,401873174,NA,7,10,NA,NA,NA,NA,NA,NA,NA,NA,1,outdoors,fieldturf,NA,NA,NA,NA,NA,NA,Todd Monken,Zac Taylor,NA,CIN00,Paycor Stadium
2026_18_LAC_DEN,2026,REG,18,2027-01-10,Sunday,13:00:00,LAC,NA,DEN,NA,Home,NA,NA,NA,2027011005,NA,NA,202701100den,NA,401873179,NA,7,7,NA,NA,NA,NA,NA,NA,NA,NA,1,outdoors,grass,NA,NA,NA,NA,NA,NA,Jim Harbaugh,Sean Payton,NA,DEN00,Empower Field at Mile High
2026_18_DET_GB,2026,REG,18,2027-01-10,Sunday,13:00:00,DET,NA,GB,NA,Home,NA,NA,NA,2027011006,NA,NA,202701100gnb,NA,401873176,NA,7,6,NA,NA,NA,NA,NA,NA,NA,NA,1,outdoors,grass,NA,NA,NA,NA,NA,NA,Dan Campbell,Matt LaFleur,NA,GNB00,Lambeau Field
2026_18_TEN_HOU,2026,REG,18,2027-01-10,Sunday,13:00:00,TEN,NA,HOU,NA,Home,NA,NA,NA,2027011007,NA,NA,202701100htx,NA,401873187,NA,7,6,NA,NA,NA,NA,NA,NA,NA,NA,1,NA,astroturf,NA,NA,NA,NA,NA,NA,Robert Saleh,DeMeco Ryans,NA,HOU00,Reliant Stadium
2026_18_JAX_IND,2026,REG,18,2027-01-10,Sunday,13:00:00,JAX,NA,IND,NA,Home,NA,NA,NA,2027011008,NA,NA,202701100clt,NA,401873177,NA,7,7,NA,NA,NA,NA,NA,NA,NA,NA,1,NA,fieldturf,NA,NA,NA,NA,NA,NA,Liam Coen,Shane Steichen,NA,IND00,Lucas Oil Stadium
2026_18_LV_KC,2026,REG,18,2027-01-10,Sunday,13:00:00,LV,NA,KC,NA,Home,NA,NA,NA,2027011009,NA,NA,202701100kan,NA,401873178,NA,7,7,NA,NA,NA,NA,NA,NA,NA,NA,1,outdoors,grass,NA,NA,NA,NA,NA,NA,Klint Kubliak,Andy Reid,NA,KAN00,GEHA Field at Arrowhead Stadium
2026_18_SEA_LA,2026,REG,18,2027-01-10,Sunday,13:00:00,SEA,NA,LA,NA,Home,NA,NA,NA,2027011010,NA,NA,202701100ram,NA,401873185,NA,7,7,NA,NA,NA,NA,NA,NA,NA,NA,1,dome,matrixturf,NA,NA,NA,NA,NA,NA,Mike Macdonald,Sean McVay,NA,LAX01,SoFi Stadium
2026_18_CHI_MIN,2026,REG,18,2027-01-10,Sunday,13:00:00,CHI,NA,MIN,NA,Home,NA,NA,NA,2027011011,NA,NA,202701100min,NA,401873173,NA,7,7,NA,NA,NA,NA,NA,NA,NA,NA,1,dome,sportturf,NA,NA,NA,NA,NA,NA,Ben Johnson,Kevin O'Connell,NA,MIN01,U.S. Bank Stadium
2026_18_MIA_NE,2026,REG,18,2027-01-10,Sunday,13:00:00,MIA,NA,NE,NA,Home,NA,NA,NA,2027011012,NA,NA,202701100nwe,NA,401873180,NA,7,7,NA,NA,NA,NA,NA,NA,NA,NA,1,outdoors,fieldturf,NA,NA,NA,NA,NA,NA,Jeff Hafley,Mike Vrabel,NA,BOS00,Gillette Stadium
2026_18_TB_NO,2026,REG,18,2027-01-10,Sunday,13:00:00,TB,NA,NO,NA,Home,NA,NA,NA,2027011013,NA,NA,202701100nor,NA,401873186,NA,7,7,NA,NA,NA,NA,NA,NA,NA,NA,1,dome,sportturf,NA,NA,NA,NA,NA,NA,Todd Bowles,Kellen Moore,NA,NOR00,Caesars Superdome
2026_18_PHI_NYG,2026,REG,18,2027-01-10,Sunday,13:00:00,PHI,NA,NYG,NA,Home,NA,NA,NA,2027011014,NA,NA,202701100nyg,NA,401873182,NA,7,7,NA,NA,NA,NA,NA,NA,NA,NA,1,outdoors,fieldturf,NA,NA,NA,NA,NA,NA,Nick Sirianni,John Harbaugh,NA,NYC01,MetLife Stadium
2026_18_DAL_WAS,2026,REG,18,2027-01-10,Sunday,13:00:00,DAL,NA,WAS,NA,Home,NA,NA,NA,2027011015,NA,NA,202701100was,NA,401873175,NA,7,7,NA,NA,NA,NA,NA,NA,NA,NA,1,outdoors,grass,NA,NA,NA,NA,NA,NA,Brian Schottenheimer,Dan Quinn,NA,WAS00,Northwest Stadium
